{
"type": "FeatureCollection",
"name": "portovelho_ro",
"crs": { "type": "name", "properties": { "name": "urn:ogc:def:crs:OGC:1.3:CRS84" } },
"features": [
{ "type": "Feature", "properties": { "CD_MUN": "1100205", "NM_MUN": "Porto Velho", "CD_RGI": "110001", "NM_RGI": "Porto Velho", "CD_RGINT": "1101", "NM_RGINT": "Porto Velho", "CD_UF": "11", "NM_UF": "Rondônia", "SIGLA_UF": "RO", "CD_REGIAO": "1", "NM_REGIAO": "Norte", "SIGLA_RG": "N", "CD_CONCURB": "1100205", "NM_CONCURB": "Porto Velho/RO", "AREA_KM2": 34090.463 }, "geometry": { "type": "MultiPolygon", "coordinates": [ [ [ [ -64.945966499999898, -10.0004109 ], [ -65.000028, -10.0003809 ], [ -65.1667444, -10.0002319 ], [ -65.1667653, -10.0001285 ], [ -65.1675198, -9.996397099999969 ], [ -65.1717973, -9.98673629999996 ], [ -65.173302299999904, -9.98507839999996 ], [ -65.1745865, -9.984518799999931 ], [ -65.179828299999897, -9.982234699999941 ], [ -65.1820163, -9.98029759999997 ], [ -65.1827155, -9.979430899999951 ], [ -65.1849716, -9.97286289999994 ], [ -65.1851836, -9.969514899999981 ], [ -65.188884599999895, -9.96620849999994 ], [ -65.1944103, -9.96215379999995 ], [ -65.1978882, -9.961871499999971 ], [ -65.200714199999894, -9.96076339999996 ], [ -65.203189199999898, -9.96106289999994 ], [ -65.2062665, -9.96220839999995 ], [ -65.2122166999999, -9.96199279999996 ], [ -65.2167396, -9.96580419999998 ], [ -65.223301799999902, -9.967027099999941 ], [ -65.227730699999896, -9.969066199999929 ], [ -65.2299002, -9.96892079999998 ], [ -65.233217599999904, -9.96559069999995 ], [ -65.2357163, -9.96493889999994 ], [ -65.2402958, -9.96540119999997 ], [ -65.244378099999906, -9.964999 ], [ -65.249129799999906, -9.961538 ], [ -65.2502408, -9.961198899999941 ], [ -65.2511885, -9.96090969999995 ], [ -65.254295399999904, -9.961297099999969 ], [ -65.2572426, -9.962868799999971 ], [ -65.2595964, -9.96248809999997 ], [ -65.2636653, -9.96115039999995 ], [ -65.264937899999893, -9.96100879999995 ], [ -65.2698836, -9.961376 ], [ -65.2758535, -9.963378299999929 ], [ -65.279100599999893, -9.962944 ], [ -65.282516799999897, -9.961074599999961 ], [ -65.283880199999899, -9.95927069999993 ], [ -65.2837181, -9.956396 ], [ -65.2838849, -9.955602099999959 ], [ -65.2844302, -9.95472729999994 ], [ -65.285333599999902, -9.954257 ], [ -65.286253799999898, -9.95418829999994 ], [ -65.289295099999904, -9.95471339999995 ], [ -65.2918807, -9.954203299999961 ], [ -65.2947698, -9.951484099999959 ], [ -65.300049999999899, -9.94927519999993 ], [ -65.3036827, -9.946397299999941 ], [ -65.3114988, -9.94319879999995 ], [ -65.3124065, -9.942565 ], [ -65.314078299999906, -9.939978599999961 ], [ -65.3170069, -9.93716329999995 ], [ -65.3173275, -9.936963599999959 ], [ -65.320271, -9.93623119999995 ], [ -65.3219288, -9.93714469999998 ], [ -65.3235726999999, -9.941924499999971 ], [ -65.3251073, -9.943911699999941 ], [ -65.329001499999904, -9.94474189999994 ], [ -65.331697699999907, -9.944844 ], [ -65.3323535, -9.944563 ], [ -65.3330094, -9.944282 ], [ -65.3335453, -9.942511899999939 ], [ -65.3334093, -9.93751709999998 ], [ -65.3318293, -9.93001469999996 ], [ -65.328515799999906, -9.92127449999998 ], [ -65.3212179, -9.90600749999993 ], [ -65.3172873, -9.899935 ], [ -65.316638699999899, -9.898933 ], [ -65.3122688, -9.893120799999959 ], [ -65.306995399999906, -9.88789659999998 ], [ -65.2994342, -9.88211809999996 ], [ -65.2958042, -9.87844689999997 ], [ -65.2941124, -9.875888 ], [ -65.291352199999906, -9.87171369999993 ], [ -65.2912957, -9.871628099999951 ], [ -65.2886592, -9.86572669999993 ], [ -65.286695, -9.858522099999959 ], [ -65.2860233, -9.853482 ], [ -65.286046499999898, -9.845490299999939 ], [ -65.2867394, -9.84176639999993 ], [ -65.2873772, -9.83986339999996 ], [ -65.288621, -9.83800559999997 ], [ -65.2897718, -9.836287 ], [ -65.292962799999898, -9.833299 ], [ -65.298070499999895, -9.829632099999969 ], [ -65.301245499999894, -9.828009099999971 ], [ -65.3073532, -9.82371729999994 ], [ -65.3168868, -9.81842379999995 ], [ -65.3184418, -9.817200199999951 ], [ -65.320520799999898, -9.814532 ], [ -65.3219943, -9.81131289999996 ], [ -65.324965399999897, -9.797422 ], [ -65.326859399999904, -9.784053 ], [ -65.3280707, -9.780017199999969 ], [ -65.3317691, -9.77244889999997 ], [ -65.3368838, -9.76463919999998 ], [ -65.3397373, -9.75883859999993 ], [ -65.3430552, -9.753526099999929 ], [ -65.3482714, -9.741757599999969 ], [ -65.3514342, -9.73159 ], [ -65.3546006, -9.72368229999995 ], [ -65.3568806, -9.72017319999998 ], [ -65.3638023, -9.711586 ], [ -65.3644234, -9.710900299999929 ], [ -65.3682105, -9.70671979999997 ], [ -65.378304399999905, -9.697125399999949 ], [ -65.3798236, -9.69604059999995 ], [ -65.3916015, -9.687630199999941 ], [ -65.394937899999903, -9.68577319999997 ], [ -65.4001057, -9.683563699999979 ], [ -65.4137653, -9.678849 ], [ -65.421800699999906, -9.677344599999969 ], [ -65.431126499999905, -9.674679899999941 ], [ -65.4408504, -9.670814 ], [ -65.443436899999895, -9.66932309999993 ], [ -65.4460779, -9.66905489999994 ], [ -65.446800999999894, -9.669695 ], [ -65.446891499999893, -9.670599299999941 ], [ -65.4471366, -9.67304959999996 ], [ -65.4465097, -9.67489429999995 ], [ -65.443163399999904, -9.677916699999971 ], [ -65.4421025, -9.67968079999997 ], [ -65.4414915, -9.68634849999995 ], [ -65.4435232, -9.692652099999981 ], [ -65.447074299999898, -9.697103599999931 ], [ -65.4505478, -9.700462699999949 ], [ -65.455130499999896, -9.70327509999993 ], [ -65.4570557, -9.70513909999994 ], [ -65.4604072, -9.706643 ], [ -65.463191499999894, -9.708327 ], [ -65.465015799999904, -9.70996089999994 ], [ -65.4660454, -9.710228699999959 ], [ -65.4718561, -9.71368509999996 ], [ -65.4750222, -9.714300599999939 ], [ -65.4816384, -9.714196399999929 ], [ -65.4826328, -9.713657099999979 ], [ -65.4831636, -9.712657499999979 ], [ -65.484574199999898, -9.70785389999998 ], [ -65.4855724, -9.70744939999997 ], [ -65.4865803, -9.707858 ], [ -65.488525, -9.710305699999941 ], [ -65.4898783, -9.71302909999997 ], [ -65.4898828, -9.71532319999994 ], [ -65.4884605, -9.720600899999971 ], [ -65.487334099999899, -9.722202099999951 ], [ -65.4825274, -9.725778 ], [ -65.4823818, -9.726734799999971 ], [ -65.482941299999894, -9.727594699999941 ], [ -65.4857393, -9.729188099999931 ], [ -65.486745, -9.729370499999961 ], [ -65.4919365, -9.72956309999995 ], [ -65.4993861, -9.728525899999971 ], [ -65.500522, -9.728914199999959 ], [ -65.5010191, -9.729839099999939 ], [ -65.5014126, -9.733587599999961 ], [ -65.5013026, -9.743323299999931 ], [ -65.503860099999898, -9.746832499999931 ], [ -65.504274199999898, -9.748726199999959 ], [ -65.503715999999898, -9.759453399999931 ], [ -65.5042197, -9.76769609999997 ], [ -65.503662, -9.76946229999993 ], [ -65.5005224, -9.772538299999949 ], [ -65.4988845, -9.775290499999929 ], [ -65.4982449, -9.778371499999929 ], [ -65.499106799999893, -9.781359299999959 ], [ -65.5020509, -9.785836699999949 ], [ -65.5035596, -9.78707209999993 ], [ -65.508101699999898, -9.789090199999981 ], [ -65.511635199999901, -9.792522199999951 ], [ -65.5135248, -9.79317 ], [ -65.5175805, -9.79173009999994 ], [ -65.5176751, -9.791676299999949 ], [ -65.5189809, -9.79093279999995 ], [ -65.5194083, -9.79088089999993 ], [ -65.5212955, -9.78936189999996 ], [ -65.522124, -9.78770479999997 ], [ -65.523228699999905, -9.78738259999994 ], [ -65.525254, -9.78747469999996 ], [ -65.5276476, -9.787290599999951 ], [ -65.528798299999906, -9.784298699999971 ], [ -65.5304093, -9.781675 ], [ -65.5307749, -9.78133759999997 ], [ -65.5316045, -9.781203099999971 ], [ -65.5334055, -9.78213669999997 ], [ -65.5340823, -9.782946199999969 ], [ -65.5359425, -9.788911 ], [ -65.537358099999906, -9.79889469999995 ], [ -65.5393026, -9.80196469999993 ], [ -65.54216, -9.80370459999995 ], [ -65.5443093, -9.80444809999995 ], [ -65.5473304, -9.80419639999997 ], [ -65.5493246, -9.80488289999994 ], [ -65.5532468, -9.80437139999998 ], [ -65.5549371, -9.805494599999969 ], [ -65.5560871, -9.807931 ], [ -65.557463599999906, -9.809676699999949 ], [ -65.5594382, -9.81079129999995 ], [ -65.5633056, -9.810040099999981 ], [ -65.5643246, -9.810254399999961 ], [ -65.565627499999906, -9.813093499999979 ], [ -65.5655249, -9.816581799999939 ], [ -65.564632199999906, -9.81978 ], [ -65.563576699999899, -9.82164169999993 ], [ -65.554100699999907, -9.832044199999929 ], [ -65.5529966, -9.835400399999971 ], [ -65.553131, -9.83789819999993 ], [ -65.553580699999898, -9.83978929999995 ], [ -65.5547399, -9.84190589999997 ], [ -65.5580287, -9.84463489999996 ], [ -65.5603558, -9.844662399999949 ], [ -65.5631355, -9.843504699999929 ], [ -65.567912299999904, -9.83858219999996 ], [ -65.5700022, -9.838042 ], [ -65.5748156, -9.83829549999996 ], [ -65.5858286, -9.83987769999993 ], [ -65.5916069, -9.84154589999997 ], [ -65.5948041, -9.842060099999969 ], [ -65.5969534, -9.841910599999951 ], [ -65.5984941, -9.84025969999993 ], [ -65.5991038, -9.838180699999951 ], [ -65.5991055, -9.83590849999996 ], [ -65.597662199999903, -9.82756 ], [ -65.5983234, -9.82564779999996 ], [ -65.5999687999999, -9.824456399999971 ], [ -65.601108, -9.824168899999959 ], [ -65.605867, -9.824591599999961 ], [ -65.6079662, -9.82543009999995 ], [ -65.6132425, -9.82864039999993 ], [ -65.6156902, -9.83079279999993 ], [ -65.618789299999904, -9.832481599999941 ], [ -65.6236948, -9.83597979999996 ], [ -65.625602199999904, -9.836906099999959 ], [ -65.6276053, -9.836803099999941 ], [ -65.6305752, -9.83438039999993 ], [ -65.632192599999897, -9.830059499999949 ], [ -65.6332702, -9.82363039999996 ], [ -65.6335826, -9.816762399999959 ], [ -65.6330194, -9.809892899999969 ], [ -65.6339634, -9.806898399999969 ], [ -65.635411, -9.805278299999941 ], [ -65.6372185, -9.804546199999949 ], [ -65.638185899999897, -9.804822299999961 ], [ -65.6403875, -9.80644279999996 ], [ -65.6421912, -9.808235399999941 ], [ -65.6473594, -9.815839 ], [ -65.6492976, -9.816225 ], [ -65.650885899999906, -9.81494689999994 ], [ -65.6524408, -9.81303319999995 ], [ -65.653744899999893, -9.809938 ], [ -65.6538613, -9.80758429999997 ], [ -65.6521638, -9.80498129999995 ], [ -65.6456865, -9.799241399999969 ], [ -65.6439928, -9.79622229999995 ], [ -65.6441828, -9.79413909999994 ], [ -65.6456376, -9.79241339999993 ], [ -65.6473554, -9.791469799999961 ], [ -65.6522962, -9.791940299999959 ], [ -65.6577515, -9.793753599999951 ], [ -65.660164699999896, -9.79341429999994 ], [ -65.662769, -9.791491199999941 ], [ -65.663857, -9.78976189999997 ], [ -65.664530699999901, -9.786480599999949 ], [ -65.6660471, -9.78309209999998 ], [ -65.6666034, -9.782318 ], [ -65.6688875, -9.78114249999993 ], [ -65.670964399999903, -9.78109919999997 ], [ -65.6725794, -9.782124799999959 ], [ -65.673993499999895, -9.78342579999997 ], [ -65.6798282, -9.79134119999998 ], [ -65.6819416, -9.79358579999996 ], [ -65.689380899999904, -9.79984609999997 ], [ -65.690776, -9.801968599999951 ], [ -65.691441499999897, -9.805579399999941 ], [ -65.6907722, -9.80753659999993 ], [ -65.688444199999907, -9.81099329999995 ], [ -65.6888245, -9.811991199999969 ], [ -65.6896882, -9.81270669999998 ], [ -65.6928827, -9.812998599999959 ], [ -65.6951637, -9.81224759999998 ], [ -65.6990767, -9.80965849999995 ], [ -65.7013868, -9.808729199999959 ], [ -65.7105471, -9.80731989999998 ], [ -65.710769599999907, -9.805370799999929 ], [ -65.7099426, -9.803607899999969 ], [ -65.708219, -9.80081949999993 ], [ -65.701047699999904, -9.79251449999998 ], [ -65.700195499999893, -9.79034549999994 ], [ -65.7000182, -9.788178399999939 ], [ -65.701416299999906, -9.78277719999994 ], [ -65.703445799999898, -9.779364599999949 ], [ -65.7094638, -9.77361789999998 ], [ -65.709850699999905, -9.77257019999996 ], [ -65.7095758, -9.770219499999939 ], [ -65.7081066, -9.766051699999929 ], [ -65.706076299999907, -9.764346099999949 ], [ -65.7041626, -9.76384409999997 ], [ -65.7001898, -9.76448329999994 ], [ -65.694689599999904, -9.76698159999995 ], [ -65.6892185, -9.768833499999969 ], [ -65.685156199999895, -9.769006599999949 ], [ -65.6814678, -9.76732109999995 ], [ -65.679942299999894, -9.76570379999993 ], [ -65.6787998, -9.76227719999997 ], [ -65.6790539, -9.76014869999995 ], [ -65.6802385, -9.760147899999939 ], [ -65.6828273, -9.76176589999994 ], [ -65.6851598, -9.761859399999929 ], [ -65.6860516, -9.761083799999939 ], [ -65.6862172, -9.76004089999998 ], [ -65.684971, -9.757290799999961 ], [ -65.684579299999896, -9.752088899999929 ], [ -65.6849693999999, -9.749008099999971 ], [ -65.685889099999898, -9.74868549999997 ], [ -65.6873257, -9.750140899999961 ], [ -65.692808899999903, -9.74941139999993 ], [ -65.695771599999901, -9.74963809999997 ], [ -65.697939, -9.75084279999993 ], [ -65.704162799999906, -9.75692 ], [ -65.7062979, -9.757467 ], [ -65.7146944, -9.755873 ], [ -65.7188849, -9.755953399999949 ], [ -65.7227495, -9.75664049999995 ], [ -65.729083499999902, -9.759660799999949 ], [ -65.733609, -9.763061 ], [ -65.7349168, -9.764446699999951 ], [ -65.7360275, -9.766705199999929 ], [ -65.736525399999906, -9.76914389999996 ], [ -65.7364664, -9.77772069999997 ], [ -65.7373322, -9.77983139999998 ], [ -65.739496099999897, -9.78189809999998 ], [ -65.7442444, -9.782083 ], [ -65.746048599999895, -9.78152639999996 ], [ -65.750691, -9.77745739999995 ], [ -65.7520223, -9.77563139999995 ], [ -65.756222099999903, -9.76702309999996 ], [ -65.756996, -9.766244299999929 ], [ -65.7644976, -9.763056399999931 ], [ -65.766441, -9.76151839999994 ], [ -65.7710863, -9.759561699999949 ], [ -65.7726588, -9.75818779999997 ], [ -65.7720505, -9.75593049999998 ], [ -65.7716372, -9.75095509999994 ], [ -65.7696607, -9.74694469999997 ], [ -65.768632599999904, -9.74362629999996 ], [ -65.766602599999899, -9.739645899999971 ], [ -65.766772499999902, -9.737290399999949 ], [ -65.7679697, -9.735539299999971 ], [ -65.7699674, -9.73447909999993 ], [ -65.771910499999905, -9.734295599999941 ], [ -65.7750784, -9.734909199999951 ], [ -65.7779095, -9.73682549999995 ], [ -65.7798549, -9.74178349999994 ], [ -65.779492699999906, -9.74903089999998 ], [ -65.7776118, -9.75813879999993 ], [ -65.7753028, -9.76454209999997 ], [ -65.7753579, -9.766854499999971 ], [ -65.7796557, -9.77004049999994 ], [ -65.78089, -9.77211969999996 ], [ -65.7808259, -9.78003509999996 ], [ -65.7817979, -9.78301559999994 ], [ -65.783742699999905, -9.78634329999994 ], [ -65.7855289, -9.78734709999998 ], [ -65.789797399999898, -9.787325199999939 ], [ -65.7918316, -9.789119 ], [ -65.793470699999901, -9.791366799999929 ], [ -65.7945257, -9.79179179999994 ], [ -65.7962998, -9.79138839999996 ], [ -65.7968891, -9.790524599999969 ], [ -65.7967183, -9.78677069999998 ], [ -65.7976603, -9.786128899999939 ], [ -65.8016613, -9.78961679999998 ], [ -65.803715699999898, -9.78942449999994 ], [ -65.80572, -9.788088 ], [ -65.8079983, -9.78141659999994 ], [ -65.8111086, -9.776861799999949 ], [ -65.81313, -9.77241319999996 ], [ -65.8131061, -9.771236199999979 ], [ -65.811299899999895, -9.769667799999979 ], [ -65.806606, -9.768984499999929 ], [ -65.8033019, -9.767635399999961 ], [ -65.801603, -9.76575039999994 ], [ -65.799103199999905, -9.758850499999941 ], [ -65.7998827, -9.756671199999969 ], [ -65.8019116, -9.756309 ], [ -65.8026894, -9.756867599999961 ], [ -65.806414199999907, -9.76208709999997 ], [ -65.807359, -9.76221359999994 ], [ -65.809049699999903, -9.76154559999998 ], [ -65.8124961, -9.75723469999997 ], [ -65.8154316, -9.75508519999994 ], [ -65.8169386, -9.754664399999969 ], [ -65.819134699999907, -9.75545919999996 ], [ -65.820296, -9.75702379999996 ], [ -65.8204985, -9.75807059999994 ], [ -65.8197155, -9.764000399999929 ], [ -65.8204949, -9.766436699999931 ], [ -65.821381899999906, -9.76724129999997 ], [ -65.822436099999905, -9.767419 ], [ -65.828326499999903, -9.76636689999998 ], [ -65.8301888, -9.76743779999993 ], [ -65.834501, -9.77601979999997 ], [ -65.8435223, -9.78344919999995 ], [ -65.8442987, -9.78551229999994 ], [ -65.843741899999898, -9.786515799999959 ], [ -65.8414145, -9.78794219999997 ], [ -65.840825999999893, -9.78885029999998 ], [ -65.8414437, -9.789795099999941 ], [ -65.8421875, -9.790468899999951 ], [ -65.843186199999906, -9.790593399999979 ], [ -65.8462722, -9.78941659999998 ], [ -65.8472982, -9.78951439999997 ], [ -65.851047799999904, -9.791877199999931 ], [ -65.852660199999903, -9.79385039999994 ], [ -65.853580899999898, -9.79434179999993 ], [ -65.8606617, -9.79513709999998 ], [ -65.864996399999896, -9.79446509999997 ], [ -65.8686112, -9.79303079999994 ], [ -65.871501, -9.790963799999931 ], [ -65.8722227, -9.788972 ], [ -65.871166899999906, -9.785994599999979 ], [ -65.868666, -9.783663 ], [ -65.8680558, -9.781633499999939 ], [ -65.8692713, -9.775922799999931 ], [ -65.8688054, -9.77384759999995 ], [ -65.8679149, -9.77267109999997 ], [ -65.865221, -9.77079779999997 ], [ -65.8625499, -9.76955989999993 ], [ -65.8619386, -9.76879219999995 ], [ -65.8618565, -9.767775099999939 ], [ -65.862470599999895, -9.76686889999996 ], [ -65.8647391, -9.76553319999994 ], [ -65.8683877, -9.761969799999971 ], [ -65.8695258, -9.759379 ], [ -65.870214099999899, -9.75520779999994 ], [ -65.8713618, -9.753388599999941 ], [ -65.8724169, -9.753058399999929 ], [ -65.8769153, -9.75284549999998 ], [ -65.8812425, -9.752006699999979 ], [ -65.8836587, -9.75196759999994 ], [ -65.8859115, -9.75248249999993 ], [ -65.8879385, -9.754096699999931 ], [ -65.8901064, -9.75701919999995 ], [ -65.8990769, -9.75996669999995 ], [ -65.900389399999895, -9.76171849999997 ], [ -65.901411299999907, -9.765501299999929 ], [ -65.903082299999895, -9.76682529999994 ], [ -65.9039948, -9.766839199999939 ], [ -65.9088593, -9.764937 ], [ -65.912998, -9.76412979999998 ], [ -65.9153603, -9.76284489999995 ], [ -65.9160208, -9.76097949999996 ], [ -65.9142444, -9.75620129999993 ], [ -65.9143892, -9.755159799999941 ], [ -65.9156879, -9.753743 ], [ -65.9189698, -9.75267379999997 ], [ -65.921635, -9.75278629999997 ], [ -65.922640999999899, -9.75331969999996 ], [ -65.9231361, -9.75412669999997 ], [ -65.9225231, -9.756398799999941 ], [ -65.923213599999897, -9.757339 ], [ -65.9252766, -9.758403099999949 ], [ -65.9253881, -9.75944469999996 ], [ -65.9251097, -9.760349 ], [ -65.9223823, -9.76182449999993 ], [ -65.922223599999896, -9.76273359999993 ], [ -65.9227774, -9.76372459999993 ], [ -65.9256358, -9.76254479999994 ], [ -65.9266105, -9.762512299999971 ], [ -65.9280808, -9.763579 ], [ -65.930812, -9.76735749999995 ], [ -65.9340453, -9.768927899999939 ], [ -65.9352704, -9.769214499999981 ], [ -65.937272, -9.76885249999998 ], [ -65.938662, -9.76565109999996 ], [ -65.939189999999897, -9.76211689999997 ], [ -65.9408326, -9.760632499999931 ], [ -65.9431943, -9.76009079999994 ], [ -65.9442435, -9.760356799999951 ], [ -65.946242099999907, -9.762688 ], [ -65.9483301, -9.76343209999993 ], [ -65.9499367, -9.764732199999971 ], [ -65.9517506, -9.76745139999997 ], [ -65.9533312, -9.76884089999993 ], [ -65.956384699999901, -9.76899189999995 ], [ -65.9584394, -9.77010019999994 ], [ -65.9617734, -9.77079329999998 ], [ -65.9662213, -9.770391199999951 ], [ -65.967160099999901, -9.770650299999939 ], [ -65.9704932, -9.77451349999996 ], [ -65.9724163, -9.775482699999939 ], [ -65.9735213, -9.777332199999931 ], [ -65.973331099999896, -9.781086399999939 ], [ -65.9748565, -9.78569289999996 ], [ -65.9749454, -9.79062359999995 ], [ -65.974134499999906, -9.793708399999961 ], [ -65.9741334, -9.79791489999997 ], [ -65.9734112, -9.798622799999981 ], [ -65.9710537, -9.798756499999969 ], [ -65.9699926, -9.799174 ], [ -65.969301899999905, -9.79999419999996 ], [ -65.964109699999895, -9.801536799999949 ], [ -65.9637681, -9.80257789999996 ], [ -65.964779899999897, -9.80428879999994 ], [ -65.9669979, -9.80485879999998 ], [ -65.9739703, -9.80366119999996 ], [ -65.9758562, -9.80264829999993 ], [ -65.9799667999999, -9.80131119999993 ], [ -65.981025299999899, -9.801326 ], [ -65.9826358, -9.802218899999961 ], [ -65.982221, -9.804076499999949 ], [ -65.980690099999904, -9.80667069999993 ], [ -65.9805747999999, -9.807711 ], [ -65.9812193, -9.80865419999998 ], [ -65.982137, -9.80878009999998 ], [ -65.9844436, -9.806524 ], [ -65.985412499999896, -9.806355799999951 ], [ -65.9886908, -9.80192889999995 ], [ -65.9895547, -9.801607599999951 ], [ -65.991828499999897, -9.803706 ], [ -65.992801799999896, -9.804108 ], [ -65.9958829, -9.80408109999996 ], [ -65.998664399999896, -9.802293 ], [ -65.999111899999903, -9.801282899999929 ], [ -65.9992475, -9.799250899999951 ], [ -65.9984391, -9.79536409999997 ], [ -65.999745, -9.794407499999981 ], [ -66.002216599999898, -9.79515359999994 ], [ -66.0100815, -9.801224299999941 ], [ -66.013615399999907, -9.804729499999951 ], [ -66.018167499999905, -9.810835699999931 ], [ -66.0205256, -9.811986599999949 ], [ -66.0241664, -9.812248 ], [ -66.0260276, -9.81101529999995 ], [ -66.02814, -9.806673199999979 ], [ -66.030192499999899, -9.801716099999959 ], [ -66.0332195, -9.78893379999994 ], [ -66.034855299999904, -9.787523 ], [ -66.0366676, -9.786671899999931 ], [ -66.0408533, -9.78695179999994 ], [ -66.0450599, -9.78575909999995 ], [ -66.053222499999904, -9.78472389999996 ], [ -66.0581104, -9.785998399999929 ], [ -66.0606941, -9.786190199999959 ], [ -66.068662899999893, -9.78447169999993 ], [ -66.0711099, -9.784297199999971 ], [ -66.0793287, -9.78658789999997 ], [ -66.087135799999899, -9.79003579999994 ], [ -66.0876645, -9.79104449999994 ], [ -66.087111499999907, -9.79183319999993 ], [ -66.0849429, -9.792662299999961 ], [ -66.079716, -9.793615599999949 ], [ -66.078275, -9.79513469999995 ], [ -66.078329999999895, -9.796088199999931 ], [ -66.079802599999894, -9.79724289999996 ], [ -66.0828915, -9.798649399999929 ], [ -66.0845217, -9.80004459999998 ], [ -66.0866118, -9.805071799999951 ], [ -66.0905804, -9.81278 ], [ -66.0914667, -9.813811499999931 ], [ -66.0924555, -9.814135599999929 ], [ -66.0935267, -9.81399449999998 ], [ -66.0974414, -9.811609699999959 ], [ -66.100856899999897, -9.80693859999997 ], [ -66.1014448, -9.803358799999961 ], [ -66.1002432, -9.798291199999939 ], [ -66.0977717, -9.79130309999994 ], [ -66.0977793, -9.787238899999981 ], [ -66.1001944, -9.784728799999931 ], [ -66.1047417, -9.783153699999961 ], [ -66.1058065, -9.78311649999995 ], [ -66.1102223, -9.785140499999949 ], [ -66.1108007, -9.786210199999971 ], [ -66.1098612, -9.788490899999941 ], [ -66.1100192, -9.78951239999998 ], [ -66.1111321, -9.78976489999997 ], [ -66.114137099999894, -9.78861619999998 ], [ -66.115138199999905, -9.78882819999995 ], [ -66.116820399999895, -9.79010189999997 ], [ -66.1190811, -9.78989369999994 ], [ -66.1228551, -9.791101399999951 ], [ -66.1235821, -9.79048279999995 ], [ -66.1239424, -9.788156 ], [ -66.124502699999894, -9.787270599999941 ], [ -66.1277507, -9.78652949999997 ], [ -66.12978, -9.78818489999998 ], [ -66.1305819, -9.7899 ], [ -66.133191699999898, -9.789907 ], [ -66.1366942, -9.78869659999998 ], [ -66.1410005, -9.78845649999994 ], [ -66.1420266, -9.788580899999941 ], [ -66.1429668, -9.78934379999993 ], [ -66.143833599999894, -9.791084 ], [ -66.1449401, -9.79143389999996 ], [ -66.1461327, -9.79110089999995 ], [ -66.1467742, -9.79019319999998 ], [ -66.1478936, -9.786887499999979 ], [ -66.150081499999899, -9.786881699999981 ], [ -66.151278, -9.786432699999979 ], [ -66.152024099999906, -9.785617799999949 ], [ -66.1529391, -9.785746 ], [ -66.1556422, -9.78722 ], [ -66.1599743, -9.787828699999981 ], [ -66.1625213, -9.79004009999994 ], [ -66.163585699999899, -9.79050639999997 ], [ -66.168167, -9.791046899999969 ], [ -66.172472899999903, -9.79328579999998 ], [ -66.174053899999905, -9.794849299999949 ], [ -66.176389399999906, -9.798608099999971 ], [ -66.1767172, -9.79984989999997 ], [ -66.1761602, -9.80227359999998 ], [ -66.1762471, -9.803315 ], [ -66.1779998, -9.804139499999961 ], [ -66.18114, -9.80366449999997 ], [ -66.185634799999903, -9.80535639999994 ], [ -66.1879698, -9.805453099999969 ], [ -66.192634499999897, -9.804765 ], [ -66.1936097, -9.804987399999961 ], [ -66.1950561, -9.806309299999951 ], [ -66.1968302, -9.812354 ], [ -66.1970204, -9.813569599999941 ], [ -66.1966088, -9.81474269999995 ], [ -66.1921927, -9.815669199999951 ], [ -66.1899743, -9.81829649999997 ], [ -66.1864434, -9.820561899999969 ], [ -66.1857755999999, -9.821444 ], [ -66.1858267, -9.822353899999939 ], [ -66.187242399999903, -9.824120299999951 ], [ -66.1883012, -9.824383099999981 ], [ -66.189523699999896, -9.82411779999995 ], [ -66.1941054, -9.820037099999981 ], [ -66.1950241, -9.819719699999951 ], [ -66.195910599999905, -9.820256699999961 ], [ -66.197337699999906, -9.822798 ], [ -66.1977209, -9.82478659999998 ], [ -66.1970205, -9.825624699999929 ], [ -66.194419599999904, -9.82699179999997 ], [ -66.1940499, -9.82784569999995 ], [ -66.194465299999905, -9.82876129999994 ], [ -66.1971913, -9.83068229999998 ], [ -66.2000806, -9.83181949999994 ], [ -66.2036697, -9.83462239999994 ], [ -66.2063285, -9.83522679999993 ], [ -66.2106891, -9.83498519999995 ], [ -66.213308299999895, -9.834255399999959 ], [ -66.215438699999893, -9.83267459999996 ], [ -66.2197502, -9.827959 ], [ -66.2281341, -9.82039329999998 ], [ -66.2348378, -9.81669789999995 ], [ -66.236752399999901, -9.81469029999994 ], [ -66.2376611, -9.81459629999995 ], [ -66.2397227, -9.816824299999951 ], [ -66.2417232, -9.822010299999929 ], [ -66.2413056, -9.82624629999998 ], [ -66.241889399999906, -9.826977 ], [ -66.242913, -9.827517799999949 ], [ -66.2441373999999, -9.82246649999996 ], [ -66.2474728, -9.820620199999951 ], [ -66.2483366, -9.821033799999951 ], [ -66.2493568, -9.82299769999997 ], [ -66.248553399999906, -9.82613229999993 ], [ -66.249078799999893, -9.827254299999939 ], [ -66.2508619, -9.82858849999997 ], [ -66.2528023, -9.832081599999981 ], [ -66.2550757, -9.833306299999951 ], [ -66.2572471, -9.833655799999971 ], [ -66.258219999999895, -9.833400099999951 ], [ -66.2611085, -9.831313699999949 ], [ -66.263335799999894, -9.83064449999995 ], [ -66.274832699999905, -9.83483879999994 ], [ -66.275808, -9.834377699999949 ], [ -66.2763085, -9.833324599999971 ], [ -66.274881499999907, -9.82861469999995 ], [ -66.2748031, -9.827714899999931 ], [ -66.2753044, -9.82697239999993 ], [ -66.2762532, -9.82748649999996 ], [ -66.277471, -9.82907049999994 ], [ -66.2786657, -9.828356499999931 ], [ -66.2797188, -9.82870849999995 ], [ -66.2813043, -9.831094299999959 ], [ -66.283219, -9.832238599999931 ], [ -66.2835826, -9.83320159999994 ], [ -66.282135799999907, -9.84033 ], [ -66.282580999999894, -9.841498099999971 ], [ -66.286194899999899, -9.84471689999998 ], [ -66.28708, -9.844481 ], [ -66.290691599999903, -9.84156349999995 ], [ -66.2953795, -9.84078089999997 ], [ -66.301552699999903, -9.83779179999993 ], [ -66.3039959, -9.835588399999949 ], [ -66.3048886, -9.83533549999993 ], [ -66.305971499999899, -9.839366899999961 ], [ -66.3073297, -9.840553599999961 ], [ -66.308275, -9.840461599999969 ], [ -66.311358299999895, -9.836307499999981 ], [ -66.313389, -9.83257149999997 ], [ -66.3146033, -9.83165319999995 ], [ -66.315807699999894, -9.83141569999998 ], [ -66.316804, -9.831955299999951 ], [ -66.3172182, -9.83494149999996 ], [ -66.3177171, -9.83586069999996 ], [ -66.3195003, -9.836919899999939 ], [ -66.3219606, -9.837283399999929 ], [ -66.3273607, -9.836862599999961 ], [ -66.3289679, -9.837148499999961 ], [ -66.3343030999999, -9.83977229999994 ], [ -66.3376339, -9.840769899999939 ], [ -66.34091, -9.840606 ], [ -66.346193, -9.839374299999969 ], [ -66.350495, -9.840724499999959 ], [ -66.351800899999901, -9.842210899999939 ], [ -66.351388299999897, -9.84696459999998 ], [ -66.3520811, -9.847700599999939 ], [ -66.355334099999894, -9.848081399999961 ], [ -66.3559711, -9.848764499999961 ], [ -66.3564749, -9.85123219999997 ], [ -66.3563902, -9.85454369999997 ], [ -66.3573398, -9.857677499999969 ], [ -66.358392599999902, -9.86404529999993 ], [ -66.358699199999904, -9.865130299999979 ], [ -66.3596118, -9.86615119999993 ], [ -66.361114299999898, -9.86655729999995 ], [ -66.3638283, -9.86544179999993 ], [ -66.3667181, -9.866128099999971 ], [ -66.3718636, -9.86639279999997 ], [ -66.382274799999905, -9.86785 ], [ -66.395190899999903, -9.864176 ], [ -66.403114899999906, -9.863562 ], [ -66.4041419, -9.864224699999969 ], [ -66.4046374, -9.86552469999998 ], [ -66.4041903, -9.86646069999995 ], [ -66.4025008, -9.86785609999993 ], [ -66.4029197, -9.86879719999996 ], [ -66.407440199999897, -9.871553199999941 ], [ -66.4081118, -9.872395799999939 ], [ -66.408336899999895, -9.874474099999929 ], [ -66.4102497, -9.874608599999929 ], [ -66.411111699999907, -9.87548949999996 ], [ -66.4113368, -9.879869099999951 ], [ -66.4120831, -9.88202679999995 ], [ -66.4129460999999, -9.88242989999998 ], [ -66.4172733999999, -9.882786 ], [ -66.4184725, -9.884299299999951 ], [ -66.4224717, -9.887224799999959 ], [ -66.4237239, -9.890892399999929 ], [ -66.4234746, -9.89294519999993 ], [ -66.421585499999907, -9.895109599999961 ], [ -66.4204154, -9.89550739999993 ], [ -66.418278799999896, -9.89520419999997 ], [ -66.4142805, -9.89352579999996 ], [ -66.4131666, -9.893459899999931 ], [ -66.4123082, -9.893941899999961 ], [ -66.412500899999898, -9.89495209999995 ], [ -66.414, -9.896411299999951 ], [ -66.4200016, -9.89831619999995 ], [ -66.426246299999903, -9.899628499999951 ], [ -66.4283291, -9.89919059999994 ], [ -66.4312277, -9.89577109999993 ], [ -66.4320842, -9.89406859999997 ], [ -66.4321686, -9.891977499999941 ], [ -66.4281974, -9.88402879999995 ], [ -66.4248916, -9.873728 ], [ -66.426050599999897, -9.87150879999996 ], [ -66.4275818, -9.87003149999998 ], [ -66.4285891, -9.86940869999995 ], [ -66.4304698, -9.868246099999959 ], [ -66.4310891, -9.867235099999959 ], [ -66.4337778, -9.86618119999997 ], [ -66.4358032, -9.86601269999994 ], [ -66.4376609, -9.86709439999993 ], [ -66.440197699999899, -9.86947819999995 ], [ -66.4451921, -9.871445199999931 ], [ -66.4488021, -9.871917899999969 ], [ -66.453193499999898, -9.871062399999969 ], [ -66.4546424, -9.87123019999996 ], [ -66.4571419, -9.873085399999979 ], [ -66.4600816, -9.874137499999961 ], [ -66.460442, -9.874973399999931 ], [ -66.4596705, -9.87553189999994 ], [ -66.4578339, -9.87524549999995 ], [ -66.4545855, -9.877388 ], [ -66.454143799999898, -9.878482 ], [ -66.454332399999899, -9.879573499999941 ], [ -66.4563039, -9.87988149999995 ], [ -66.460671799999901, -9.878599599999969 ], [ -66.4649441, -9.875821299999931 ], [ -66.467911399999906, -9.87110419999993 ], [ -66.470639699999893, -9.86896289999993 ], [ -66.4728362, -9.868379399999981 ], [ -66.477143199999901, -9.868851399999929 ], [ -66.4810335, -9.86844529999996 ], [ -66.4833906, -9.86910269999993 ], [ -66.4871984, -9.869451199999959 ], [ -66.488115499999907, -9.86971859999994 ], [ -66.4891115, -9.87073559999993 ], [ -66.4892809, -9.87515929999995 ], [ -66.4911926, -9.87909629999996 ], [ -66.49114, -9.88248469999996 ], [ -66.494805799999895, -9.884358 ], [ -66.495752799999906, -9.884331599999941 ], [ -66.4975774, -9.88316279999998 ], [ -66.5005863, -9.88329929999998 ], [ -66.5019994, -9.88208089999995 ], [ -66.501251099999905, -9.87996129999993 ], [ -66.499105, -9.87731679999996 ], [ -66.4990235, -9.876333 ], [ -66.5005838, -9.875359599999969 ], [ -66.510664699999893, -9.87678849999998 ], [ -66.5133329, -9.876417499999951 ], [ -66.5143069, -9.876858699999961 ], [ -66.5149744, -9.88138859999998 ], [ -66.5167503, -9.88317979999994 ], [ -66.5200023, -9.88522769999997 ], [ -66.528001399999894, -9.887032 ], [ -66.533752299999904, -9.88520569999997 ], [ -66.5386124, -9.882067199999939 ], [ -66.542607599999897, -9.878031899999939 ], [ -66.5438624, -9.877447 ], [ -66.5453635, -9.88062869999993 ], [ -66.547336, -9.88278289999994 ], [ -66.5461081, -9.885559299999951 ], [ -66.548945, -9.888808099999951 ], [ -66.5532803, -9.885978499999959 ], [ -66.558861099999902, -9.880950199999971 ], [ -66.5595503, -9.880936599999931 ], [ -66.5618606, -9.880892099999929 ], [ -66.5645602, -9.883490599999959 ], [ -66.565892399999896, -9.886307 ], [ -66.5623608, -9.886999799999961 ], [ -66.5622446, -9.889428 ], [ -66.5645612, -9.891058299999941 ], [ -66.5673105, -9.89465379999996 ], [ -66.570995299999893, -9.892750399999951 ], [ -66.5743585, -9.890080799999961 ], [ -66.5765527, -9.89298039999994 ], [ -66.578865199999896, -9.894761 ], [ -66.5792516, -9.901897899999939 ], [ -66.5804146, -9.904881 ], [ -66.5823334, -9.905868799999951 ], [ -66.5875826, -9.90030149999996 ], [ -66.591721499999906, -9.89924049999996 ], [ -66.6004426, -9.89824839999994 ], [ -66.6033595, -9.897489299999959 ], [ -66.6091097, -9.895181199999969 ], [ -66.616252899999907, -9.89486809999994 ], [ -66.6199101, -9.894046399999979 ], [ -66.6209206, -9.89541159999993 ], [ -66.6224923, -9.896276099999969 ], [ -66.6242998, -9.897454799999929 ], [ -66.6267197, -9.89810119999993 ], [ -66.6268906, -9.89802689999993 ], [ -66.6275067, -9.897758 ], [ -66.6465049, -9.88947109999998 ], [ -66.6466435, -9.88941069999993 ], [ -66.7027308, -9.864946 ], [ -66.7347568, -9.850976599999971 ], [ -66.7356362, -9.850593 ], [ -66.8102531, -9.81804589999996 ], [ -66.808220499999905, -9.81619409999996 ], [ -66.7926964, -9.80205089999993 ], [ -66.7856383, -9.79807989999995 ], [ -66.7805792, -9.79139329999998 ], [ -66.7794215, -9.78061479999997 ], [ -66.7772527, -9.768656199999951 ], [ -66.7782763, -9.76654469999994 ], [ -66.782140899999902, -9.758572 ], [ -66.775363599999906, -9.753091299999941 ], [ -66.7681137, -9.75834549999996 ], [ -66.758470799999898, -9.76035979999995 ], [ -66.7468365, -9.759512199999961 ], [ -66.743434, -9.758697299999939 ], [ -66.734032199999902, -9.75644539999996 ], [ -66.725389699999894, -9.756072499999959 ], [ -66.7189485, -9.75178219999998 ], [ -66.711310099999906, -9.748819 ], [ -66.701305, -9.74335989999997 ], [ -66.691802999999894, -9.73388989999995 ], [ -66.6888663, -9.723659 ], [ -66.6849453, -9.71464559999993 ], [ -66.6766931, -9.70939449999997 ], [ -66.6658358, -9.70567029999995 ], [ -66.6589446, -9.70072249999993 ], [ -66.644604, -9.69269369999995 ], [ -66.6355335, -9.686959 ], [ -66.6241659, -9.68081919999997 ], [ -66.616391899999897, -9.673947799999951 ], [ -66.6094487, -9.664898499999939 ], [ -66.601857499999895, -9.66599239999994 ], [ -66.594884, -9.671801399999939 ], [ -66.586306599999901, -9.67355889999993 ], [ -66.579115499999901, -9.668232699999979 ], [ -66.5782139, -9.667722199999959 ], [ -66.5727203, -9.664611899999951 ], [ -66.5631719, -9.660418399999971 ], [ -66.5517207, -9.65806 ], [ -66.542584, -9.65168489999996 ], [ -66.5368884, -9.64354959999997 ], [ -66.5266132, -9.64036 ], [ -66.5168909, -9.639026399999979 ], [ -66.5006134, -9.63356419999997 ], [ -66.497082, -9.62637829999994 ], [ -66.496113, -9.617782499999979 ], [ -66.4964252, -9.61424819999996 ], [ -66.4968302, -9.60965849999997 ], [ -66.494916799999899, -9.60158319999994 ], [ -66.4886623, -9.595677599999931 ], [ -66.4817242, -9.590501199999951 ], [ -66.4741607, -9.58644109999994 ], [ -66.4674699, -9.582212 ], [ -66.4648928, -9.579178799999969 ], [ -66.4565878, -9.569404 ], [ -66.4516113, -9.56479989999997 ], [ -66.441105499999907, -9.556307299999959 ], [ -66.440009, -9.55533879999996 ], [ -66.439471899999901, -9.55486439999993 ], [ -66.4389348, -9.55439 ], [ -66.4345582, -9.547743599999929 ], [ -66.428828, -9.53317629999998 ], [ -66.4235776, -9.525787599999941 ], [ -66.4172449, -9.51986269999998 ], [ -66.4034124, -9.51038439999996 ], [ -66.3924143, -9.500480099999949 ], [ -66.3927467, -9.49210979999998 ], [ -66.392444699999899, -9.48408079999996 ], [ -66.390749099999894, -9.476284699999949 ], [ -66.3890009, -9.464279599999941 ], [ -66.3900523, -9.455629699999969 ], [ -66.391523199999895, -9.44796309999998 ], [ -66.396108899999902, -9.43752009999997 ], [ -66.401889, -9.43211989999998 ], [ -66.4093308, -9.428271099999961 ], [ -66.4147219, -9.421948799999941 ], [ -66.4140499, -9.413693499999971 ], [ -66.4088584, -9.406946599999969 ], [ -66.4011661, -9.40937859999997 ], [ -66.3950809, -9.413904499999941 ], [ -66.387580199999903, -9.41813949999994 ], [ -66.380639, -9.42142219999994 ], [ -66.3747764, -9.426366099999941 ], [ -66.366807299999905, -9.425161799999961 ], [ -66.360475199999897, -9.419361699999969 ], [ -66.3533063, -9.416619499999969 ], [ -66.3458266, -9.41990969999995 ], [ -66.3416104, -9.427016699999969 ], [ -66.3332144, -9.427667 ], [ -66.3268299, -9.422419499999929 ], [ -66.318916199999904, -9.41996359999996 ], [ -66.3136049, -9.426073299999929 ], [ -66.3148576, -9.433814699999971 ], [ -66.3074975, -9.436845299999961 ], [ -66.2996671, -9.434485499999941 ], [ -66.291662, -9.43539689999994 ], [ -66.284185799999904, -9.432163599999971 ], [ -66.285912799999906, -9.42395789999995 ], [ -66.2904394, -9.41249469999997 ], [ -66.275272599999894, -9.411260299999981 ], [ -66.267804, -9.409763399999971 ], [ -66.2596688, -9.41099649999995 ], [ -66.2434147, -9.42938709999993 ], [ -66.2353054, -9.430874299999971 ], [ -66.228689599999896, -9.42673729999996 ], [ -66.220557, -9.42530379999994 ], [ -66.2125536, -9.426488599999971 ], [ -66.2047463, -9.425973699999931 ], [ -66.1973042, -9.42782689999996 ], [ -66.1899692, -9.431156299999939 ], [ -66.1820271, -9.433992 ], [ -66.1736328, -9.434418699999981 ], [ -66.158995, -9.426574899999929 ], [ -66.1543596, -9.420473399999929 ], [ -66.146271, -9.41794909999993 ], [ -66.1394969, -9.414493199999979 ], [ -66.129273699999899, -9.41075019999994 ], [ -66.1238908, -9.408779399999959 ], [ -66.116226299999894, -9.40898479999993 ], [ -66.108689099999907, -9.411219299999971 ], [ -66.1011629, -9.414004 ], [ -66.0930493, -9.413903699999929 ], [ -66.0848548, -9.41484269999995 ], [ -66.0678554, -9.41791119999993 ], [ -66.059739599999901, -9.418217599999929 ], [ -66.0530289, -9.414439 ], [ -66.0464635, -9.40934479999993 ], [ -66.0424116, -9.40237239999993 ], [ -66.034526, -9.40063249999997 ], [ -66.0266341, -9.40084169999994 ], [ -66.021778, -9.401531099999939 ], [ -66.0025757, -9.404257399999951 ], [ -65.9929658, -9.407942599999959 ], [ -65.9864438, -9.41312819999996 ], [ -65.9784643, -9.412428199999971 ], [ -65.9703006, -9.41316009999997 ], [ -65.967052099999904, -9.420105 ], [ -65.9592221999999, -9.423617699999969 ], [ -65.953161, -9.42876169999994 ], [ -65.9516373, -9.43626259999996 ], [ -65.9376344, -9.442539 ], [ -65.9318805, -9.447594399999961 ], [ -65.928025, -9.454853699999941 ], [ -65.9257464, -9.46398289999996 ], [ -65.922472, -9.47089709999995 ], [ -65.9179971, -9.47815879999996 ], [ -65.912634399999902, -9.48375029999994 ], [ -65.9055491, -9.48802789999996 ], [ -65.898021599999893, -9.489048399999939 ], [ -65.8809080999999, -9.48746489999996 ], [ -65.8747458, -9.492329299999939 ], [ -65.871136, -9.49936029999998 ], [ -65.8650772, -9.504844299999951 ], [ -65.8603533, -9.510768799999941 ], [ -65.8525504, -9.510701299999941 ], [ -65.846607699999893, -9.516411299999961 ], [ -65.8466619, -9.524508499999969 ], [ -65.8482485, -9.532324299999971 ], [ -65.8408007, -9.53411409999995 ], [ -65.8338261, -9.531138399999969 ], [ -65.8250771, -9.53009119999996 ], [ -65.822743199999906, -9.53737339999998 ], [ -65.8226068, -9.54570009999998 ], [ -65.820772599999898, -9.555040399999941 ], [ -65.818026599999897, -9.56225589999997 ], [ -65.8106911, -9.564406599999931 ], [ -65.8053833, -9.57051229999996 ], [ -65.804442499999894, -9.578759 ], [ -65.800021699999903, -9.58502249999998 ], [ -65.791522, -9.58564439999998 ], [ -65.783409699999893, -9.58251669999993 ], [ -65.7780288, -9.577523299999941 ], [ -65.7775543, -9.57708289999994 ], [ -65.7769944, -9.576563299999981 ], [ -65.7707144, -9.56535609999997 ], [ -65.7565486, -9.56895519999995 ], [ -65.7549945, -9.56018639999996 ], [ -65.7503267, -9.55362309999998 ], [ -65.7427767, -9.552967099999931 ], [ -65.7299672, -9.56307269999996 ], [ -65.7235481, -9.559056599999961 ], [ -65.7141083, -9.544924799999929 ], [ -65.7106904, -9.537279699999941 ], [ -65.7051556, -9.52189469999996 ], [ -65.6960809, -9.50767129999997 ], [ -65.689329299999898, -9.503697599999949 ], [ -65.6809976, -9.500407499999939 ], [ -65.680632699999904, -9.49219889999995 ], [ -65.6812399, -9.46685819999993 ], [ -65.679912199999904, -9.45900109999997 ], [ -65.679435199999901, -9.45139289999997 ], [ -65.6727768, -9.44634959999996 ], [ -65.665243599999897, -9.44804959999993 ], [ -65.6571868, -9.44927809999996 ], [ -65.649884299999897, -9.447271299999951 ], [ -65.6450483, -9.440344699999971 ], [ -65.6416338, -9.43346739999993 ], [ -65.6347722, -9.429699599999941 ], [ -65.6261036, -9.42849059999998 ], [ -65.6182673, -9.425977399999971 ], [ -65.611326699999907, -9.42225559999997 ], [ -65.6046291, -9.41658179999996 ], [ -65.5967755, -9.413865199999981 ], [ -65.5881079, -9.413773799999939 ], [ -65.5717463, -9.417253 ], [ -65.563436399999901, -9.419639199999949 ], [ -65.5556338, -9.42245519999994 ], [ -65.548248, -9.42604529999994 ], [ -65.5361875, -9.437694299999981 ], [ -65.5224118, -9.44690449999996 ], [ -65.5147372, -9.449510799999929 ], [ -65.506550199999893, -9.447698 ], [ -65.5036876, -9.45470929999993 ], [ -65.5034932, -9.456947499999959 ], [ -65.5030244, -9.462341899999959 ], [ -65.5031633, -9.469975399999949 ], [ -65.4928012, -9.47366379999994 ], [ -65.4846903, -9.47418179999994 ], [ -65.4808283, -9.47342269999996 ], [ -65.4769664, -9.472663599999979 ], [ -65.471911, -9.466720199999941 ], [ -65.467880299999905, -9.459291299999959 ], [ -65.461939899999905, -9.464476699999979 ], [ -65.4566578, -9.47051939999994 ], [ -65.453035499999899, -9.469012 ], [ -65.4426745, -9.464700499999941 ], [ -65.434715799999907, -9.466333 ], [ -65.4320983, -9.458635 ], [ -65.4363781, -9.44848949999994 ], [ -65.438747, -9.439770799999961 ], [ -65.441380299999906, -9.432446599999929 ], [ -65.443330199999906, -9.42014719999997 ], [ -65.4546596, -9.408607 ], [ -65.4566002, -9.40120869999993 ], [ -65.452880799999903, -9.39459109999996 ], [ -65.449719699999903, -9.38716769999996 ], [ -65.4472669, -9.37941909999995 ], [ -65.446129799999895, -9.370688199999959 ], [ -65.4470233, -9.362231 ], [ -65.4469385, -9.35442409999996 ], [ -65.4476908, -9.345786 ], [ -65.4468572, -9.33733019999994 ], [ -65.443628299999901, -9.330351899999931 ], [ -65.449101599999906, -9.324579799999981 ], [ -65.447018399999905, -9.316376399999969 ], [ -65.440218399999907, -9.311745299999931 ], [ -65.4320741, -9.31443279999996 ], [ -65.4248267, -9.31838839999995 ], [ -65.4167964, -9.31953629999998 ], [ -65.409797899999901, -9.322455699999979 ], [ -65.4000506, -9.33536289999995 ], [ -65.3935223, -9.339597 ], [ -65.385210899999905, -9.33803109999997 ], [ -65.379547699999904, -9.332847099999981 ], [ -65.377513399999899, -9.324426099999931 ], [ -65.3688208, -9.323492499999929 ], [ -65.3599086, -9.32363849999996 ], [ -65.3512411, -9.32310929999994 ], [ -65.345573199999905, -9.31716429999994 ], [ -65.342689499999906, -9.30946089999998 ], [ -65.328966299999905, -9.301110899999969 ], [ -65.320985499999907, -9.29905079999997 ], [ -65.3151308, -9.293730699999969 ], [ -65.3073529, -9.291487 ], [ -65.3022731, -9.288246099999981 ], [ -65.300435299999904, -9.28707359999993 ], [ -65.294514799999902, -9.281664899999949 ], [ -65.2881824, -9.27680309999994 ], [ -65.284182799999897, -9.270268299999939 ], [ -65.2764908, -9.268341 ], [ -65.2703819, -9.263611699999959 ], [ -65.2541342, -9.26096849999993 ], [ -65.246661399999894, -9.25766359999994 ], [ -65.24007, -9.26142669999996 ], [ -65.2325691, -9.26570889999994 ], [ -65.2268744, -9.27068759999997 ], [ -65.2117718, -9.27899339999993 ], [ -65.2080252, -9.28563319999995 ], [ -65.207153699999907, -9.29363719999998 ], [ -65.211013599999902, -9.301029099999941 ], [ -65.2089564999999, -9.30964329999995 ], [ -65.2009557, -9.323740399999959 ], [ -65.1957149, -9.331169399999959 ], [ -65.190764, -9.336916699999961 ], [ -65.1883246, -9.34485249999994 ], [ -65.1920982, -9.36036429999996 ], [ -65.1969892, -9.367439899999971 ], [ -65.1961582, -9.375262899999941 ], [ -65.1883783, -9.37912829999993 ], [ -65.180846599999896, -9.381972699999951 ], [ -65.1735439, -9.38544849999994 ], [ -65.1746532, -9.39378119999998 ], [ -65.179518599999895, -9.39967659999996 ], [ -65.184383599999904, -9.407006 ], [ -65.186822699999894, -9.415026099999981 ], [ -65.1854632, -9.42703169999993 ], [ -65.1846237, -9.426991 ], [ -65.1773242, -9.42663619999996 ], [ -65.170985, -9.43143279999998 ], [ -65.163442599999897, -9.434474899999939 ], [ -65.1551295, -9.43715909999997 ], [ -65.149317499999896, -9.442516799999961 ], [ -65.1428806, -9.44681229999998 ], [ -65.130776399999903, -9.442295 ], [ -65.1271298, -9.440934099999939 ], [ -65.113718199999894, -9.43277829999994 ], [ -65.105462, -9.432111299999971 ], [ -65.097849999999895, -9.43251579999998 ], [ -65.0889104, -9.42508039999996 ], [ -65.0924945, -9.41708269999998 ], [ -65.0922916, -9.40938669999997 ], [ -65.086078299999897, -9.404790599999959 ], [ -65.0847586, -9.404173899999931 ], [ -65.0779285, -9.40098139999998 ], [ -65.0704933, -9.402868 ], [ -65.0605752, -9.402443299999961 ], [ -65.053546, -9.40214229999998 ], [ -65.0476335, -9.396192299999941 ], [ -65.047022099999893, -9.38865159999995 ], [ -65.04691, -9.387268399999931 ], [ -65.0399037, -9.38181429999997 ], [ -65.035680199999902, -9.374816799999961 ], [ -65.0393083, -9.359581299999951 ], [ -65.0300361, -9.35657129999993 ], [ -65.024412, -9.353891 ], [ -65.022019499999899, -9.346005199999979 ], [ -65.0144069, -9.34321459999995 ], [ -65.005846699999907, -9.343529399999969 ], [ -65.007516199999898, -9.335535399999969 ], [ -65.0127072, -9.328677499999969 ], [ -65.0068760999999, -9.323719199999969 ], [ -65.0018558, -9.31790089999993 ], [ -65.0005153, -9.30461379999997 ], [ -64.991912399999904, -9.29775539999997 ], [ -64.9861829, -9.291931 ], [ -64.978298999999893, -9.29029329999997 ], [ -64.970571699999894, -9.293015499999971 ], [ -64.9628795, -9.29277659999997 ], [ -64.9577952, -9.28605109999995 ], [ -64.9539389, -9.27892479999997 ], [ -64.9537668, -9.274317399999971 ], [ -64.953653099999897, -9.271271499999949 ], [ -64.9461548, -9.267906699999971 ], [ -64.940682, -9.26240219999994 ], [ -64.9360779, -9.255811199999931 ], [ -64.9328252, -9.240588499999941 ], [ -64.927763, -9.23390489999997 ], [ -64.921489, -9.22828979999997 ], [ -64.9196828, -9.22028029999996 ], [ -64.9235738, -9.21304649999996 ], [ -64.926541799999896, -9.20546449999995 ], [ -64.923736899999895, -9.198137899999949 ], [ -64.9319033, -9.18492709999998 ], [ -64.928991799999906, -9.177636599999969 ], [ -64.930625899999896, -9.169794199999959 ], [ -64.9337151, -9.16234419999995 ], [ -64.933625, -9.15440029999996 ], [ -64.9393148, -9.148304199999931 ], [ -64.9404024, -9.140114 ], [ -64.9403268, -9.132358299999961 ], [ -64.9399298, -9.124565799999971 ], [ -64.9334658, -9.120342 ], [ -64.9292952, -9.10489359999997 ], [ -64.9249067, -9.09745839999994 ], [ -64.9196009, -9.082025699999971 ], [ -64.9156801, -9.074614299999951 ], [ -64.9149024, -9.066770199999951 ], [ -64.916401, -9.05860429999996 ], [ -64.9193505, -9.050563899999929 ], [ -64.917266799999894, -9.043141099999961 ], [ -64.909542299999899, -9.045563099999979 ], [ -64.9015415, -9.04668659999993 ], [ -64.894099099999906, -9.043701799999949 ], [ -64.887233599999902, -9.02921039999995 ], [ -64.880791799999898, -9.02502509999994 ], [ -64.879032299999906, -9.022817 ], [ -64.8790015, -9.02277829999997 ], [ -64.8786827, -9.02237839999998 ], [ -64.8705663, -9.012193599999931 ], [ -64.8631238, -9.00973329999994 ], [ -64.856542, -9.00572959999994 ], [ -64.846403199999898, -8.99808459999997 ], [ -64.8393242, -8.99411139999995 ], [ -64.823760299999904, -8.988462599999931 ], [ -64.8164156, -8.98662 ], [ -64.8078242, -8.985551799999939 ], [ -64.7994596, -8.985463599999949 ], [ -64.7916271, -8.986402799999951 ], [ -64.783964099999906, -8.98926989999995 ], [ -64.7779608, -8.994545799999971 ], [ -64.7745725, -9.00229029999997 ], [ -64.7661567, -9.014483 ], [ -64.7611805, -9.020583399999961 ], [ -64.7535697, -9.020748199999961 ], [ -64.744567, -9.01826879999993 ], [ -64.7380191, -9.016465499999979 ], [ -64.730541, -9.012509699999949 ], [ -64.719235, -9.001884399999939 ], [ -64.7136811, -8.99386289999995 ], [ -64.707211899999905, -8.98986809999997 ], [ -64.6992671, -8.988262 ], [ -64.691152299999899, -8.989509 ], [ -64.683350699999906, -8.99361689999995 ], [ -64.680769499999897, -9.00137539999997 ], [ -64.677048699999901, -9.008471 ], [ -64.671376199999898, -9.01479619999998 ], [ -64.6642965, -9.011975099999971 ], [ -64.657706899999894, -9.008213 ], [ -64.641538, -9.006646 ], [ -64.6262186, -9.011402499999971 ], [ -64.6181567, -9.013475399999949 ], [ -64.611074, -9.01645179999997 ], [ -64.6036802, -9.01434789999996 ], [ -64.6005494, -9.012630199999929 ], [ -64.600255699999906, -9.012469099999979 ], [ -64.5961245, -9.010202199999981 ], [ -64.587961, -9.00950989999995 ], [ -64.579470816, -9.001317695999941 ], [ -64.5794041, -9.00125329999997 ], [ -64.5793993, -9.001142199999951 ], [ -64.578853299999906, -8.98841549999997 ], [ -64.5688804, -8.99177409999993 ], [ -64.564206, -8.98566039999997 ], [ -64.5579566, -8.981306 ], [ -64.5501239, -8.978270899999931 ], [ -64.540749924999901, -8.977133729999929 ], [ -64.5383398, -8.976841299999929 ], [ -64.533628, -8.97626969999993 ], [ -64.517511199999902, -8.978625699999951 ], [ -64.4963719, -8.97905749999995 ], [ -64.4884334, -8.976334 ], [ -64.4802607, -8.97434549999997 ], [ -64.4711813, -8.97374459999997 ], [ -64.4631817, -8.976469299999961 ], [ -64.455462699999899, -8.977859099999931 ], [ -64.446573999999899, -8.97687049999996 ], [ -64.4399814, -8.971970299999951 ], [ -64.4332405, -8.96848189999997 ], [ -64.4248764, -8.96617749999996 ], [ -64.4174254, -8.96332239999998 ], [ -64.4084607, -8.96065039999996 ], [ -64.4015175, -8.95709439999996 ], [ -64.3940107, -8.954214199999971 ], [ -64.379923699999907, -8.946735099999961 ], [ -64.3654114, -8.94261819999997 ], [ -64.3591153, -8.940601499999961 ], [ -64.3475941, -8.936789199999961 ], [ -64.3323343, -8.93103819999993 ], [ -64.3315396, -8.930738699999949 ], [ -64.3233996, -8.92886059999995 ], [ -64.315569099999905, -8.92954679999997 ], [ -64.3128298, -8.93180479999995 ], [ -64.3095688, -8.934492899999951 ], [ -64.311101199999896, -8.943187 ], [ -64.313038, -8.95057629999997 ], [ -64.315787, -8.958016199999969 ], [ -64.326072, -8.97983209999995 ], [ -64.3252888, -8.988070299999951 ], [ -64.319260799999896, -8.993605899999981 ], [ -64.3113185, -8.99647079999994 ], [ -64.2976811, -8.99619629999995 ], [ -64.2937089, -8.99485819999995 ], [ -64.2897368, -8.99352009999996 ], [ -64.281231, -8.993254199999971 ], [ -64.2734838, -8.98960139999997 ], [ -64.265071099999901, -8.988382399999979 ], [ -64.2566739, -8.98838 ], [ -64.248927, -8.98942909999994 ], [ -64.2407602, -8.98988409999993 ], [ -64.2332051, -8.992308099999949 ], [ -64.225537099999897, -8.989114699999959 ], [ -64.2182379, -8.98486989999998 ], [ -64.2111196, -8.981831 ], [ -64.2076865, -8.97953679999995 ], [ -64.2043692, -8.97732039999994 ], [ -64.1891282, -8.969470399999979 ], [ -64.1824624, -8.964386499999931 ], [ -64.1750139, -8.960571399999941 ], [ -64.166928, -8.95834969999993 ], [ -64.1494522, -8.95893719999998 ], [ -64.143433399999907, -8.95353239999997 ], [ -64.141766899999894, -8.945050699999969 ], [ -64.1435883, -8.933703 ], [ -64.1443859, -8.928732299999981 ], [ -64.1444862, -8.928107 ], [ -64.1466475, -8.91989739999997 ], [ -64.149152199999904, -8.912454499999971 ], [ -64.1508449, -8.90501479999995 ], [ -64.1517023, -8.897233299999931 ], [ -64.151732099999904, -8.889153399999939 ], [ -64.1505644, -8.88049 ], [ -64.148793699999899, -8.873090699999979 ], [ -64.152089299999901, -8.866035 ], [ -64.1521387, -8.86499169999996 ], [ -64.1524575, -8.85825869999996 ], [ -64.1525844, -8.857788599999941 ], [ -64.152950099999899, -8.85643389999996 ], [ -64.154509399999895, -8.850657499999951 ], [ -64.155656399999899, -8.84833149999997 ], [ -64.1582033, -8.843167499999939 ], [ -64.1552052, -8.835416199999941 ], [ -64.1421200999999, -8.82615269999997 ], [ -64.135759499999907, -8.820389199999971 ], [ -64.131628099999901, -8.813675499999929 ], [ -64.129458999999898, -8.805162699999929 ], [ -64.1323141, -8.79795079999997 ], [ -64.1409834, -8.78353089999996 ], [ -64.1447623, -8.776447299999971 ], [ -64.1435954, -8.76074639999996 ], [ -64.1440908, -8.751611 ], [ -64.143067099999897, -8.743031499999971 ], [ -64.137981399999902, -8.73604029999996 ], [ -64.1371816, -8.73470709999998 ], [ -64.1338984, -8.729234399999941 ], [ -64.130868399999898, -8.72216019999996 ], [ -64.1245948, -8.71671379999998 ], [ -64.1175659, -8.720025 ], [ -64.111260399999907, -8.725171099999949 ], [ -64.1027069, -8.725912199999931 ], [ -64.0947671, -8.72836349999994 ], [ -64.0871526, -8.724545899999949 ], [ -64.080933, -8.719460199999959 ], [ -64.0751521, -8.71310749999998 ], [ -64.0673962, -8.71072529999998 ], [ -64.0588951, -8.70999449999994 ], [ -64.0507358, -8.710848599999959 ], [ -64.0431747, -8.71190979999994 ], [ -64.035893799999897, -8.71527129999993 ], [ -64.027869199999898, -8.71566619999993 ], [ -64.029012899999898, -8.707530599999931 ], [ -64.0340957, -8.70149709999993 ], [ -64.035130299999906, -8.69557239999995 ], [ -64.0354821, -8.69355769999993 ], [ -64.0325112, -8.686202599999939 ], [ -64.027204299999894, -8.67975519999993 ], [ -64.0205402, -8.674991199999971 ], [ -64.0195624, -8.67325389999996 ], [ -64.016426099999904, -8.667682 ], [ -64.0191786, -8.66044839999995 ], [ -64.0167031, -8.652500599999939 ], [ -64.009480999999894, -8.648552099999961 ], [ -64.005175199999897, -8.641748 ], [ -64.0056488, -8.633625 ], [ -64.0055809, -8.632976099999951 ], [ -64.0052267, -8.62959009999997 ], [ -64.0048419, -8.625910899999949 ], [ -63.998345099999902, -8.621104399999981 ], [ -63.9967821, -8.62030859999993 ], [ -63.9960254, -8.61992339999995 ], [ -63.9910948, -8.61741379999995 ], [ -63.9862097, -8.58563389999995 ], [ -63.980263299999898, -8.58068809999997 ], [ -63.972540299999899, -8.582452499999929 ], [ -63.9671483, -8.587883599999939 ], [ -63.9655984, -8.595926099999931 ], [ -63.9540923, -8.60725379999997 ], [ -63.9459538999999, -8.60948529999996 ], [ -63.9411742, -8.602610599999929 ], [ -63.9360129, -8.592857199999971 ], [ -63.9341216, -8.588421699999969 ], [ -63.9245687, -8.57552539999995 ], [ -63.9224824, -8.567377299999981 ], [ -63.923171399999902, -8.559293499999971 ], [ -63.9331959, -8.557352699999971 ], [ -63.9390055, -8.55622789999995 ], [ -63.945620399999903, -8.550498 ], [ -63.945945499999901, -8.546169799999969 ], [ -63.9462282, -8.542407 ], [ -63.9431756, -8.534463799999971 ], [ -63.9437880999999, -8.52660439999994 ], [ -63.948590099999898, -8.52048509999997 ], [ -63.9540943, -8.51530169999995 ], [ -63.9587485, -8.510003499999931 ], [ -63.9595055999999, -8.509141399999979 ], [ -63.9661763, -8.50538859999995 ], [ -63.967392699999898, -8.50382839999997 ], [ -63.970897099999902, -8.499333299999931 ], [ -63.974504599999896, -8.48723809999996 ], [ -63.9731772, -8.47844719999995 ], [ -63.9655599, -8.471260699999959 ], [ -63.9408384, -8.452264 ], [ -63.9390898, -8.44154849999995 ], [ -63.943950899999898, -8.43526939999998 ], [ -63.953727, -8.427964799999931 ], [ -63.9661192, -8.42278189999996 ], [ -63.9778954, -8.42013289999994 ], [ -63.9769545999999, -8.40973969999993 ], [ -63.9670125, -8.402144699999949 ], [ -63.955649999999899, -8.39650849999998 ], [ -63.945373199999899, -8.387826099999931 ], [ -63.943479099999898, -8.37705249999993 ], [ -63.9433677, -8.363489699999951 ], [ -63.9453192, -8.350669 ], [ -63.9456197, -8.338933 ], [ -63.944871099999901, -8.335060299999951 ], [ -63.944122499999899, -8.33118769999993 ], [ -63.9321317, -8.324872399999951 ], [ -63.931788299999901, -8.324691599999939 ], [ -63.9212889, -8.327124899999941 ], [ -63.910835899999903, -8.32852479999997 ], [ -63.9043422, -8.32205909999993 ], [ -63.900561, -8.312841099999959 ], [ -63.8991263, -8.309343699999941 ], [ -63.8949267, -8.302028699999941 ], [ -63.8820051, -8.291229199999981 ], [ -63.870759399999898, -8.28881959999995 ], [ -63.8674867, -8.289317399999961 ], [ -63.8592254, -8.290573399999969 ], [ -63.8591569, -8.290598599999949 ], [ -63.858647399999903, -8.290786299999979 ], [ -63.858602, -8.290803 ], [ -63.847123699999898, -8.29503129999995 ], [ -63.8253386, -8.30615259999996 ], [ -63.8076723, -8.31935749999997 ], [ -63.8001424, -8.328361199999961 ], [ -63.7912312999999, -8.333215299999949 ], [ -63.7815955, -8.32924 ], [ -63.773508299999897, -8.32073279999997 ], [ -63.7698912, -8.313680399999949 ], [ -63.7686207, -8.311203199999969 ], [ -63.765939699999898, -8.30718049999996 ], [ -63.7629234999999, -8.302654199999949 ], [ -63.7600651, -8.29110439999994 ], [ -63.7465624, -8.270169199999939 ], [ -63.7227614, -8.249499 ], [ -63.7269497999999, -8.24074579999996 ], [ -63.7322296, -8.234725 ], [ -63.7383124, -8.22658859999996 ], [ -63.748562799999902, -8.20786519999996 ], [ -63.7470344, -8.19858319999997 ], [ -63.7415348, -8.190074099999951 ], [ -63.7301722999999, -8.18018619999998 ], [ -63.7234253, -8.175262299999931 ], [ -63.7037572999999, -8.164545499999971 ], [ -63.6934211, -8.15834869999998 ], [ -63.6871578, -8.149471699999941 ], [ -63.6871417999999, -8.149449 ], [ -63.686664999999898, -8.148773299999959 ], [ -63.6861722, -8.14807489999993 ], [ -63.6824263, -8.137299 ], [ -63.6764243, -8.12786109999996 ], [ -63.6698977, -8.121743199999971 ], [ -63.662448599999898, -8.101171299999979 ], [ -63.6689496, -8.091904099999971 ], [ -63.6670003, -8.08160329999993 ], [ -63.6508706, -8.06644029999995 ], [ -63.6438629, -8.057288099999941 ], [ -63.6387579, -8.04719419999998 ], [ -63.6266184999999, -8.041184499999931 ], [ -63.621778999999897, -8.02961079999994 ], [ -63.62645, -8.01611209999993 ], [ -63.6254751, -8.00637679999994 ], [ -63.6218941, -7.99462109999996 ], [ -63.622065, -7.98376929999995 ], [ -63.621249099999901, -7.97653169999995 ], [ -63.620136387999899, -7.97653188999993 ], [ -63.5351295, -7.97639249999997 ], [ -63.500100599999897, -7.97639249999997 ], [ -63.464995799999897, -7.97639249999997 ], [ -63.4422057, -7.97639249999997 ], [ -63.389461599999898, -7.97658479999996 ], [ -63.3850576, -7.97659329999993 ], [ -63.3797319, -7.976605 ], [ -63.3272082, -7.97672029999995 ], [ -63.1183827, -7.97710719999998 ], [ -63.039790835, -7.97672048099997 ], [ -62.901170643999897, -7.97604391299996 ], [ -62.877206580999903, -7.97592221699995 ], [ -62.8674137, -7.97639239999995 ], [ -62.8671892, -7.97645719999997 ], [ -62.8671423, -7.97647079999996 ], [ -62.8670496, -7.97656959999995 ], [ -62.8669783, -7.97668969999995 ], [ -62.8669672, -7.97671369999995 ], [ -62.866899799999899, -7.97685909999996 ], [ -62.8668143, -7.97706389999996 ], [ -62.8667201, -7.97724159999996 ], [ -62.8666717, -7.97729689999994 ], [ -62.8665362, -7.97743819999994 ], [ -62.8664292, -7.97760759999994 ], [ -62.8662795, -7.97781949999995 ], [ -62.8661298, -7.97808079999993 ], [ -62.8660371, -7.97829969999998 ], [ -62.865944399999897, -7.97847619999993 ], [ -62.8658445, -7.97861039999998 ], [ -62.8658096999999, -7.97866869999996 ], [ -62.8657519, -7.97876569999994 ], [ -62.865743699999904, -7.97878479999997 ], [ -62.8656948, -7.97889989999993 ], [ -62.865609199999902, -7.979027 ], [ -62.865466599999898, -7.97919649999994 ], [ -62.8653312, -7.97935179999996 ], [ -62.865231299999898, -7.97945069999997 ], [ -62.8651244, -7.97953539999997 ], [ -62.865010299999902, -7.979606 ], [ -62.864962299999902, -7.97963319999997 ], [ -62.864810599999899, -7.979719 ], [ -62.8646169, -7.97983149999993 ], [ -62.8646039, -7.979839 ], [ -62.8645592, -7.979858 ], [ -62.8644288, -7.97991329999996 ], [ -62.864354299999903, -7.979945 ], [ -62.864140399999897, -7.98002969999993 ], [ -62.8639835, -7.98007909999995 ], [ -62.863869399999899, -7.98010029999995 ], [ -62.863726799999903, -7.98010739999995 ], [ -62.8635556999999, -7.98010029999995 ], [ -62.8633632, -7.98007209999997 ], [ -62.8632277, -7.98007209999997 ], [ -62.8630583999999, -7.98008909999993 ], [ -62.862920899999899, -7.98011829999996 ], [ -62.8627849, -7.980154 ], [ -62.8626508, -7.98019609999994 ], [ -62.862518899999898, -7.98024459999993 ], [ -62.8623893, -7.98029929999996 ], [ -62.8623201999999, -7.98033269999996 ], [ -62.8622544, -7.98037239999996 ], [ -62.8621926, -7.98041789999996 ], [ -62.862135099999897, -7.98046889999995 ], [ -62.8620826, -7.98052489999998 ], [ -62.8620354, -7.98058549999996 ], [ -62.8619939, -7.98065019999996 ], [ -62.8619585, -7.98071829999998 ], [ -62.8619295, -7.98078949999996 ], [ -62.8619072, -7.98086289999998 ], [ -62.8618916, -7.98093819999997 ], [ -62.861883, -7.98101449999996 ], [ -62.8618814, -7.98109129999995 ], [ -62.8618787999999, -7.98156759999995 ], [ -62.861849499999899, -7.981716 ], [ -62.8618134, -7.98186289999995 ], [ -62.861770299999897, -7.98200789999993 ], [ -62.8617204, -7.98215069999998 ], [ -62.861642699999898, -7.98229769999995 ], [ -62.8615377, -7.98243039999994 ], [ -62.861455099999901, -7.98248829999994 ], [ -62.8613687, -7.98254029999993 ], [ -62.861278899999903, -7.98258609999993 ], [ -62.861186099999898, -7.98262559999995 ], [ -62.8610907999999, -7.98265859999998 ], [ -62.8609934, -7.98268489999998 ], [ -62.8608945, -7.98270439999993 ], [ -62.8607944, -7.982717 ], [ -62.8606937, -7.98272249999997 ], [ -62.8605929, -7.98272109999994 ], [ -62.860492399999899, -7.98271269999998 ], [ -62.8603927, -7.98269729999993 ], [ -62.8602944, -7.98267509999994 ], [ -62.8601978, -7.98264609999995 ], [ -62.8601035, -7.98261039999994 ], [ -62.860011799999903, -7.98256829999997 ], [ -62.8599234, -7.98251989999994 ], [ -62.8599186, -7.98251679999993 ], [ -62.859838399999902, -7.98246549999993 ], [ -62.859687999999899, -7.98233439999996 ], [ -62.859625999999899, -7.98227609999998 ], [ -62.8595524999999, -7.98220729999997 ], [ -62.8594462, -7.98203879999994 ], [ -62.8594456, -7.98203779999994 ], [ -62.8593101, -7.98185419999993 ], [ -62.8591604, -7.98169179999996 ], [ -62.8589679, -7.98150109999995 ], [ -62.858746799999899, -7.98135989999997 ], [ -62.858532899999901, -7.98123279999993 ], [ -62.858319, -7.98112689999994 ], [ -62.8580623, -7.981021 ], [ -62.857884, -7.98096449999997 ], [ -62.8577414, -7.98092919999993 ], [ -62.857606, -7.980908 ], [ -62.8574134, -7.980908 ], [ -62.857249399999901, -7.98095039999993 ], [ -62.8570712, -7.98104209999997 ], [ -62.8569357, -7.98113389999997 ], [ -62.8567289, -7.98130339999994 ], [ -62.8565364, -7.98149409999996 ], [ -62.856293999999899, -7.98176949999993 ], [ -62.856094299999903, -7.98200249999996 ], [ -62.855887499999902, -7.98226379999994 ], [ -62.8554454, -7.98285689999994 ], [ -62.8552529, -7.98312519999996 ], [ -62.8551174, -7.98334409999995 ], [ -62.8549891, -7.98352069999993 ], [ -62.854882099999898, -7.98371129999992 ], [ -62.8548251, -7.98386669999996 ], [ -62.8547538, -7.98410679999995 ], [ -62.8546681999999, -7.984481 ], [ -62.8545898, -7.98486939999998 ], [ -62.8545778, -7.98495639999993 ], [ -62.854547, -7.98518009999998 ], [ -62.8545185, -7.98544129999993 ], [ -62.854489999999899, -7.98571669999995 ], [ -62.854497099999897, -7.98588619999992 ], [ -62.8545042, -7.98608389999993 ], [ -62.8545328, -7.98626749999994 ], [ -62.8545625, -7.98642669999998 ], [ -62.854568399999899, -7.98645809999994 ], [ -62.8546125, -7.9866 ], [ -62.8546254, -7.98664169999995 ], [ -62.854654, -7.98683949999997 ], [ -62.8546487999999, -7.98689259999998 ], [ -62.854632599999903, -7.98705839999997 ], [ -62.8545541, -7.98729139999995 ], [ -62.854425799999902, -7.98743259999998 ], [ -62.8542689, -7.98751729999998 ], [ -62.8540479, -7.98754559999998 ], [ -62.8538564999999, -7.98752839999997 ], [ -62.853734099999897, -7.98751729999998 ], [ -62.8534988, -7.98749619999995 ], [ -62.8534637, -7.987484 ], [ -62.853213599999897, -7.98739729999994 ], [ -62.852992599999901, -7.98733369999997 ], [ -62.852721599999903, -7.98720659999998 ], [ -62.8524863, -7.98707249999995 ], [ -62.8523509, -7.98694539999997 ], [ -62.852251, -7.98679 ], [ -62.852136899999898, -7.98659939999993 ], [ -62.852082499999902, -7.98648069999996 ], [ -62.852065599999897, -7.986444 ], [ -62.852029699999903, -7.986306 ], [ -62.8520086, -7.98622509999996 ], [ -62.8519373, -7.98602739999995 ], [ -62.8518232, -7.985865 ], [ -62.8516806, -7.985752 ], [ -62.8515095, -7.98567439999994 ], [ -62.8514501, -7.98565479999996 ], [ -62.8512742, -7.98559669999997 ], [ -62.8510032, -7.98556839999998 ], [ -62.8507109, -7.98556839999998 ], [ -62.850389999999898, -7.98562489999995 ], [ -62.8500976, -7.98568849999998 ], [ -62.849833799999899, -7.98570969999997 ], [ -62.8495629, -7.98569549999996 ], [ -62.849306199999901, -7.98570969999997 ], [ -62.8490424, -7.98570259999997 ], [ -62.848614499999897, -7.98566729999993 ], [ -62.8481724, -7.98564609999994 ], [ -62.8479518, -7.98564389999996 ], [ -62.8475682, -7.98566189999997 ], [ -62.847372699999902, -7.98569089999995 ], [ -62.847202599999903, -7.98574139999994 ], [ -62.847070899999899, -7.98580139999996 ], [ -62.8465426, -7.98613769999997 ], [ -62.846342, -7.986237 ], [ -62.8462574, -7.98627889999995 ], [ -62.8459222, -7.986399 ], [ -62.845473, -7.98654729999993 ], [ -62.8453812, -7.98657169999996 ], [ -62.8451022, -7.98664609999997 ], [ -62.8449945999999, -7.986681 ], [ -62.8447101, -7.98677319999996 ], [ -62.844337, -7.98688539999995 ], [ -62.8443108, -7.98689329999996 ], [ -62.843997, -7.98704149999998 ], [ -62.8438633, -7.98714909999995 ], [ -62.8437689, -7.98722509999993 ], [ -62.843704699999897, -7.987444 ], [ -62.843718899999899, -7.98763469999994 ], [ -62.843783099999897, -7.98783949999995 ], [ -62.8438616, -7.98804419999993 ], [ -62.8439061999999, -7.98824909999996 ], [ -62.84394, -7.98840439999998 ], [ -62.843943399999901, -7.98848089999996 ], [ -62.8439542, -7.98872209999996 ], [ -62.8439542, -7.98897629999993 ], [ -62.8439205, -7.98913689999995 ], [ -62.843918599999903, -7.98914579999996 ], [ -62.843847299999901, -7.98925879999996 ], [ -62.8436904, -7.98936469999995 ], [ -62.8435122, -7.98939289999993 ], [ -62.843284, -7.98939289999993 ], [ -62.8431414, -7.98936469999995 ], [ -62.8429988, -7.98930819999993 ], [ -62.8427776999999, -7.98914579999996 ], [ -62.8426209, -7.98894809999996 ], [ -62.842428299999902, -7.988708 ], [ -62.8422715, -7.98853849999995 ], [ -62.8420005, -7.98831259999997 ], [ -62.8417367, -7.98822079999997 ], [ -62.8415656, -7.98822079999997 ], [ -62.8414087, -7.98826309999993 ], [ -62.8412724, -7.98837879999996 ], [ -62.841209, -7.98843259999995 ], [ -62.841095, -7.98863739999996 ], [ -62.841023699999901, -7.98884919999995 ], [ -62.8410023, -7.98914579999996 ], [ -62.8409736999999, -7.98947059999995 ], [ -62.8409452, -7.98981659999993 ], [ -62.840881, -7.99012729999993 ], [ -62.840823999999898, -7.99038859999996 ], [ -62.8407741, -7.99063569999993 ], [ -62.8407438999999, -7.99079629999994 ], [ -62.840717, -7.99093929999998 ], [ -62.84066, -7.99127119999997 ], [ -62.8406315, -7.99177959999997 ], [ -62.8406671, -7.992062 ], [ -62.8407313, -7.99235159999995 ], [ -62.840793, -7.99262889999994 ], [ -62.840823999999898, -7.99276819999994 ], [ -62.840902399999898, -7.99305059999995 ], [ -62.840966599999902, -7.99316359999995 ], [ -62.8409738, -7.99317129999997 ], [ -62.8410522, -7.99325539999995 ], [ -62.8411948, -7.99335419999994 ], [ -62.8414372, -7.99347429999995 ], [ -62.841438299999901, -7.99347519999998 ], [ -62.8416796, -7.993679 ], [ -62.841808, -7.993792 ], [ -62.8418753, -7.99387829999995 ], [ -62.8419292, -7.99394739999997 ], [ -62.8419757, -7.99407629999996 ], [ -62.8420005, -7.99414509999997 ], [ -62.8420027, -7.994152 ], [ -62.842079, -7.99439219999994 ], [ -62.842100199999898, -7.994508 ], [ -62.842107499999898, -7.99454759999998 ], [ -62.842107499999898, -7.99468879999995 ], [ -62.8420932, -7.99487239999996 ], [ -62.842043299999901, -7.99499949999995 ], [ -62.8419863, -7.99513359999997 ], [ -62.841900699999897, -7.99521129999994 ], [ -62.8418009, -7.99526779999997 ], [ -62.841755099999901, -7.99527279999995 ], [ -62.8416083, -7.995289 ], [ -62.8412162, -7.99528189999995 ], [ -62.8408454, -7.99525369999998 ], [ -62.840481699999899, -7.99522539999998 ], [ -62.8401537, -7.99521129999994 ], [ -62.8399042, -7.99521129999994 ], [ -62.8397259, -7.99521129999994 ], [ -62.8394764, -7.99531719999993 ], [ -62.839127, -7.99547959999995 ], [ -62.8388204, -7.99562079999993 ], [ -62.8384781, -7.99579029999995 ], [ -62.838143, -7.995981 ], [ -62.8378435, -7.99611509999994 ], [ -62.8375583, -7.99619989999997 ], [ -62.8372802, -7.99620689999995 ], [ -62.837052, -7.99617869999997 ], [ -62.8369023, -7.99613629999993 ], [ -62.8367312, -7.99604449999993 ], [ -62.8366313, -7.99592449999994 ], [ -62.8365548, -7.99578669999994 ], [ -62.8365529, -7.99578329999997 ], [ -62.8364673, -7.99550789999995 ], [ -62.8364246, -7.99521839999994 ], [ -62.8363889, -7.99489359999995 ], [ -62.836367499999902, -7.99464639999997 ], [ -62.8363636999999, -7.99461339999993 ], [ -62.836339, -7.99439929999994 ], [ -62.8362748, -7.99420159999994 ], [ -62.836160699999901, -7.99406739999995 ], [ -62.835992099999899, -7.99394989999996 ], [ -62.8359682, -7.99393319999996 ], [ -62.835704399999898, -7.99387679999995 ], [ -62.8354333999999, -7.99389789999998 ], [ -62.8353549, -7.99391129999998 ], [ -62.8352641, -7.99392669999997 ], [ -62.835183899999898, -7.99394029999996 ], [ -62.8351325, -7.99395669999996 ], [ -62.834941399999899, -7.994018 ], [ -62.834634799999897, -7.99410979999993 ], [ -62.834314, -7.99420859999998 ], [ -62.834007299999897, -7.99431449999997 ], [ -62.8336651, -7.99442749999997 ], [ -62.833662499999903, -7.99442839999995 ], [ -62.833208699999901, -7.99458289999995 ], [ -62.8329342, -7.99468479999996 ], [ -62.8328665, -7.99471 ], [ -62.8328323, -7.99472689999993 ], [ -62.8326383, -7.99482289999997 ], [ -62.8325569, -7.99488259999993 ], [ -62.8324458, -7.99496419999997 ], [ -62.8321677, -7.99520419999993 ], [ -62.8318254, -7.99550789999995 ], [ -62.831468899999898, -7.99582559999993 ], [ -62.831190799999902, -7.99608689999997 ], [ -62.8310197, -7.996334 ], [ -62.830905599999902, -7.99658819999996 ], [ -62.830821399999898, -7.99688589999994 ], [ -62.8308058, -7.99694129999995 ], [ -62.8307416, -7.99728729999993 ], [ -62.830691699999903, -7.99776739999993 ], [ -62.8306347, -7.99826169999994 ], [ -62.830597, -7.998507 ], [ -62.8304849, -7.99923609999996 ], [ -62.830392199999899, -8.000019899999931 ], [ -62.830392199999899, -8.00046469999995 ], [ -62.830391399999897, -8.000510199999949 ], [ -62.830385099999901, -8.00083189999998 ], [ -62.830435, -8.00135439999997 ], [ -62.8304849, -8.001855699999959 ], [ -62.8304861, -8.00186639999993 ], [ -62.8305205999999, -8.00218759999996 ], [ -62.8305433, -8.002322499999931 ], [ -62.8305705, -8.002484199999969 ], [ -62.8306133, -8.002738299999979 ], [ -62.8307131, -8.00299249999995 ], [ -62.8307455, -8.00306419999993 ], [ -62.8308058, -8.00319729999995 ], [ -62.8309128, -8.003359699999979 ], [ -62.831048199999898, -8.00353619999993 ], [ -62.8311623, -8.003642099999981 ], [ -62.8313335, -8.003748099999941 ], [ -62.8314761, -8.00382569999994 ], [ -62.831597299999899, -8.00392459999995 ], [ -62.8316971, -8.00403759999995 ], [ -62.8317541, -8.004164699999929 ], [ -62.831761, -8.00425269999994 ], [ -62.8317613, -8.004256399999971 ], [ -62.831732799999898, -8.004404699999951 ], [ -62.83169, -8.004475299999971 ], [ -62.8315759, -8.004581299999931 ], [ -62.8314369, -8.00465 ], [ -62.831414499999902, -8.004661099999961 ], [ -62.8314048, -8.004666 ], [ -62.831183699999897, -8.00475779999994 ], [ -62.8311492999999, -8.00476629999997 ], [ -62.830927, -8.00482129999995 ], [ -62.8307234, -8.00483809999997 ], [ -62.8306703, -8.00484249999994 ], [ -62.8303566, -8.004814299999961 ], [ -62.8300642, -8.00477189999998 ], [ -62.8298004, -8.004729499999939 ], [ -62.829669899999899, -8.00475539999996 ], [ -62.8296222, -8.004764799999981 ], [ -62.829581699999899, -8.004794199999941 ], [ -62.8295459, -8.00482019999993 ], [ -62.829515199999904, -8.00484249999994 ], [ -62.829479499999898, -8.004891399999959 ], [ -62.8294746, -8.004898099999931 ], [ -62.8294225, -8.004969599999979 ], [ -62.8293156, -8.005181399999969 ], [ -62.829237099999901, -8.005421499999949 ], [ -62.829165799999899, -8.00572509999995 ], [ -62.829123, -8.006085199999969 ], [ -62.8290731, -8.00659359999997 ], [ -62.8290302999999, -8.00688309999992 ], [ -62.8289733, -8.007045499999951 ], [ -62.8288735, -8.007207899999971 ], [ -62.8287596, -8.00735389999994 ], [ -62.8287523, -8.007363199999929 ], [ -62.828732499999902, -8.007374499999971 ], [ -62.8284866, -8.00751559999998 ], [ -62.8284813, -8.007518599999971 ], [ -62.828153299999897, -8.007673899999929 ], [ -62.8281358999999, -8.007681 ], [ -62.8279964, -8.00773749999996 ], [ -62.827840299999899, -8.007793699999979 ], [ -62.827839599999898, -8.007794 ], [ -62.827838299999897, -8.007794099999961 ], [ -62.8277555, -8.00780479999997 ], [ -62.8276756, -8.007815099999959 ], [ -62.8275975, -8.00780939999993 ], [ -62.827483, -8.007801 ], [ -62.827276299999902, -8.007751599999949 ], [ -62.8270481, -8.007652699999939 ], [ -62.8267058, -8.007497399999981 ], [ -62.8264634, -8.007419699999961 ], [ -62.8259714, -8.007363199999929 ], [ -62.8258943, -8.007358899999931 ], [ -62.8258125, -8.00735439999994 ], [ -62.825513199999897, -8.00733769999994 ], [ -62.8254651, -8.007335 ], [ -62.8252156, -8.007356199999951 ], [ -62.8250231, -8.00742679999996 ], [ -62.8248988, -8.007493 ], [ -62.824837699999897, -8.00752559999995 ], [ -62.824791499999897, -8.00757129999994 ], [ -62.8247461, -8.007616399999961 ], [ -62.8246665, -8.00769509999998 ], [ -62.8245596, -8.00790689999997 ], [ -62.8245097, -8.00816819999994 ], [ -62.8245524, -8.00840829999993 ], [ -62.824602399999897, -8.008556499999941 ], [ -62.8246066, -8.00856419999997 ], [ -62.8246808, -8.008697699999971 ], [ -62.8248302, -8.008839599999931 ], [ -62.824851899999899, -8.008860099999939 ], [ -62.8250944, -8.00906489999994 ], [ -62.825413, -8.00928629999993 ], [ -62.8255008, -8.00934729999994 ], [ -62.8258074, -8.009594499999929 ], [ -62.8259714, -8.00980629999998 ], [ -62.8260847, -8.010051699999959 ], [ -62.8260855, -8.010053399999951 ], [ -62.8260873, -8.010079899999941 ], [ -62.8260955, -8.01020229999995 ], [ -62.8260997, -8.01026529999996 ], [ -62.8260784, -8.01055469999994 ], [ -62.8260142, -8.01080189999993 ], [ -62.825928599999898, -8.01101369999998 ], [ -62.8258281, -8.01116709999997 ], [ -62.8257575, -8.011274899999931 ], [ -62.8255808, -8.01149519999996 ], [ -62.825565, -8.011515 ], [ -62.8253225, -8.01178329999993 ], [ -62.825167899999897, -8.011961299999941 ], [ -62.8250586999999, -8.012086899999931 ], [ -62.8247949, -8.012432899999959 ], [ -62.824645099999898, -8.01268 ], [ -62.8244811, -8.012948399999971 ], [ -62.8243385, -8.01318839999993 ], [ -62.8242031, -8.013393199999941 ], [ -62.824053299999903, -8.013534399999971 ], [ -62.8239581, -8.01359289999994 ], [ -62.823846499999902, -8.01366149999996 ], [ -62.8236469, -8.013725 ], [ -62.8232048, -8.01387329999994 ], [ -62.8228839, -8.013979199999939 ], [ -62.8225987, -8.01410629999998 ], [ -62.8223206, -8.014240499999969 ], [ -62.8218714, -8.014572299999941 ], [ -62.8216219, -8.014755899999949 ], [ -62.821329499999898, -8.014988899999929 ], [ -62.820915899999903, -8.01529249999993 ], [ -62.8204739, -8.01572319999997 ], [ -62.8201184, -8.01599569999996 ], [ -62.8200318, -8.016062099999941 ], [ -62.8198963, -8.016231599999969 ], [ -62.819891299999902, -8.01624 ], [ -62.8198490999999, -8.016311 ], [ -62.819825, -8.01635159999995 ], [ -62.819823, -8.016359499999959 ], [ -62.8197822, -8.016521099999981 ], [ -62.8197466, -8.01678939999994 ], [ -62.8197408999999, -8.017024899999971 ], [ -62.819739399999897, -8.01708589999993 ], [ -62.819768, -8.017389599999939 ], [ -62.819796499999903, -8.017672 ], [ -62.819814199999897, -8.01775409999993 ], [ -62.8198171, -8.01776749999993 ], [ -62.8198393, -8.017869699999951 ], [ -62.8198892, -8.018053299999959 ], [ -62.8199044, -8.018173599999949 ], [ -62.8199106, -8.018222699999971 ], [ -62.8198892, -8.01835689999996 ], [ -62.8198606999999, -8.01844869999996 ], [ -62.8197822, -8.01850509999997 ], [ -62.8196253, -8.01852629999996 ], [ -62.8194756, -8.01852629999996 ], [ -62.819240299999898, -8.01846279999995 ], [ -62.8190407, -8.018342799999971 ], [ -62.8187554, -8.01810979999993 ], [ -62.8187531, -8.01810689999996 ], [ -62.8184845, -8.017785 ], [ -62.8182492, -8.01746719999994 ], [ -62.818166899999902, -8.017353199999951 ], [ -62.8180709, -8.017220099999969 ], [ -62.8180325, -8.017156 ], [ -62.8179354, -8.016994199999941 ], [ -62.8178904, -8.01695819999998 ], [ -62.8177143999999, -8.016817599999969 ], [ -62.8175504, -8.016754099999959 ], [ -62.8173365, -8.016697599999929 ], [ -62.817227699999897, -8.01668559999996 ], [ -62.8170798, -8.016669399999961 ], [ -62.8168873, -8.016669399999961 ], [ -62.816644799999899, -8.016690599999951 ], [ -62.8164381, -8.01674 ], [ -62.8162669, -8.016775299999949 ], [ -62.81616, -8.016902399999941 ], [ -62.816110099999896, -8.01702949999998 ], [ -62.8161029, -8.017227199999979 ], [ -62.81612, -8.017328299999971 ], [ -62.8161386, -8.017439 ], [ -62.8162028, -8.01761549999998 ], [ -62.8162632, -8.01772019999993 ], [ -62.8163168, -8.01781319999998 ], [ -62.8165379, -8.01806029999995 ], [ -62.816780299999898, -8.018293299999931 ], [ -62.8170584, -8.01852629999996 ], [ -62.817308, -8.01877349999995 ], [ -62.8174577, -8.018928799999969 ], [ -62.8176288, -8.01925359999996 ], [ -62.8177429, -8.019465399999939 ], [ -62.8178214, -8.01970549999993 ], [ -62.8178713, -8.019903199999931 ], [ -62.817921199999901, -8.02022089999997 ], [ -62.817931, -8.02031359999995 ], [ -62.8179354, -8.020355 ], [ -62.817914099999903, -8.020552699999939 ], [ -62.817856999999897, -8.020651599999949 ], [ -62.8177643, -8.02073629999995 ], [ -62.8175932, -8.020771599999931 ], [ -62.8173776, -8.02073719999993 ], [ -62.817372099999901, -8.02073629999995 ], [ -62.817201, -8.020679799999931 ], [ -62.8170014, -8.020573899999929 ], [ -62.816820499999899, -8.02046049999996 ], [ -62.8167875, -8.020439799999959 ], [ -62.8165807, -8.020277399999941 ], [ -62.8163097, -8.01999489999997 ], [ -62.816038799999902, -8.01967019999995 ], [ -62.8157821, -8.01935949999995 ], [ -62.815482599999903, -8.01909819999997 ], [ -62.8151902, -8.018829899999959 ], [ -62.8149122, -8.01867459999994 ], [ -62.814612699999898, -8.018491 ], [ -62.8143631, -8.01837809999995 ], [ -62.8143329, -8.018367799999959 ], [ -62.8141136, -8.018293299999931 ], [ -62.8138355, -8.01822979999997 ], [ -62.8136038, -8.018204299999979 ], [ -62.8135788, -8.01820149999998 ], [ -62.8134433, -8.01821569999993 ], [ -62.8133007, -8.01830039999993 ], [ -62.8132365, -8.018392199999941 ], [ -62.813208, -8.018533399999971 ], [ -62.813208, -8.018688699999929 ], [ -62.813250799999899, -8.01886519999994 ], [ -62.813329199999899, -8.01904879999995 ], [ -62.813429, -8.019183 ], [ -62.813600199999897, -8.019373599999939 ], [ -62.813659, -8.019451299999959 ], [ -62.813749899999898, -8.01957129999994 ], [ -62.8138569, -8.019776099999939 ], [ -62.8139638, -8.019973799999949 ], [ -62.8140708, -8.02018559999993 ], [ -62.8141492, -8.020355 ], [ -62.8142063, -8.020552699999939 ], [ -62.814256199999903, -8.02072219999997 ], [ -62.8143489, -8.020884599999929 ], [ -62.8144915, -8.02111049999996 ], [ -62.8146483, -8.021308199999959 ], [ -62.8147696, -8.021435299999951 ], [ -62.8148694, -8.02156949999994 ], [ -62.8149122, -8.021689499999979 ], [ -62.8149692, -8.02182369999997 ], [ -62.8149692, -8.021929599999959 ], [ -62.8149478, -8.02202139999997 ], [ -62.814884699999901, -8.022090099999961 ], [ -62.8148765, -8.022099 ], [ -62.8148717, -8.022101299999971 ], [ -62.8147125, -8.02217669999993 ], [ -62.814548499999901, -8.02223319999996 ], [ -62.8143631, -8.02226139999993 ], [ -62.8141421, -8.02224729999995 ], [ -62.8139638, -8.022190799999979 ], [ -62.8137642, -8.02207779999998 ], [ -62.813593, -8.02196489999994 ], [ -62.8135713, -8.02194549999996 ], [ -62.8133791, -8.02177419999998 ], [ -62.813179499999897, -8.021597699999971 ], [ -62.8129584, -8.021385899999929 ], [ -62.812801599999901, -8.02118819999993 ], [ -62.8126904, -8.02100849999994 ], [ -62.812666099999902, -8.02096929999993 ], [ -62.812552, -8.02073629999995 ], [ -62.8124237, -8.02040449999993 ], [ -62.8123381, -8.02018559999993 ], [ -62.812245399999902, -8.020002 ], [ -62.8121745, -8.019926399999971 ], [ -62.8121527, -8.019903199999931 ], [ -62.812129399999897, -8.01988729999994 ], [ -62.812038599999902, -8.019825499999969 ], [ -62.8119158, -8.019789 ], [ -62.811895999999898, -8.01978309999993 ], [ -62.811824699999903, -8.01978309999993 ], [ -62.8117463, -8.01979019999993 ], [ -62.8116821, -8.019839599999949 ], [ -62.8116393, -8.01993139999996 ], [ -62.8116108, -8.020086699999981 ], [ -62.8116108, -8.02036919999995 ], [ -62.8116322, -8.02068689999993 ], [ -62.811675, -8.020919899999971 ], [ -62.811724899999902, -8.021145799999941 ], [ -62.8117748, -8.02135059999995 ], [ -62.8118033, -8.021541199999939 ], [ -62.811831799999901, -8.02173189999996 ], [ -62.811906899999897, -8.022008799999981 ], [ -62.8119103, -8.02202139999997 ], [ -62.811958499999903, -8.022185199999971 ], [ -62.8119602, -8.022190799999979 ], [ -62.8119737, -8.02234479999993 ], [ -62.811974399999897, -8.022353199999939 ], [ -62.8119958, -8.022642699999951 ], [ -62.812031499999897, -8.022875699999931 ], [ -62.8120742999999, -8.023080399999969 ], [ -62.812109899999903, -8.023384 ], [ -62.812109899999903, -8.023553499999929 ], [ -62.812096499999903, -8.023622399999971 ], [ -62.8120742999999, -8.02373709999995 ], [ -62.812038599999902, -8.02389949999997 ], [ -62.8119025, -8.024094899999969 ], [ -62.811895999999898, -8.02410419999995 ], [ -62.8118122, -8.02420259999997 ], [ -62.811589399999903, -8.02446429999998 ], [ -62.8114042, -8.024717 ], [ -62.8113256, -8.02482439999994 ], [ -62.811239999999898, -8.025015 ], [ -62.811175799999901, -8.025248 ], [ -62.811175799999901, -8.025382199999971 ], [ -62.8112044, -8.025586899999951 ], [ -62.811232899999901, -8.025749299999971 ], [ -62.8112044, -8.02594 ], [ -62.8111473, -8.026081199999959 ], [ -62.8110566, -8.026205599999971 ], [ -62.8110546, -8.026208299999951 ], [ -62.8109334, -8.026300099999959 ], [ -62.810783699999902, -8.026342399999979 ], [ -62.810612499999898, -8.02633539999994 ], [ -62.8105394, -8.02631469999994 ], [ -62.8104129, -8.026278899999969 ], [ -62.810170399999897, -8.02619419999996 ], [ -62.8100565, -8.026129099999929 ], [ -62.809985099999899, -8.02608819999995 ], [ -62.809842499999903, -8.025968199999969 ], [ -62.8097355, -8.02579169999996 ], [ -62.8096285, -8.02555159999997 ], [ -62.809607, -8.02545119999996 ], [ -62.809586399999901, -8.02535539999997 ], [ -62.8095572, -8.025219799999951 ], [ -62.8095491, -8.02517129999995 ], [ -62.8095264, -8.025036599999961 ], [ -62.8095073, -8.02492329999995 ], [ -62.8094788, -8.02466909999993 ], [ -62.8094574, -8.02447839999996 ], [ -62.8094574, -8.02428779999997 ], [ -62.8094574, -8.02417449999996 ], [ -62.8094574, -8.024083 ], [ -62.8094431, -8.023956 ], [ -62.8094004, -8.02385 ], [ -62.8093362, -8.02378649999997 ], [ -62.809272, -8.02375829999994 ], [ -62.8092007, -8.023751199999939 ], [ -62.809108, -8.02376529999998 ], [ -62.809015299999899, -8.02380769999996 ], [ -62.8089084, -8.023913599999959 ], [ -62.808837099999899, -8.02402659999996 ], [ -62.8087586, -8.024132499999951 ], [ -62.808616, -8.024294899999971 ], [ -62.8084592, -8.024379599999969 ], [ -62.8081953, -8.024422 ], [ -62.8079956999999, -8.02447139999992 ], [ -62.8076748, -8.02449959999996 ], [ -62.80738, -8.02451749999994 ], [ -62.8073254, -8.02452079999995 ], [ -62.8070473, -8.02453489999994 ], [ -62.806861899999902, -8.02456319999993 ], [ -62.806648, -8.02461259999995 ], [ -62.8066163, -8.024620899999951 ], [ -62.8063771, -8.02468319999997 ], [ -62.8061061, -8.02470439999996 ], [ -62.805878, -8.02466909999993 ], [ -62.8056854, -8.02460549999995 ], [ -62.805464399999899, -8.02452079999995 ], [ -62.8052719, -8.02441489999995 ], [ -62.8051578, -8.024294899999971 ], [ -62.8049938, -8.024132499999951 ], [ -62.8048797, -8.02394179999993 ], [ -62.804772699999901, -8.02373 ], [ -62.804694299999902, -8.023581699999969 ], [ -62.804566, -8.023461699999929 ], [ -62.8043235, -8.023391099999969 ], [ -62.8040668, -8.023391099999969 ], [ -62.8038458, -8.02342639999995 ], [ -62.8036747, -8.023468799999931 ], [ -62.803539199999904, -8.023532299999941 ], [ -62.803375199999898, -8.02365239999995 ], [ -62.803311, -8.02375829999994 ], [ -62.803239699999899, -8.02387829999998 ], [ -62.8032041, -8.02401239999995 ], [ -62.8032041, -8.024153699999941 ], [ -62.8032178999999, -8.024263499999959 ], [ -62.803232599999902, -8.024379599999969 ], [ -62.803232599999902, -8.024527899999949 ], [ -62.8032254, -8.02468319999997 ], [ -62.8031541, -8.024880899999969 ], [ -62.8030828, -8.025029199999951 ], [ -62.8029188, -8.02526919999997 ], [ -62.802872099999902, -8.025317399999951 ], [ -62.8027405999999, -8.025452799999931 ], [ -62.802699699999899, -8.02547679999998 ], [ -62.8025481, -8.025565799999979 ], [ -62.8023912, -8.025671699999981 ], [ -62.8021844, -8.025827 ], [ -62.801999, -8.025975299999971 ], [ -62.801799399999901, -8.026158899999929 ], [ -62.8017318, -8.02619979999997 ], [ -62.801670999999899, -8.02623649999992 ], [ -62.8014286, -8.026314199999939 ], [ -62.801107699999903, -8.02633539999994 ], [ -62.800858199999901, -8.02632829999993 ], [ -62.800688599999901, -8.026316 ], [ -62.8005658, -8.02630709999994 ], [ -62.8002592, -8.02628589999995 ], [ -62.8002321, -8.02628329999993 ], [ -62.7999669, -8.02625769999997 ], [ -62.7996816, -8.02619419999996 ], [ -62.799664499999899, -8.02618679999995 ], [ -62.7995462, -8.02613579999996 ], [ -62.799517599999902, -8.02612349999993 ], [ -62.7993246, -8.026037899999951 ], [ -62.7993109, -8.02603179999994 ], [ -62.7991326, -8.025904699999961 ], [ -62.7989757, -8.02578459999995 ], [ -62.7988189, -8.025608099999941 ], [ -62.7986549, -8.02541749999995 ], [ -62.7986543, -8.02541659999997 ], [ -62.7985336, -8.025233899999931 ], [ -62.7983483, -8.02509979999996 ], [ -62.7982057, -8.02499389999997 ], [ -62.7979703, -8.024880899999969 ], [ -62.7976422999999, -8.02474669999998 ], [ -62.7972786999999, -8.02459849999997 ], [ -62.7969578, -8.02445729999994 ], [ -62.7967154, -8.024365499999931 ], [ -62.7965229, -8.024309 ], [ -62.7963589, -8.024294899999971 ], [ -62.7961164, -8.024309 ], [ -62.795981, -8.02433019999995 ], [ -62.795824099999898, -8.02437249999997 ], [ -62.79571, -8.02444309999993 ], [ -62.7956387, -8.02453489999994 ], [ -62.795625099999903, -8.02457339999995 ], [ -62.7955888, -8.02467609999997 ], [ -62.7955674, -8.02483149999995 ], [ -62.7955674, -8.025015 ], [ -62.7956171, -8.02524649999998 ], [ -62.7956387, -8.02534689999993 ], [ -62.795671399999897, -8.02545739999994 ], [ -62.795705499999897, -8.025572899999929 ], [ -62.7957243, -8.025636399999939 ], [ -62.795852599999897, -8.02587639999996 ], [ -62.7960166, -8.02610239999996 ], [ -62.7962163, -8.026349499999981 ], [ -62.7963374999999, -8.026504799999939 ], [ -62.7964444, -8.02661779999994 ], [ -62.796558499999897, -8.02673779999998 ], [ -62.796611799999901, -8.02681459999997 ], [ -62.796637, -8.026850799999981 ], [ -62.796686899999898, -8.02694249999996 ], [ -62.7966797, -8.027076699999951 ], [ -62.7966655, -8.02719679999996 ], [ -62.796622699999901, -8.027295599999951 ], [ -62.7965157, -8.027387399999951 ], [ -62.79645, -8.027424199999929 ], [ -62.796351699999903, -8.027479199999959 ], [ -62.7962234, -8.02751449999994 ], [ -62.796030899999899, -8.027571 ], [ -62.7958953999999, -8.027620399999931 ], [ -62.7957883999999, -8.027691 ], [ -62.7957243, -8.027768699999969 ], [ -62.7956601, -8.027853399999969 ], [ -62.7955888, -8.027931 ], [ -62.7955317999999, -8.027966299999949 ], [ -62.7954177, -8.028001699999949 ], [ -62.7953178, -8.028051099999971 ], [ -62.795196599999898, -8.02810759999994 ], [ -62.7950754, -8.028164 ], [ -62.794947099999902, -8.02822049999997 ], [ -62.794740299999901, -8.028262899999961 ], [ -62.794533499999901, -8.028284099999951 ], [ -62.794333799999897, -8.028277 ], [ -62.7940558, -8.02825579999995 ], [ -62.7938133, -8.028269899999939 ], [ -62.7937171, -8.02829909999997 ], [ -62.7935566, -8.028347599999959 ], [ -62.793375899999901, -8.028407299999969 ], [ -62.7933427, -8.02841819999998 ], [ -62.7932072, -8.028474699999951 ], [ -62.7931359, -8.02853119999997 ], [ -62.793085399999903, -8.028604 ], [ -62.7930575, -8.02864419999997 ], [ -62.7929791, -8.02873589999996 ], [ -62.7928856999999, -8.02882179999995 ], [ -62.7928792, -8.028827699999971 ], [ -62.792758, -8.028933599999959 ], [ -62.7926653, -8.029018399999931 ], [ -62.792665, -8.02901869999994 ], [ -62.7926012, -8.029096 ], [ -62.7925299, -8.02914549999997 ], [ -62.79243, -8.029159599999961 ], [ -62.7923231, -8.029159599999961 ], [ -62.7922019, -8.02912429999998 ], [ -62.7921092, -8.02906779999995 ], [ -62.792023599999901, -8.02899009999993 ], [ -62.7919452, -8.02890539999993 ], [ -62.7918453, -8.028771199999939 ], [ -62.7917669, -8.02863 ], [ -62.791682099999903, -8.02849009999994 ], [ -62.791681299999901, -8.028488799999931 ], [ -62.791609999999899, -8.028375899999959 ], [ -62.791496, -8.02824169999997 ], [ -62.7913819, -8.02810759999994 ], [ -62.7913106, -8.027980499999961 ], [ -62.7912749, -8.027909899999941 ], [ -62.791232099999903, -8.02788159999994 ], [ -62.791160799999901, -8.02787459999996 ], [ -62.7911566, -8.02787459999996 ], [ -62.7910681, -8.02787459999996 ], [ -62.7910330999999, -8.02788379999993 ], [ -62.7909612, -8.027902799999939 ], [ -62.7908471, -8.027966299999949 ], [ -62.7907473, -8.02808639999995 ], [ -62.790668799999899, -8.02819929999993 ], [ -62.7906189, -8.02836169999995 ], [ -62.7905405, -8.02867239999995 ], [ -62.7904692, -8.028940699999961 ], [ -62.790390699999897, -8.029251399999961 ], [ -62.7903451, -8.029421499999961 ], [ -62.790298, -8.029597299999979 ], [ -62.790226699999899, -8.029816199999971 ], [ -62.790211999999897, -8.029857599999961 ], [ -62.790184, -8.02993619999995 ], [ -62.7901198, -8.02999269999998 ], [ -62.7900485, -8.030056299999959 ], [ -62.7899487, -8.03010569999998 ], [ -62.7899055, -8.03010959999995 ], [ -62.789870199999903, -8.030112699999959 ], [ -62.789763299999898, -8.03008449999993 ], [ -62.7896991, -8.030021 ], [ -62.7896934, -8.03000319999995 ], [ -62.789648499999899, -8.02986419999996 ], [ -62.789642, -8.02984439999994 ], [ -62.7896241, -8.02972909999994 ], [ -62.7896135, -8.02966089999995 ], [ -62.789592099999901, -8.029576099999931 ], [ -62.789528, -8.02954079999995 ], [ -62.7894353, -8.02954079999995 ], [ -62.7892998, -8.02959029999994 ], [ -62.789207099999899, -8.02966089999995 ], [ -62.7891643, -8.029745599999959 ], [ -62.789093, -8.02987269999994 ], [ -62.7890464, -8.029951799999941 ], [ -62.7890431, -8.02995739999994 ], [ -62.789007399999903, -8.03000679999997 ], [ -62.788921899999899, -8.03004209999995 ], [ -62.7888007, -8.030021 ], [ -62.788686599999899, -8.02999979999993 ], [ -62.7885725, -8.029915 ], [ -62.7884440999999, -8.029788 ], [ -62.788382199999901, -8.02971129999997 ], [ -62.788330099999897, -8.02964669999994 ], [ -62.7882302, -8.02947729999994 ], [ -62.7881317, -8.029298399999959 ], [ -62.7881019, -8.029244299999959 ], [ -62.788052, -8.029060699999951 ], [ -62.7880448, -8.028891299999939 ], [ -62.7880805, -8.02877829999994 ], [ -62.788137499999898, -8.028707699999931 ], [ -62.7882011, -8.028667899999959 ], [ -62.788272999999897, -8.028623 ], [ -62.7883942, -8.028587699999949 ], [ -62.7884584, -8.02850289999998 ], [ -62.7884941, -8.02841119999994 ], [ -62.788499199999897, -8.028309299999931 ], [ -62.7885012, -8.028269899999939 ], [ -62.7884802, -8.02813839999993 ], [ -62.788479799999898, -8.028135799999969 ], [ -62.7884299, -8.028037 ], [ -62.7883514, -8.02793809999997 ], [ -62.788345799999902, -8.027933099999929 ], [ -62.7881661, -8.02777569999995 ], [ -62.7880021, -8.02765569999997 ], [ -62.7878309, -8.02755679999996 ], [ -62.7876098999999, -8.02744389999998 ], [ -62.787396, -8.02735209999997 ], [ -62.7871966, -8.027277199999959 ], [ -62.787189199999901, -8.02727439999995 ], [ -62.786904, -8.02719679999996 ], [ -62.7866829, -8.02713319999998 ], [ -62.7864762, -8.02711909999994 ], [ -62.786305, -8.027126099999981 ], [ -62.7861339, -8.027161399999949 ], [ -62.7859271, -8.027225 ], [ -62.7857061, -8.02730269999995 ], [ -62.7854066, -8.02741559999993 ], [ -62.785157, -8.02750739999993 ], [ -62.7850002, -8.027571 ], [ -62.784743499999898, -8.027662699999951 ], [ -62.784543799999902, -8.02773339999993 ], [ -62.784401199999898, -8.027811 ], [ -62.78428, -8.02786039999995 ], [ -62.7842087, -8.027869599999971 ], [ -62.784116, -8.02788159999994 ], [ -62.7840019, -8.02786039999995 ], [ -62.7838593, -8.02781809999993 ], [ -62.783752299999897, -8.027761599999961 ], [ -62.7837504, -8.02776009999997 ], [ -62.7835741, -8.02762739999997 ], [ -62.78345, -8.027520599999949 ], [ -62.7834101, -8.02748619999994 ], [ -62.7831785, -8.027243 ], [ -62.782946599999903, -8.027027299999929 ], [ -62.78264, -8.026751899999971 ], [ -62.782471, -8.02660659999998 ], [ -62.7823691, -8.02651889999993 ], [ -62.7823044, -8.02645489999998 ], [ -62.7822264, -8.02637769999995 ], [ -62.7821918, -8.026352 ], [ -62.7820268, -8.026229499999941 ], [ -62.7818343, -8.02609529999995 ], [ -62.7817817, -8.02606349999996 ], [ -62.7817059, -8.02601759999993 ], [ -62.781584699999897, -8.02595409999998 ], [ -62.781492, -8.02593289999993 ], [ -62.7813922, -8.025947 ], [ -62.7812781, -8.026003499999939 ], [ -62.781163999999897, -8.02609529999995 ], [ -62.781159199999898, -8.02610039999996 ], [ -62.781064199999904, -8.026201199999949 ], [ -62.780943, -8.026441299999931 ], [ -62.7808896, -8.02657519999997 ], [ -62.780836, -8.02670959999995 ], [ -62.7807433, -8.02697079999996 ], [ -62.780643499999897, -8.027267399999969 ], [ -62.7805936, -8.02750739999993 ], [ -62.7805792999999, -8.027832199999979 ], [ -62.7805437, -8.028044 ], [ -62.7804652, -8.02831229999993 ], [ -62.780372499999899, -8.02875009999997 ], [ -62.7803155, -8.029152499999951 ], [ -62.7802798, -8.029449099999971 ], [ -62.7802442, -8.029816199999971 ], [ -62.780229899999902, -8.030239799999951 ], [ -62.780222799999898, -8.030684599999971 ], [ -62.7802206, -8.030737699999969 ], [ -62.7802085, -8.03102349999995 ], [ -62.7802085, -8.03139769999996 ], [ -62.7802085, -8.031588399999981 ], [ -62.7802085, -8.031771899999971 ], [ -62.7802025, -8.031921899999929 ], [ -62.7802014, -8.03194849999994 ], [ -62.7801444, -8.03216029999993 ], [ -62.7800587999999, -8.032294399999961 ], [ -62.7799803999999, -8.03241439999994 ], [ -62.779880499999898, -8.032520399999949 ], [ -62.7797451, -8.032619199999941 ], [ -62.7795811, -8.03273919999998 ], [ -62.7793315, -8.032929899999941 ], [ -62.7791033, -8.03311339999993 ], [ -62.7788538, -8.033289899999939 ], [ -62.778724699999898, -8.033363 ], [ -62.7786042, -8.033431099999969 ], [ -62.778586699999899, -8.033442099999951 ], [ -62.7784687, -8.033515899999941 ], [ -62.7783689, -8.033586499999959 ], [ -62.7782976, -8.033643 ], [ -62.778244599999901, -8.033708599999949 ], [ -62.778240599999897, -8.03371359999994 ], [ -62.7781763999999, -8.033861799999951 ], [ -62.7781479, -8.03398889999994 ], [ -62.7781479, -8.03414429999998 ], [ -62.7781265, -8.03425719999996 ], [ -62.7781265, -8.03442669999993 ], [ -62.7781265, -8.034596099999931 ], [ -62.7781199, -8.034648 ], [ -62.7781122, -8.03470909999993 ], [ -62.7780766, -8.034815 ], [ -62.7780195, -8.03491379999997 ], [ -62.777969599999899, -8.03498439999993 ], [ -62.7778911999999, -8.035048 ], [ -62.777791299999897, -8.03507619999993 ], [ -62.7776986, -8.03508329999994 ], [ -62.777690699999901, -8.035081299999939 ], [ -62.777613099999897, -8.03506209999995 ], [ -62.7775061, -8.03500559999998 ], [ -62.777392, -8.034949099999951 ], [ -62.7772566, -8.03487149999995 ], [ -62.777192199999902, -8.03483809999994 ], [ -62.7771068, -8.03479379999993 ], [ -62.777007, -8.034695 ], [ -62.7769143, -8.034553799999969 ], [ -62.7768073, -8.03439839999993 ], [ -62.7767433, -8.03427789999995 ], [ -62.7766647, -8.03413009999997 ], [ -62.7765578, -8.033918299999931 ], [ -62.7764601, -8.03375719999997 ], [ -62.7764508, -8.033741799999969 ], [ -62.7763945, -8.03363019999995 ], [ -62.7763439, -8.03353 ], [ -62.776251199999898, -8.03336049999996 ], [ -62.7761652, -8.033196299999929 ], [ -62.7761513, -8.03316989999996 ], [ -62.7760658, -8.032972199999961 ], [ -62.776023, -8.032788699999969 ], [ -62.776015899999898, -8.03258389999996 ], [ -62.776020399999901, -8.03248989999997 ], [ -62.7760301, -8.032287399999969 ], [ -62.7760729, -8.03203319999994 ], [ -62.7761014, -8.031835499999939 ], [ -62.7760943, -8.031666 ], [ -62.7760943, -8.03148949999996 ], [ -62.7760943, -8.03137429999992 ], [ -62.7760943, -8.031369499999929 ], [ -62.7760658, -8.031214199999971 ], [ -62.7760658, -8.031087099999979 ], [ -62.7760636, -8.031076799999941 ], [ -62.7760373, -8.03095289999993 ], [ -62.7760016, -8.03081879999996 ], [ -62.7759588, -8.03064929999994 ], [ -62.7758947, -8.03045869999994 ], [ -62.7758305, -8.03033159999995 ], [ -62.7757592, -8.03020449999997 ], [ -62.775673599999898, -8.030091599999929 ], [ -62.775523899999897, -8.02999979999993 ], [ -62.775367, -8.029879699999981 ], [ -62.7752795, -8.02982309999993 ], [ -62.775181599999897, -8.029759699999939 ], [ -62.775039, -8.02972439999996 ], [ -62.7749107, -8.02972439999996 ], [ -62.774818, -8.029780899999929 ], [ -62.7747467, -8.02986559999994 ], [ -62.7747039, -8.030028 ], [ -62.7746896, -8.03016919999993 ], [ -62.7747395, -8.030374 ], [ -62.774760899999897, -8.03052929999996 ], [ -62.774760899999897, -8.03069879999993 ], [ -62.774732399999898, -8.03081879999996 ], [ -62.7746754, -8.030945899999949 ], [ -62.7745399, -8.031058799999929 ], [ -62.7743616, -8.03111529999995 ], [ -62.7740977999999, -8.031157699999939 ], [ -62.7738411, -8.031193 ], [ -62.7737973, -8.031199499999961 ], [ -62.7735559, -8.031235399999961 ], [ -62.7733277, -8.031277699999981 ], [ -62.7731423, -8.03133419999995 ], [ -62.7730443, -8.03137379999993 ], [ -62.7729497999999, -8.03141189999997 ], [ -62.7728281999999, -8.031474499999939 ], [ -62.7727715, -8.031503599999949 ], [ -62.7726218, -8.03161659999995 ], [ -62.772436399999897, -8.03176489999993 ], [ -62.772251, -8.03194849999994 ], [ -62.77203, -8.03217439999997 ], [ -62.7718945, -8.03232269999995 ], [ -62.7717875, -8.032499199999959 ], [ -62.7716592, -8.032640399999931 ], [ -62.7714809, -8.032824 ], [ -62.7713241, -8.033014599999939 ], [ -62.7713032999999, -8.03303649999998 ], [ -62.771217099999902, -8.03312759999994 ], [ -62.770996099999898, -8.03324759999998 ], [ -62.7708036, -8.03333939999993 ], [ -62.7706324, -8.033374699999969 ], [ -62.7703971, -8.033367599999959 ], [ -62.770197499999902, -8.033297 ], [ -62.7700335, -8.033212299999949 ], [ -62.769933599999902, -8.03312759999994 ], [ -62.7699198, -8.03311379999997 ], [ -62.7698447, -8.03303939999995 ], [ -62.7698053, -8.033000499999959 ], [ -62.769648399999902, -8.032859299999931 ], [ -62.7694648, -8.032751499999961 ], [ -62.7694559, -8.03274629999993 ], [ -62.769334699999902, -8.03264739999997 ], [ -62.7692206, -8.032598 ], [ -62.769120799999897, -8.03258389999996 ], [ -62.7689996, -8.03258389999996 ], [ -62.7688997, -8.03258389999996 ], [ -62.7687849, -8.032627199999981 ], [ -62.76875, -8.032640399999931 ], [ -62.7686502, -8.032732199999939 ], [ -62.7685504, -8.03286629999997 ], [ -62.7684363, -8.033071099999971 ], [ -62.768365, -8.03326169999997 ], [ -62.768322199999901, -8.03342409999993 ], [ -62.7682937, -8.03357239999997 ], [ -62.7682937, -8.033657099999971 ], [ -62.7683008, -8.033720599999979 ], [ -62.7683364, -8.03377 ], [ -62.768342399999902, -8.033774199999931 ], [ -62.7684077, -8.033819499999939 ], [ -62.7685402, -8.03389819999995 ], [ -62.7685504, -8.03390419999994 ], [ -62.7686858, -8.03401009999993 ], [ -62.768849799999899, -8.03419369999995 ], [ -62.7689639, -8.03435609999997 ], [ -62.768994, -8.034415699999951 ], [ -62.769049499999902, -8.034525499999971 ], [ -62.769127899999901, -8.034687899999939 ], [ -62.769242, -8.034928 ], [ -62.7693204, -8.03509739999993 ], [ -62.7693917, -8.03527389999994 ], [ -62.7693917, -8.03538689999993 ], [ -62.7693917, -8.035563399999941 ], [ -62.7693632, -8.035676399999939 ], [ -62.769338499999897, -8.035798799999951 ], [ -62.769334699999902, -8.035817599999969 ], [ -62.7693204, -8.035987 ], [ -62.769317199999897, -8.03611139999998 ], [ -62.7693133, -8.03626239999994 ], [ -62.7693133, -8.03641459999994 ], [ -62.7693133, -8.03641769999996 ], [ -62.7693113999999, -8.036421099999931 ], [ -62.769272999999899, -8.03648959999998 ], [ -62.769242, -8.036544799999939 ], [ -62.7691707, -8.036671899999931 ], [ -62.7690423, -8.036799 ], [ -62.7688926, -8.03691189999995 ], [ -62.7687529, -8.03700989999993 ], [ -62.7687215, -8.03703189999993 ], [ -62.768493299999903, -8.037166099999981 ], [ -62.7682723, -8.03730729999995 ], [ -62.7680584, -8.03741319999995 ], [ -62.7678587, -8.03748379999996 ], [ -62.767709, -8.037540299999931 ], [ -62.767594899999899, -8.03758269999997 ], [ -62.7674665, -8.037618 ], [ -62.7673596, -8.03763909999998 ], [ -62.7672312, -8.037632099999939 ], [ -62.7671457, -8.03757559999997 ], [ -62.7670965, -8.03751369999998 ], [ -62.7670672, -8.03747669999996 ], [ -62.766974499999897, -8.03728609999996 ], [ -62.7669306, -8.037179699999969 ], [ -62.7669104, -8.03713079999994 ], [ -62.7668462, -8.03701079999996 ], [ -62.7668034, -8.036883699999979 ], [ -62.7667749, -8.03674949999993 ], [ -62.766753499999901, -8.03663659999995 ], [ -62.7667321, -8.036551799999931 ], [ -62.766682199999899, -8.03646709999998 ], [ -62.7665895, -8.03640359999997 ], [ -62.7665643, -8.036394799999931 ], [ -62.766446899999899, -8.03635419999995 ], [ -62.7662258, -8.036333 ], [ -62.7659977, -8.03630469999996 ], [ -62.765748099999897, -8.03630469999996 ], [ -62.7654843, -8.03632589999995 ], [ -62.765306, -8.036368299999941 ], [ -62.765250799999897, -8.03639219999997 ], [ -62.765191899999898, -8.03641769999996 ], [ -62.7651135, -8.03649539999998 ], [ -62.7650065, -8.03663659999995 ], [ -62.764885299999897, -8.03674949999993 ], [ -62.7646857, -8.036876599999969 ], [ -62.7645502, -8.036975499999929 ], [ -62.764350599999901, -8.03707429999997 ], [ -62.7641366, -8.03718019999997 ], [ -62.7639584, -8.03724379999994 ], [ -62.7637516, -8.037300199999949 ], [ -62.7635162999999, -8.03736379999998 ], [ -62.763345199999897, -8.03740609999994 ], [ -62.7631669, -8.03743439999994 ], [ -62.7629815, -8.037448499999931 ], [ -62.762724799999901, -8.037448499999931 ], [ -62.7623469, -8.037448499999931 ], [ -62.7621869, -8.037448499999931 ], [ -62.762132999999899, -8.037448499999931 ], [ -62.762065, -8.037454799999979 ], [ -62.7619048, -8.037469699999971 ], [ -62.7616624, -8.03751909999994 ], [ -62.761491299999904, -8.03757559999997 ], [ -62.761327299999898, -8.037667399999981 ], [ -62.7611419, -8.037773299999969 ], [ -62.7609921, -8.03786509999998 ], [ -62.7609725, -8.03787829999993 ], [ -62.7608739, -8.03794489999996 ], [ -62.760835299999897, -8.037971 ], [ -62.7606926999999, -8.038076899999959 ], [ -62.7606, -8.038204 ], [ -62.7605851, -8.03823219999992 ], [ -62.7605144, -8.038366399999971 ], [ -62.760437099999898, -8.03848119999998 ], [ -62.760414599999898, -8.03851459999993 ], [ -62.760286199999904, -8.038662899999959 ], [ -62.7602474, -8.03869879999996 ], [ -62.760179299999898, -8.03876169999995 ], [ -62.760072299999898, -8.03881819999998 ], [ -62.759985399999898, -8.038833199999941 ], [ -62.7599082999999, -8.03884649999998 ], [ -62.7596445, -8.03886059999996 ], [ -62.7593949, -8.03886759999995 ], [ -62.7591168, -8.038874699999949 ], [ -62.7587318, -8.03891 ], [ -62.758532199999898, -8.03891709999994 ], [ -62.7583681999999, -8.03891 ], [ -62.7580829, -8.03886059999996 ], [ -62.7578334, -8.038853499999959 ], [ -62.7577424999999, -8.03884709999994 ], [ -62.7576337, -8.03883939999997 ], [ -62.7575054, -8.03883939999997 ], [ -62.7573905, -8.03886209999996 ], [ -62.7573818, -8.038863899999971 ], [ -62.7573628, -8.03886759999995 ], [ -62.757191599999899, -8.03891709999994 ], [ -62.7570348, -8.03898769999995 ], [ -62.7569349, -8.039065299999949 ], [ -62.7568778999999, -8.03919949999994 ], [ -62.7568687, -8.039295399999959 ], [ -62.7568636, -8.039347699999951 ], [ -62.7568636, -8.039531299999959 ], [ -62.756870799999902, -8.039658399999951 ], [ -62.756870799999902, -8.03980669999993 ], [ -62.756870799999902, -8.040011399999971 ], [ -62.7569278, -8.04020909999997 ], [ -62.757013399999899, -8.040378499999971 ], [ -62.7570918, -8.04048439999997 ], [ -62.757172399999902, -8.04054429999997 ], [ -62.7572344, -8.04059039999993 ], [ -62.7573983999999, -8.04070329999996 ], [ -62.757598099999903, -8.04093629999994 ], [ -62.757812, -8.041155199999929 ], [ -62.7579574, -8.04132539999995 ], [ -62.7579688, -8.04133869999993 ], [ -62.758061499999897, -8.041465799999971 ], [ -62.758197, -8.04157879999997 ], [ -62.7582826, -8.04164939999993 ], [ -62.7583395999999, -8.04176239999993 ], [ -62.7583468, -8.04187529999996 ], [ -62.7583468, -8.042042699999969 ], [ -62.7583468, -8.04204479999993 ], [ -62.758304, -8.042150699999979 ], [ -62.7582327, -8.042284799999949 ], [ -62.758161399999899, -8.042376599999949 ], [ -62.7580758, -8.04246129999996 ], [ -62.7579332, -8.04256019999997 ], [ -62.7577549, -8.042652 ], [ -62.7575767, -8.04269429999994 ], [ -62.757405499999898, -8.042708399999981 ], [ -62.7572059, -8.04270139999994 ], [ -62.757204, -8.042701 ], [ -62.7570062, -8.042666099999961 ], [ -62.7568209, -8.04261669999994 ], [ -62.756656899999903, -8.042546 ], [ -62.7564857, -8.042440099999959 ], [ -62.7563757, -8.042347599999969 ], [ -62.7563431, -8.04232009999993 ], [ -62.7562503999999, -8.042193 ], [ -62.7561649, -8.04202359999994 ], [ -62.7561221, -8.04188239999996 ], [ -62.756107799999903, -8.04172 ], [ -62.75611, -8.041690599999979 ], [ -62.7561208, -8.04154659999995 ], [ -62.7561221, -8.04152939999994 ], [ -62.7561649, -8.04133169999994 ], [ -62.756229, -8.04109869999996 ], [ -62.7562932, -8.04094339999995 ], [ -62.7563289, -8.04081629999996 ], [ -62.7563312, -8.040783899999949 ], [ -62.756336, -8.04071739999995 ], [ -62.756307499999899, -8.04056919999994 ], [ -62.7562076, -8.04048439999997 ], [ -62.7560151, -8.04039969999997 ], [ -62.755865399999898, -8.04037149999994 ], [ -62.7557513, -8.040392699999931 ], [ -62.755658599999897, -8.040449099999931 ], [ -62.755584999999897, -8.040522099999979 ], [ -62.755551599999897, -8.040555 ], [ -62.755468, -8.040661099999969 ], [ -62.755373399999897, -8.040781 ], [ -62.755166599999903, -8.04095749999993 ], [ -62.7550739, -8.041063399999929 ], [ -62.7549384, -8.041183399999969 ], [ -62.7548386, -8.041254 ], [ -62.7548125, -8.041266299999959 ], [ -62.7546889, -8.041324599999941 ], [ -62.7546176, -8.041352899999939 ], [ -62.754532, -8.041345799999929 ], [ -62.7544477, -8.041331099999979 ], [ -62.7544108, -8.041324599999941 ], [ -62.7543181, -8.04128929999996 ], [ -62.7542397, -8.04123279999993 ], [ -62.7541398, -8.04112689999994 ], [ -62.7540685, -8.041014 ], [ -62.7540455, -8.040966199999961 ], [ -62.7539972, -8.04086569999993 ], [ -62.7539259, -8.04067509999993 ], [ -62.7538617, -8.040540899999939 ], [ -62.753804699999897, -8.04037149999994 ], [ -62.7537773, -8.040263099999949 ], [ -62.753776199999898, -8.04025849999994 ], [ -62.7537833, -8.040180899999941 ], [ -62.7537976, -8.040103199999979 ], [ -62.7538689, -8.04001849999997 ], [ -62.753954399999898, -8.039954899999939 ], [ -62.754018599999903, -8.03985609999995 ], [ -62.7541113, -8.039679599999941 ], [ -62.754154099999901, -8.03952419999996 ], [ -62.7541897, -8.039347699999951 ], [ -62.754204, -8.03919949999994 ], [ -62.754204, -8.039093599999941 ], [ -62.7541684, -8.03900879999998 ], [ -62.754161199999899, -8.03895939999995 ], [ -62.7541113, -8.038902899999931 ], [ -62.7540614, -8.03888179999996 ], [ -62.754010299999898, -8.038875 ], [ -62.753954399999898, -8.03886759999995 ], [ -62.7538332, -8.038853499999959 ], [ -62.7537925, -8.03882529999993 ], [ -62.7537619, -8.03880409999994 ], [ -62.753704899999903, -8.03873349999998 ], [ -62.7536977, -8.038662899999959 ], [ -62.7537619, -8.03859929999993 ], [ -62.7538661, -8.03857639999995 ], [ -62.753890274999897, -8.03857109999996 ], [ -62.753929, -8.03857109999996 ], [ -62.7539901, -8.03857109999996 ], [ -62.7541256, -8.03853579999998 ], [ -62.754225399999903, -8.038500499999939 ], [ -62.7542337, -8.038495 ], [ -62.7542895999999, -8.038458099999961 ], [ -62.754311, -8.038366399999971 ], [ -62.754311, -8.038288699999949 ], [ -62.7542682, -8.03821809999994 ], [ -62.7541684, -8.03816869999997 ], [ -62.7541628, -8.03816679999994 ], [ -62.754018599999903, -8.03811919999993 ], [ -62.7538974, -8.038105099999941 ], [ -62.753776199999898, -8.03811219999994 ], [ -62.7536264, -8.038133399999939 ], [ -62.7534482, -8.03816159999997 ], [ -62.7532699, -8.03817569999995 ], [ -62.7531983, -8.03818889999997 ], [ -62.753077399999903, -8.038211 ], [ -62.752863499999897, -8.03828159999995 ], [ -62.7527066, -8.03838049999996 ], [ -62.7525988, -8.038481899999971 ], [ -62.752564, -8.03851459999993 ], [ -62.7524428, -8.03864749999997 ], [ -62.7523644, -8.03873349999998 ], [ -62.752236, -8.03891709999994 ], [ -62.752136199999903, -8.03907239999995 ], [ -62.752079099999897, -8.039263 ], [ -62.752007799999902, -8.03947479999994 ], [ -62.752000699999897, -8.03970779999997 ], [ -62.752000699999897, -8.03987729999994 ], [ -62.7519650999999, -8.04015259999994 ], [ -62.7519586, -8.04036369999994 ], [ -62.7519579, -8.040385599999979 ], [ -62.751943099999899, -8.04048859999995 ], [ -62.7519151, -8.04068209999997 ], [ -62.7518779, -8.04091959999994 ], [ -62.7518377, -8.04115919999998 ], [ -62.7518252, -8.04123319999997 ], [ -62.7518176, -8.041265 ], [ -62.751789599999903, -8.04138149999994 ], [ -62.751732499999903, -8.041558 ], [ -62.7516755, -8.04170629999993 ], [ -62.7515898999999, -8.041911 ], [ -62.751518599999898, -8.04212989999996 ], [ -62.751447299999903, -8.042384099999939 ], [ -62.7513546, -8.04273709999995 ], [ -62.7512904, -8.043012399999951 ], [ -62.751233399999897, -8.04326659999998 ], [ -62.7511407, -8.043485499999971 ], [ -62.7511122, -8.04364779999997 ], [ -62.7511122, -8.04370809999995 ], [ -62.7511122, -8.04380319999996 ], [ -62.7511198999999, -8.04386219999998 ], [ -62.7511407, -8.044022 ], [ -62.7511764, -8.044163199999961 ], [ -62.751212, -8.044311499999941 ], [ -62.7512904, -8.044473899999961 ], [ -62.7513903, -8.04467159999996 ], [ -62.751483, -8.044841 ], [ -62.75154, -8.04502459999998 ], [ -62.751567, -8.045140499999951 ], [ -62.751582799999902, -8.04520809999997 ], [ -62.751582799999902, -8.04532819999997 ], [ -62.751582799999902, -8.045448199999949 ], [ -62.7515685, -8.04553289999996 ], [ -62.7515685, -8.04562469999996 ], [ -62.7515471, -8.045695299999981 ], [ -62.751513799999898, -8.045755699999971 ], [ -62.7515044, -8.045773 ], [ -62.751440199999898, -8.045829399999951 ], [ -62.7513987, -8.04583669999994 ], [ -62.751319, -8.045850599999939 ], [ -62.7512263, -8.045850599999939 ], [ -62.7511407, -8.04582239999996 ], [ -62.7510409, -8.04575179999995 ], [ -62.7509338999999, -8.04566709999995 ], [ -62.7508412, -8.045575299999941 ], [ -62.7507414, -8.04545529999996 ], [ -62.7506772, -8.045335199999951 ], [ -62.7506059, -8.045215199999969 ], [ -62.7505702999999, -8.04510219999997 ], [ -62.750535, -8.045032299999949 ], [ -62.750498999999898, -8.044961 ], [ -62.7504491, -8.044869299999959 ], [ -62.7503849, -8.04479159999994 ], [ -62.7503207, -8.044763399999971 ], [ -62.750192399999897, -8.044728099999929 ], [ -62.750085399999897, -8.044706899999939 ], [ -62.7499998, -8.04471389999998 ], [ -62.7499, -8.04475629999996 ], [ -62.7498145, -8.044798699999941 ], [ -62.7497289, -8.044848099999969 ], [ -62.7495708, -8.04492929999998 ], [ -62.7494222999999, -8.04501749999997 ], [ -62.7493688, -8.04507449999994 ], [ -62.749344999999899, -8.04509989999997 ], [ -62.7492678, -8.04515869999994 ], [ -62.7492381, -8.045223399999941 ], [ -62.7492381, -8.04531169999996 ], [ -62.7492321, -8.04542349999997 ], [ -62.7491965, -8.045523499999939 ], [ -62.7491371, -8.045670599999941 ], [ -62.7490895, -8.04584709999995 ], [ -62.7490361, -8.04604129999996 ], [ -62.7489648, -8.04621189999995 ], [ -62.7489394, -8.04625759999993 ], [ -62.7488637, -8.046394299999969 ], [ -62.7488177, -8.046461099999931 ], [ -62.748774599999898, -8.04652369999997 ], [ -62.748703299999903, -8.046664899999939 ], [ -62.7486142, -8.04682959999997 ], [ -62.748495299999902, -8.04705319999994 ], [ -62.748435899999897, -8.04719439999997 ], [ -62.7483349, -8.047370899999979 ], [ -62.7482279, -8.047553299999951 ], [ -62.748115, -8.047765099999941 ], [ -62.7480259, -8.04788869999993 ], [ -62.7479546, -8.047982799999939 ], [ -62.7479071, -8.048024 ], [ -62.747806099999899, -8.048047499999941 ], [ -62.7477229, -8.048047499999941 ], [ -62.7477004, -8.048045099999969 ], [ -62.7476159, -8.04803579999998 ], [ -62.7475446, -8.04800049999994 ], [ -62.7474614, -8.047935699999931 ], [ -62.7474273999999, -8.04790559999998 ], [ -62.747289099999897, -8.04778279999994 ], [ -62.7471346, -8.04758269999996 ], [ -62.7469919, -8.047387 ], [ -62.7469801, -8.047370899999979 ], [ -62.746867199999897, -8.047218 ], [ -62.746736499999898, -8.04705319999994 ], [ -62.7465761, -8.046864899999949 ], [ -62.7464216, -8.04668259999994 ], [ -62.7462968, -8.046494299999949 ], [ -62.7462136, -8.046347199999961 ], [ -62.746148199999901, -8.046194199999951 ], [ -62.746071, -8.046053 ], [ -62.746031699999897, -8.04598809999993 ], [ -62.745981899999897, -8.04590589999998 ], [ -62.7458995, -8.04579719999998 ], [ -62.745874899999897, -8.04576469999995 ], [ -62.7458364, -8.04569729999997 ], [ -62.7457977, -8.045629399999941 ], [ -62.7456907, -8.04546469999997 ], [ -62.745594, -8.04531349999996 ], [ -62.7455778, -8.045288199999961 ], [ -62.7454946, -8.045164599999961 ], [ -62.7453996, -8.045005799999959 ], [ -62.745379399999898, -8.04497519999995 ], [ -62.745298499999898, -8.044852799999941 ], [ -62.7452153999999, -8.044688 ], [ -62.7452077, -8.04465759999994 ], [ -62.745179699999902, -8.04454679999998 ], [ -62.7451619, -8.04437029999997 ], [ -62.7451619, -8.044337 ], [ -62.7451619, -8.044258499999961 ], [ -62.745203499999903, -8.044135 ], [ -62.7452807, -8.044011399999929 ], [ -62.745358, -8.043929099999961 ], [ -62.745452999999898, -8.04386439999996 ], [ -62.7455778, -8.043829099999931 ], [ -62.7456569, -8.043824899999951 ], [ -62.7456907, -8.043823199999959 ], [ -62.7458154999999, -8.043829099999931 ], [ -62.7459046, -8.04381729999994 ], [ -62.7459997, -8.043799599999939 ], [ -62.746037999999899, -8.043766 ], [ -62.746053199999899, -8.04375259999995 ], [ -62.7461245, -8.04366429999993 ], [ -62.7462017, -8.043581899999941 ], [ -62.7462849, -8.043511299999979 ], [ -62.7464156, -8.043440699999961 ], [ -62.7465404, -8.043364299999951 ], [ -62.7466414, -8.043299499999931 ], [ -62.746712699999897, -8.04321719999996 ], [ -62.7467722, -8.043117099999961 ], [ -62.7468256, -8.04301119999997 ], [ -62.7468851, -8.04284059999998 ], [ -62.7469029, -8.042693499999929 ], [ -62.7469088, -8.042552299999951 ], [ -62.746879099999902, -8.042434699999941 ], [ -62.7468527, -8.042379399999961 ], [ -62.7468256, -8.042322899999929 ], [ -62.7467306, -8.042228699999949 ], [ -62.7466414, -8.042152199999981 ], [ -62.7465165999999, -8.04208749999998 ], [ -62.7464926, -8.042086499999931 ], [ -62.746374, -8.04208159999996 ], [ -62.7462374, -8.04207579999996 ], [ -62.7460948, -8.04210519999998 ], [ -62.745910599999903, -8.042164 ], [ -62.7458429, -8.04218839999993 ], [ -62.7457798, -8.042211099999969 ], [ -62.7456372, -8.042281699999929 ], [ -62.7454887, -8.042381699999961 ], [ -62.7452867, -8.04251109999996 ], [ -62.7451143, -8.04261119999995 ], [ -62.744965799999903, -8.042687599999971 ], [ -62.744841, -8.04275819999998 ], [ -62.74474, -8.042858299999979 ], [ -62.744627099999903, -8.04299359999993 ], [ -62.744520099999903, -8.04314659999994 ], [ -62.7443478, -8.043376 ], [ -62.7442468, -8.04351719999994 ], [ -62.7441696, -8.043652499999951 ], [ -62.744110099999901, -8.043829099999931 ], [ -62.7440864, -8.04404089999997 ], [ -62.7440923, -8.04422319999998 ], [ -62.7440983, -8.044358599999949 ], [ -62.7441339, -8.044541 ], [ -62.7441577, -8.044670399999969 ], [ -62.7441874, -8.04481749999997 ], [ -62.744199299999899, -8.044964599999959 ], [ -62.744181399999903, -8.04509989999997 ], [ -62.7441458, -8.045223399999941 ], [ -62.744132, -8.04525089999993 ], [ -62.7440983, -8.045317599999979 ], [ -62.7440329, -8.045417599999951 ], [ -62.7439259, -8.045547 ], [ -62.7438665, -8.045641199999981 ], [ -62.7438071, -8.04574119999995 ], [ -62.7437714, -8.045841199999931 ], [ -62.7437358, -8.04597649999994 ], [ -62.743712, -8.04611769999997 ], [ -62.7437001, -8.04627659999994 ], [ -62.743729899999899, -8.04643539999995 ], [ -62.743765499999903, -8.04657079999993 ], [ -62.7437952, -8.04668259999994 ], [ -62.7437952, -8.046759 ], [ -62.7437952, -8.046819 ], [ -62.7437952, -8.046835499999929 ], [ -62.7437838, -8.046866699999949 ], [ -62.7437714, -8.04690019999993 ], [ -62.7437239, -8.04698259999998 ], [ -62.7436704, -8.04705319999994 ], [ -62.743575399999898, -8.047165 ], [ -62.743474299999903, -8.04729439999994 ], [ -62.743403, -8.04738859999998 ], [ -62.7432783, -8.04748859999995 ], [ -62.743189099999903, -8.04754739999993 ], [ -62.743082199999897, -8.04764739999996 ], [ -62.742951499999897, -8.04779449999995 ], [ -62.7428088, -8.047976899999981 ], [ -62.7426662, -8.048194599999929 ], [ -62.7425236, -8.04840639999998 ], [ -62.7424642, -8.048488799999969 ], [ -62.7424048, -8.048588799999949 ], [ -62.7423335, -8.048712399999941 ], [ -62.74228, -8.04880649999996 ], [ -62.742232499999901, -8.04888889999995 ], [ -62.7421671, -8.04893589999995 ], [ -62.7420542, -8.04900649999996 ], [ -62.7419591, -8.04905949999994 ], [ -62.7418284, -8.04910649999994 ], [ -62.7417096, -8.04911829999998 ], [ -62.741584799999899, -8.04911829999998 ], [ -62.7414244, -8.04911829999998 ], [ -62.7412639, -8.04911829999998 ], [ -62.741151, -8.04911829999998 ], [ -62.7410025, -8.04910649999994 ], [ -62.740853899999898, -8.04905949999994 ], [ -62.7407173, -8.04904769999996 ], [ -62.7405568, -8.049024199999961 ], [ -62.7403250999999, -8.049000599999941 ], [ -62.7401765, -8.049000599999941 ], [ -62.740170299999903, -8.04900019999997 ], [ -62.740016099999899, -8.04898889999993 ], [ -62.739885399999899, -8.04895949999997 ], [ -62.739736799999903, -8.048900599999969 ], [ -62.7397063, -8.04888929999993 ], [ -62.7395941999999, -8.04884769999995 ], [ -62.7395682, -8.04883159999997 ], [ -62.739451599999903, -8.048759399999939 ], [ -62.739368399999897, -8.04869469999994 ], [ -62.739315, -8.048612299999951 ], [ -62.739290599999897, -8.04854009999997 ], [ -62.7392852, -8.04852409999995 ], [ -62.7392852, -8.048424099999981 ], [ -62.7392852, -8.048324 ], [ -62.7392852, -8.04824169999995 ], [ -62.7392793, -8.04811809999995 ], [ -62.7392793, -8.04801219999996 ], [ -62.7392793, -8.04797329999997 ], [ -62.7392793, -8.04791219999993 ], [ -62.739249599999901, -8.047812199999949 ], [ -62.739207899999897, -8.04772969999993 ], [ -62.7392020999999, -8.047718 ], [ -62.7391545, -8.04763569999994 ], [ -62.7390535, -8.04754739999993 ], [ -62.738946499999898, -8.04748269999993 ], [ -62.738923999999898, -8.04747479999997 ], [ -62.7388455, -8.04744739999995 ], [ -62.7387505, -8.04744739999995 ], [ -62.7386673, -8.047470899999951 ], [ -62.7385781, -8.047512099999951 ], [ -62.738489, -8.047594499999949 ], [ -62.738411799999902, -8.047694499999981 ], [ -62.7383167, -8.047824 ], [ -62.738251299999902, -8.047924 ], [ -62.738186, -8.048071099999961 ], [ -62.7381616, -8.048138799999951 ], [ -62.7381333, -8.048217099999929 ], [ -62.738096799999902, -8.04831819999993 ], [ -62.7380196, -8.048547599999949 ], [ -62.7379364, -8.04883589999997 ], [ -62.737928699999898, -8.048863599999949 ], [ -62.7378532, -8.049136 ], [ -62.737775999999897, -8.049447799999941 ], [ -62.737716599999899, -8.04969489999996 ], [ -62.737669, -8.05000079999996 ], [ -62.7376274, -8.050206699999929 ], [ -62.7375799, -8.05037149999993 ], [ -62.737544199999903, -8.05056559999997 ], [ -62.7375205, -8.05068329999995 ], [ -62.737494, -8.05077849999998 ], [ -62.7374794999999, -8.050830299999969 ], [ -62.737472899999901, -8.05085389999994 ], [ -62.7374076, -8.051089299999941 ], [ -62.73736, -8.051271699999971 ], [ -62.7373244, -8.051412899999949 ], [ -62.7373006, -8.05154819999996 ], [ -62.7373006, -8.05167759999995 ], [ -62.7373077, -8.051765499999931 ], [ -62.7373125, -8.051824699999941 ], [ -62.737330299999897, -8.05198939999997 ], [ -62.73736, -8.05218359999998 ], [ -62.7373482, -8.052295399999929 ], [ -62.7373838, -8.05240719999995 ], [ -62.7374492, -8.05250719999998 ], [ -62.7375383, -8.052607199999949 ], [ -62.737615499999897, -8.05271309999995 ], [ -62.7376631, -8.052789599999929 ], [ -62.737716599999899, -8.052889599999959 ], [ -62.7377819, -8.052977799999949 ], [ -62.7378022, -8.05300879999993 ], [ -62.737859199999903, -8.05309549999993 ], [ -62.7379245, -8.05319549999996 ], [ -62.7379364, -8.053301399999951 ], [ -62.7379364, -8.05335809999997 ], [ -62.7379364, -8.05337789999993 ], [ -62.7379126, -8.053425 ], [ -62.7379011, -8.053433899999961 ], [ -62.737859199999903, -8.053466199999949 ], [ -62.737775999999897, -8.05348969999994 ], [ -62.7376987, -8.053495599999961 ], [ -62.7376274, -8.05350149999998 ], [ -62.737562099999899, -8.053542599999959 ], [ -62.7375324, -8.053613199999971 ], [ -62.7375086, -8.053683799999931 ], [ -62.737506799999899, -8.05369109999998 ], [ -62.737484799999898, -8.053778 ], [ -62.7374432, -8.05384269999996 ], [ -62.737366, -8.053919199999941 ], [ -62.7372946999999, -8.053954499999969 ], [ -62.737158, -8.05398979999995 ], [ -62.737085, -8.05400589999994 ], [ -62.7369441, -8.05403689999997 ], [ -62.7368253, -8.05406629999993 ], [ -62.736575699999896, -8.05414859999996 ], [ -62.7363142, -8.05422509999994 ], [ -62.7360469, -8.054289799999941 ], [ -62.7357082, -8.05436039999995 ], [ -62.7354348, -8.054401599999951 ], [ -62.7352506, -8.054442799999951 ], [ -62.735078299999898, -8.05450159999998 ], [ -62.734923799999898, -8.05457219999994 ], [ -62.7347336999999, -8.054678099999929 ], [ -62.7347187, -8.054687199999931 ], [ -62.7345673, -8.05477819999993 ], [ -62.734383099999903, -8.054901699999959 ], [ -62.734347399999898, -8.054933 ], [ -62.734228599999902, -8.055037 ], [ -62.734085999999898, -8.055154699999949 ], [ -62.7339315, -8.05529589999998 ], [ -62.7337592, -8.055478299999949 ], [ -62.7335869, -8.055660699999979 ], [ -62.7335662999999, -8.055685399999961 ], [ -62.733533399999899, -8.05572479999995 ], [ -62.733390799999903, -8.055896 ], [ -62.7332304, -8.05611959999993 ], [ -62.733046199999897, -8.05635489999997 ], [ -62.732873799999901, -8.05663139999996 ], [ -62.7328505999999, -8.056680099999941 ], [ -62.7327728, -8.05684319999995 ], [ -62.7327284, -8.056979499999949 ], [ -62.7327134, -8.057025599999969 ], [ -62.732683699999903, -8.05720209999993 ], [ -62.732676599999898, -8.05727469999994 ], [ -62.732654, -8.057508 ], [ -62.732654, -8.057731599999951 ], [ -62.732654, -8.05797869999998 ], [ -62.7326629, -8.058080599999929 ], [ -62.7326777, -8.05824929999994 ], [ -62.7327253, -8.05848469999995 ], [ -62.732749, -8.058608199999981 ], [ -62.732778799999899, -8.05880239999993 ], [ -62.732778799999899, -8.058967099999959 ], [ -62.732778799999899, -8.05910239999997 ], [ -62.732743099999901, -8.05928479999994 ], [ -62.732707499999897, -8.059449499999969 ], [ -62.7326659, -8.05958479999993 ], [ -62.7326064, -8.059702499999959 ], [ -62.7325233, -8.05984959999995 ], [ -62.732446, -8.06002019999994 ], [ -62.7324163, -8.06012019999997 ], [ -62.7323926, -8.060267 ], [ -62.732392499999897, -8.06026729999996 ], [ -62.7323688, -8.060337899999981 ], [ -62.7323034, -8.060390899999961 ], [ -62.732190499999902, -8.06043789999995 ], [ -62.7321863, -8.060439299999929 ], [ -62.732047899999898, -8.060485 ], [ -62.731917199999899, -8.06051439999993 ], [ -62.7317389, -8.06051439999993 ], [ -62.7315488, -8.060537899999931 ], [ -62.731400199999896, -8.060561499999951 ], [ -62.7312575999999, -8.06059679999993 ], [ -62.7311447, -8.060638 ], [ -62.7310437, -8.06071439999994 ], [ -62.730984299999903, -8.060796799999929 ], [ -62.730948, -8.060868699999959 ], [ -62.7309308, -8.06090269999993 ], [ -62.7308417, -8.06107919999994 ], [ -62.7307822, -8.061208599999929 ], [ -62.730693099999897, -8.061391 ], [ -62.7306159, -8.061573399999929 ], [ -62.7305921, -8.06172049999998 ], [ -62.730604, -8.06184989999997 ], [ -62.7306278, -8.061985199999979 ], [ -62.7306694, -8.06211469999994 ], [ -62.730764399999899, -8.06231469999994 ], [ -62.7308417, -8.062432399999979 ], [ -62.730918899999899, -8.062532399999951 ], [ -62.731014, -8.06262649999996 ], [ -62.7311031, -8.06272649999994 ], [ -62.7311685, -8.06282059999995 ], [ -62.731216, -8.06293829999993 ], [ -62.7312575999999, -8.06307949999996 ], [ -62.7312681, -8.063159799999941 ], [ -62.731281399999901, -8.063261899999929 ], [ -62.731285, -8.06329919999996 ], [ -62.7312992, -8.06344429999996 ], [ -62.7312754, -8.063685499999959 ], [ -62.7312575999999, -8.06379729999998 ], [ -62.7312279, -8.063873699999929 ], [ -62.7311922, -8.063950199999971 ], [ -62.7311447, -8.06402079999998 ], [ -62.7310912, -8.06408549999998 ], [ -62.7310021, -8.06417379999993 ], [ -62.7309427, -8.064215 ], [ -62.730835699999901, -8.064250299999969 ], [ -62.730757, -8.06423859999995 ], [ -62.730716899999898, -8.06423259999997 ], [ -62.730604, -8.06418559999997 ], [ -62.730542899999897, -8.064148099999951 ], [ -62.730479199999898, -8.064109099999939 ], [ -62.730348499999899, -8.06400319999995 ], [ -62.7302237, -8.063897299999949 ], [ -62.7300752, -8.06375019999996 ], [ -62.729938499999903, -8.063573699999949 ], [ -62.729858299999897, -8.063461599999931 ], [ -62.7298375, -8.06343249999998 ], [ -62.7297186, -8.063261899999929 ], [ -62.7296353999999, -8.063114799999941 ], [ -62.7295285, -8.06297949999993 ], [ -62.7294037, -8.06282059999995 ], [ -62.729290799999902, -8.062620599999949 ], [ -62.7292017, -8.06251469999995 ], [ -62.7290947, -8.062438199999971 ], [ -62.728993699999897, -8.062391199999981 ], [ -62.7289105, -8.06237349999998 ], [ -62.7287798, -8.06237349999998 ], [ -62.7286847, -8.062391199999981 ], [ -62.7286015, -8.06244409999994 ], [ -62.728524299999897, -8.06246769999996 ], [ -62.7283639, -8.062485299999929 ], [ -62.7281975, -8.062508799999931 ], [ -62.728084599999903, -8.062561799999971 ], [ -62.7279955, -8.06262649999996 ], [ -62.727936, -8.06269709999998 ], [ -62.7279004, -8.062814799999961 ], [ -62.7278793, -8.062919099999929 ], [ -62.7278707, -8.062961799999931 ], [ -62.727835, -8.06306769999998 ], [ -62.7277756, -8.06313249999994 ], [ -62.727686499999898, -8.063161899999949 ], [ -62.727579499999898, -8.063150099999969 ], [ -62.7274945, -8.063129099999969 ], [ -62.727460699999902, -8.06312069999996 ], [ -62.7274455, -8.063118 ], [ -62.7274019, -8.06311009999996 ], [ -62.72733, -8.063097199999961 ], [ -62.7272646, -8.063097199999961 ], [ -62.7271398, -8.06312069999996 ], [ -62.727038799999903, -8.063150099999969 ], [ -62.726955599999897, -8.06319129999997 ], [ -62.7268784, -8.06327369999997 ], [ -62.726878, -8.063274299999931 ], [ -62.7268189, -8.06337959999996 ], [ -62.7268189, -8.063473699999969 ], [ -62.726836799999901, -8.063620799999971 ], [ -62.726872399999898, -8.063714899999979 ], [ -62.72692, -8.06378089999993 ], [ -62.726931799999903, -8.06379729999998 ], [ -62.7270329, -8.06387959999995 ], [ -62.7270866, -8.06393949999995 ], [ -62.7271755, -8.064038499999979 ], [ -62.7272943, -8.06420319999995 ], [ -62.7273418, -8.064279699999931 ], [ -62.727401299999897, -8.064420899999959 ], [ -62.727448799999898, -8.06449739999994 ], [ -62.727526, -8.06458559999993 ], [ -62.727633, -8.06475039999998 ], [ -62.7276984, -8.064903299999971 ], [ -62.727781499999899, -8.06509159999996 ], [ -62.7277836, -8.065096899999959 ], [ -62.727852799999901, -8.06527979999993 ], [ -62.727953899999903, -8.065503399999949 ], [ -62.7280133, -8.065674 ], [ -62.7280668, -8.065868199999951 ], [ -62.728149899999899, -8.06616229999997 ], [ -62.7282153, -8.06633289999996 ], [ -62.728221699999899, -8.066354899999959 ], [ -62.728251, -8.06645649999996 ], [ -62.7283401, -8.06671529999994 ], [ -62.7283816999999, -8.066880099999929 ], [ -62.728441099999898, -8.067015399999949 ], [ -62.7284827, -8.06722129999997 ], [ -62.7285362, -8.06743309999996 ], [ -62.728554, -8.067568399999971 ], [ -62.7285362, -8.06770959999994 ], [ -62.7285123999999, -8.067862599999961 ], [ -62.7284946, -8.067968499999949 ], [ -62.728441099999898, -8.06808019999994 ], [ -62.7283876, -8.068186099999931 ], [ -62.728298499999902, -8.068309699999929 ], [ -62.728108399999897, -8.06848619999994 ], [ -62.727936, -8.06861559999993 ], [ -62.7277399, -8.06873919999992 ], [ -62.7276777, -8.06877289999994 ], [ -62.7275557, -8.06883919999996 ], [ -62.727401299999897, -8.06892739999995 ], [ -62.727241, -8.068974099999931 ], [ -62.7271992, -8.068986299999951 ], [ -62.7269378, -8.06903919999996 ], [ -62.7266526, -8.069092099999979 ], [ -62.726260399999902, -8.069156899999941 ], [ -62.7260133999999, -8.069208 ], [ -62.7258623, -8.06923919999997 ], [ -62.7256365, -8.06933339999995 ], [ -62.725541399999898, -8.06938039999994 ], [ -62.7254463, -8.06946279999994 ], [ -62.7254028, -8.069508 ], [ -62.7253216, -8.06959219999993 ], [ -62.7251314, -8.06973339999996 ], [ -62.724964999999898, -8.06983339999994 ], [ -62.7247987, -8.069957 ], [ -62.7245432, -8.07014519999996 ], [ -62.7241521, -8.070358699999931 ], [ -62.724079699999898, -8.070398199999939 ], [ -62.7236994, -8.07063939999995 ], [ -62.7233661, -8.07083 ], [ -62.723277499999902, -8.070880599999949 ], [ -62.7228853, -8.071092399999941 ], [ -62.7224515999999, -8.07132769999993 ], [ -62.7218455, -8.071657199999949 ], [ -62.721387999999898, -8.07191019999993 ], [ -62.7209126, -8.072139599999961 ], [ -62.7203984, -8.07241319999997 ], [ -62.720116399999903, -8.07256319999993 ], [ -62.719902499999897, -8.07265729999995 ], [ -62.7197242, -8.072727899999959 ], [ -62.71961, -8.072748099999959 ], [ -62.7195578, -8.07275729999998 ], [ -62.7193617, -8.072780899999939 ], [ -62.7191716, -8.07282789999994 ], [ -62.7190528, -8.072875 ], [ -62.7189458, -8.07296909999997 ], [ -62.7188429, -8.073135899999951 ], [ -62.7188151, -8.073180899999951 ], [ -62.7186962, -8.07338679999998 ], [ -62.7186071, -8.07353979999993 ], [ -62.7185239, -8.073716299999941 ], [ -62.718488299999898, -8.07383979999997 ], [ -62.718488299999898, -8.07387759999995 ], [ -62.718488299999898, -8.073969299999931 ], [ -62.718512, -8.074192799999929 ], [ -62.718518, -8.074422299999981 ], [ -62.718518, -8.07460459999993 ], [ -62.7185061, -8.07473409999994 ], [ -62.7184526, -8.07485169999995 ], [ -62.7183813, -8.07493409999995 ], [ -62.718315899999901, -8.07498119999997 ], [ -62.7182031, -8.07505179999993 ], [ -62.7180486, -8.07521649999995 ], [ -62.7179297, -8.075369399999939 ], [ -62.7177515, -8.07562829999995 ], [ -62.717537499999899, -8.075946 ], [ -62.7173177, -8.07622249999997 ], [ -62.717204799999898, -8.07638129999998 ], [ -62.7170622, -8.07650489999997 ], [ -62.7169671, -8.076610799999971 ], [ -62.7168839, -8.07670489999998 ], [ -62.716794799999903, -8.076728399999981 ], [ -62.716664099999903, -8.07673429999994 ], [ -62.7164858, -8.07671669999996 ], [ -62.7163849, -8.076696299999981 ], [ -62.7161947, -8.07665779999996 ], [ -62.7160607, -8.07662339999996 ], [ -62.715897599999899, -8.07658129999993 ], [ -62.7157609, -8.07654609999997 ], [ -62.7156777, -8.07654609999997 ], [ -62.715600499999901, -8.07656369999995 ], [ -62.715547, -8.07659309999997 ], [ -62.7154876, -8.07665779999996 ], [ -62.7154861, -8.07665989999998 ], [ -62.7154044, -8.07677549999994 ], [ -62.715309299999902, -8.076887299999949 ], [ -62.715238, -8.076999 ], [ -62.7151132, -8.07721079999993 ], [ -62.7149587, -8.07741669999996 ], [ -62.7149052, -8.07748149999998 ], [ -62.7148220999999, -8.077552099999931 ], [ -62.7146913, -8.077593199999971 ], [ -62.7145563, -8.07761109999996 ], [ -62.7144239, -8.07762849999995 ], [ -62.7142635, -8.07765209999997 ], [ -62.7140199, -8.077699099999959 ], [ -62.7138416, -8.07774619999998 ], [ -62.7138356, -8.07774749999993 ], [ -62.713681199999897, -8.07778149999996 ], [ -62.7135445, -8.077863899999951 ], [ -62.713479199999902, -8.07793439999995 ], [ -62.7134257, -8.078005 ], [ -62.7134138, -8.078122699999939 ], [ -62.7134316, -8.078234499999949 ], [ -62.713491099999899, -8.078358 ], [ -62.7135861, -8.078516899999951 ], [ -62.7136871, -8.07866979999994 ], [ -62.7138, -8.078811 ], [ -62.713883199999898, -8.078946299999931 ], [ -62.7139544999999, -8.079069899999981 ], [ -62.714007599999903, -8.079139899999969 ], [ -62.7140615, -8.07921109999995 ], [ -62.7141387, -8.07932279999994 ], [ -62.7141813, -8.079438799999931 ], [ -62.714186299999902, -8.079452299999961 ], [ -62.714257599999897, -8.079611099999971 ], [ -62.71433, -8.07970839999996 ], [ -62.714340799999903, -8.079722899999981 ], [ -62.7144061, -8.07981109999997 ], [ -62.7144239, -8.07987 ], [ -62.7144239, -8.07998169999996 ], [ -62.714418, -8.08006409999996 ], [ -62.7143586, -8.080158199999969 ], [ -62.7142873, -8.080222899999971 ], [ -62.7141922, -8.080264099999971 ], [ -62.714097099999897, -8.08028769999993 ], [ -62.714074599999897, -8.08029009999996 ], [ -62.7139902, -8.080299399999941 ], [ -62.7138476, -8.08031119999993 ], [ -62.713681199999897, -8.08035829999994 ], [ -62.7135148, -8.080423 ], [ -62.7130928999999, -8.080593599999929 ], [ -62.712855299999902, -8.080681799999979 ], [ -62.7125819, -8.080805399999971 ], [ -62.7124635, -8.080853499999931 ], [ -62.7122492, -8.08094069999993 ], [ -62.7117263, -8.081164199999931 ], [ -62.711607399999899, -8.08122309999993 ], [ -62.711488599999903, -8.08127009999993 ], [ -62.711405399999897, -8.08132889999996 ], [ -62.7112974, -8.081412099999969 ], [ -62.711245, -8.08145249999995 ], [ -62.7110132, -8.081623099999939 ], [ -62.710840899999901, -8.081787799999971 ], [ -62.710567599999898, -8.08202309999996 ], [ -62.7101931999999, -8.08228789999993 ], [ -62.7098961, -8.08251729999995 ], [ -62.7096893, -8.082684499999971 ], [ -62.709605, -8.082752599999941 ], [ -62.709343499999903, -8.08299379999994 ], [ -62.709217, -8.083127499999931 ], [ -62.709165299999903, -8.083182099999931 ], [ -62.7089751, -8.08334679999996 ], [ -62.7088088, -8.08344679999993 ], [ -62.7087916, -8.083455599999979 ], [ -62.708648299999901, -8.08352919999993 ], [ -62.7084404, -8.083611499999961 ], [ -62.7081967, -8.083693899999959 ], [ -62.708000599999899, -8.08377039999993 ], [ -62.707798599999897, -8.083917499999931 ], [ -62.7076501, -8.084093899999971 ], [ -62.7074956, -8.08431159999998 ], [ -62.707477599999898, -8.08434039999997 ], [ -62.7074365, -8.084406399999979 ], [ -62.7073708, -8.08451159999993 ], [ -62.7072924, -8.08466679999998 ], [ -62.7072282, -8.084794 ], [ -62.7071925, -8.084869199999959 ], [ -62.707091499999898, -8.08508229999995 ], [ -62.707085, -8.08509739999994 ], [ -62.7069667, -8.08537049999995 ], [ -62.706873599999902, -8.085596399999931 ], [ -62.7068479, -8.08565879999998 ], [ -62.7067408999999, -8.08593529999996 ], [ -62.7066459, -8.086141199999931 ], [ -62.7065626999999, -8.086323599999959 ], [ -62.7064498, -8.086453 ], [ -62.7063547, -8.086553 ], [ -62.706224, -8.08664709999994 ], [ -62.7060754, -8.086735399999951 ], [ -62.7060078, -8.086762199999949 ], [ -62.7059566, -8.086782399999951 ], [ -62.7058378, -8.086835399999931 ], [ -62.705736699999903, -8.086853 ], [ -62.7055703999999, -8.08685889999998 ], [ -62.7054218, -8.086876599999931 ], [ -62.7052376, -8.08691769999996 ], [ -62.705065299999902, -8.08694129999998 ], [ -62.7050505999999, -8.08694129999998 ], [ -62.704934599999902, -8.08694129999998 ], [ -62.704780099999901, -8.086923599999979 ], [ -62.7046672, -8.08688829999994 ], [ -62.7045543, -8.086835399999931 ], [ -62.7044117, -8.08674129999997 ], [ -62.7042868999999, -8.086623599999941 ], [ -62.7041859, -8.086511799999929 ], [ -62.7041265, -8.0864 ], [ -62.7041139, -8.08632959999994 ], [ -62.7041086, -8.0863 ], [ -62.7041086, -8.086182399999929 ], [ -62.7041220999999, -8.086094199999931 ], [ -62.7041384, -8.085988199999971 ], [ -62.704168099999897, -8.085882399999949 ], [ -62.7041621, -8.08578229999995 ], [ -62.7041205, -8.08571169999993 ], [ -62.7040433, -8.085641199999939 ], [ -62.7039758, -8.085591099999929 ], [ -62.7039482, -8.085570599999929 ], [ -62.703859099999903, -8.08554109999994 ], [ -62.7037402, -8.085505799999961 ], [ -62.703651099999902, -8.085505799999961 ], [ -62.7035144, -8.085529399999929 ], [ -62.7033421, -8.085570599999929 ], [ -62.7031342, -8.085570599999929 ], [ -62.7029975, -8.085529399999929 ], [ -62.7028835, -8.085473 ], [ -62.7028549, -8.085458799999969 ], [ -62.702706299999903, -8.08534109999994 ], [ -62.7025459, -8.08517639999997 ], [ -62.7023973, -8.08502929999997 ], [ -62.702236899999903, -8.084894 ], [ -62.7020587, -8.084788099999971 ], [ -62.701916, -8.084735199999949 ], [ -62.7017675, -8.084711599999929 ], [ -62.701745399999901, -8.08470959999994 ], [ -62.701512, -8.084688099999941 ], [ -62.70131, -8.084670499999961 ], [ -62.7010188, -8.08462929999996 ], [ -62.7007568, -8.084571599999951 ], [ -62.7006445, -8.08454689999996 ], [ -62.700347399999899, -8.084458699999971 ], [ -62.7000859, -8.08435279999998 ], [ -62.6999077, -8.084194 ], [ -62.699842299999901, -8.084105699999951 ], [ -62.6997888, -8.083941 ], [ -62.699711599999901, -8.083693899999959 ], [ -62.6995868, -8.083411499999951 ], [ -62.699479799999899, -8.08321739999997 ], [ -62.6993848, -8.083035 ], [ -62.699253999999897, -8.082852599999971 ], [ -62.6991113999999, -8.082746699999969 ], [ -62.6989569, -8.08269379999996 ], [ -62.6988678, -8.082682 ], [ -62.698760799999903, -8.08269379999996 ], [ -62.6986598, -8.082723199999981 ], [ -62.698558799999901, -8.082799699999949 ], [ -62.6985342, -8.082844899999939 ], [ -62.6985172, -8.08287619999993 ], [ -62.698499399999903, -8.08295259999994 ], [ -62.698499399999903, -8.08302319999996 ], [ -62.6985232, -8.08308209999996 ], [ -62.698618199999899, -8.083211499999949 ], [ -62.6986717, -8.08334679999996 ], [ -62.698749, -8.083511499999929 ], [ -62.6988322, -8.08372919999994 ], [ -62.6989153, -8.083923299999981 ], [ -62.6990223, -8.08415279999997 ], [ -62.6991293, -8.08444689999993 ], [ -62.6992124, -8.084788099999971 ], [ -62.699277799999898, -8.085105799999949 ], [ -62.6993016, -8.085258799999959 ], [ -62.6993075, -8.085376399999969 ], [ -62.699277799999898, -8.0857 ], [ -62.6993016, -8.086053 ], [ -62.6993194, -8.086482399999969 ], [ -62.6993194, -8.086894199999961 ], [ -62.6992956, -8.08738839999995 ], [ -62.69926, -8.087817799999931 ], [ -62.6992303, -8.088153199999971 ], [ -62.6991768, -8.08854139999994 ], [ -62.6991709, -8.08857479999995 ], [ -62.6991113999999, -8.088912 ], [ -62.698992599999897, -8.08939439999995 ], [ -62.698951, -8.089647399999929 ], [ -62.6989035, -8.08980619999994 ], [ -62.6988084, -8.09003569999993 ], [ -62.6987252, -8.09018859999998 ], [ -62.6985351, -8.090441599999959 ], [ -62.698332999999899, -8.090706299999971 ], [ -62.698083499999903, -8.09095929999995 ], [ -62.697839799999898, -8.09120049999996 ], [ -62.6975724, -8.09144169999996 ], [ -62.6972991, -8.09165349999995 ], [ -62.6971819, -8.091737199999949 ], [ -62.6969783, -8.09188289999997 ], [ -62.696728699999902, -8.092059399999931 ], [ -62.6966039, -8.09221229999997 ], [ -62.6965984, -8.092223599999951 ], [ -62.6965266999999, -8.092371199999951 ], [ -62.6964613, -8.09257119999995 ], [ -62.6964197, -8.092783 ], [ -62.6963722, -8.09301239999996 ], [ -62.6963365, -8.09327709999997 ], [ -62.6963365, -8.093500699999939 ], [ -62.6963425, -8.09370659999996 ], [ -62.6963186999999, -8.09385359999993 ], [ -62.696235499999901, -8.093988899999941 ], [ -62.6961464, -8.09412419999995 ], [ -62.696021599999902, -8.09419479999997 ], [ -62.6959146, -8.09426539999993 ], [ -62.6958314, -8.094300699999961 ], [ -62.695748299999899, -8.09429479999994 ], [ -62.695659099999901, -8.09426539999993 ], [ -62.6955462, -8.094200699999931 ], [ -62.6953799, -8.094083099999979 ], [ -62.6953095, -8.094034299999979 ], [ -62.6951422, -8.093918299999929 ], [ -62.6950174, -8.09380659999994 ], [ -62.694880699999899, -8.09371239999996 ], [ -62.69475, -8.09361239999993 ], [ -62.694607399999903, -8.093518299999969 ], [ -62.694594299999899, -8.09350719999998 ], [ -62.694524199999897, -8.09344769999996 ], [ -62.694441, -8.09336539999993 ], [ -62.6943044, -8.09317119999997 ], [ -62.694244899999902, -8.093047699999939 ], [ -62.6942033, -8.092971199999971 ], [ -62.6941915, -8.09290649999997 ], [ -62.6941915, -8.09280649999994 ], [ -62.6942033, -8.09270059999994 ], [ -62.6942132, -8.09265569999997 ], [ -62.6942331, -8.092565299999929 ], [ -62.6942366, -8.09251959999995 ], [ -62.694244899999902, -8.09241229999998 ], [ -62.694247699999899, -8.092308599999971 ], [ -62.6942509, -8.09218879999997 ], [ -62.6942271, -8.092035799999961 ], [ -62.6942212, -8.09192409999997 ], [ -62.694185499999897, -8.091859399999979 ], [ -62.6941202, -8.09182409999994 ], [ -62.694038099999901, -8.09180269999996 ], [ -62.6940073, -8.091794599999959 ], [ -62.6938765, -8.09182989999994 ], [ -62.6938489, -8.09185569999994 ], [ -62.6937755, -8.09192409999997 ], [ -62.693691, -8.09198489999994 ], [ -62.6936448, -8.092018199999931 ], [ -62.6934997, -8.09214129999998 ], [ -62.693494799999897, -8.09214549999996 ], [ -62.693478399999897, -8.092159399999961 ], [ -62.693311999999899, -8.092306399999931 ], [ -62.6931575, -8.09244179999996 ], [ -62.693009, -8.092565299999929 ], [ -62.6928902, -8.09264769999993 ], [ -62.692777299999896, -8.092683 ], [ -62.692704799999902, -8.09269009999997 ], [ -62.692612499999903, -8.092699299999939 ], [ -62.692599, -8.09270059999994 ], [ -62.692391, -8.092712399999931 ], [ -62.692064199999898, -8.09268879999996 ], [ -62.6917493, -8.09268879999996 ], [ -62.6914819, -8.092712399999931 ], [ -62.6913036, -8.092747699999959 ], [ -62.691161, -8.09280649999994 ], [ -62.691071899999898, -8.09287119999993 ], [ -62.6909947, -8.09297709999993 ], [ -62.6909709, -8.093083 ], [ -62.6909709, -8.093197799999929 ], [ -62.6909709, -8.093230099999969 ], [ -62.690964999999899, -8.09336539999993 ], [ -62.6909471, -8.093506499999931 ], [ -62.690917399999897, -8.09366539999996 ], [ -62.6908817999999, -8.093788899999939 ], [ -62.6908342, -8.093900699999949 ], [ -62.690810499999898, -8.094036 ], [ -62.6908160999999, -8.09415869999998 ], [ -62.6908164, -8.09416539999995 ], [ -62.6908342, -8.09427719999996 ], [ -62.6908521, -8.09439479999998 ], [ -62.6908877, -8.09450659999993 ], [ -62.690929599999897, -8.094554 ], [ -62.6909709, -8.09460069999994 ], [ -62.6910422, -8.09465959999994 ], [ -62.6911016, -8.09471839999998 ], [ -62.6911908, -8.09475959999997 ], [ -62.6913096, -8.09481249999993 ], [ -62.691434399999899, -8.094865499999971 ], [ -62.6915235, -8.094936099999931 ], [ -62.6915829, -8.09500079999998 ], [ -62.691636399999901, -8.095077299999961 ], [ -62.6916899, -8.09513019999997 ], [ -62.6917374, -8.095218399999959 ], [ -62.691755199999903, -8.095283099999961 ], [ -62.6917434, -8.09538319999996 ], [ -62.6917195999999, -8.095418499999941 ], [ -62.691672099999899, -8.095483199999929 ], [ -62.6915948, -8.09550669999993 ], [ -62.6915413, -8.09550669999993 ], [ -62.6914403, -8.09547729999997 ], [ -62.691345199999901, -8.095442 ], [ -62.691226399999898, -8.09539489999997 ], [ -62.691095699999899, -8.095342 ], [ -62.6909471, -8.09530079999996 ], [ -62.6908045, -8.095265499999931 ], [ -62.6906738, -8.095242 ], [ -62.6906519, -8.095238799999951 ], [ -62.6904718, -8.09521259999997 ], [ -62.690317299999897, -8.095194899999971 ], [ -62.690250999999897, -8.09519749999993 ], [ -62.6901687, -8.09520079999993 ], [ -62.690079599999898, -8.09525369999994 ], [ -62.6899548, -8.095324299999961 ], [ -62.6899404, -8.09533669999996 ], [ -62.6898657, -8.09540079999994 ], [ -62.6897766, -8.09555379999995 ], [ -62.6897428, -8.095613899999931 ], [ -62.6896874, -8.09571259999996 ], [ -62.6896399, -8.095812599999929 ], [ -62.6895626, -8.095918499999931 ], [ -62.689515099999902, -8.095995 ], [ -62.689455699999897, -8.096042 ], [ -62.689372499999898, -8.096071399999969 ], [ -62.6892596, -8.09610669999995 ], [ -62.6891408, -8.096136199999931 ], [ -62.689021899999901, -8.09615969999993 ], [ -62.6889269, -8.09620669999993 ], [ -62.6888258, -8.09628909999998 ], [ -62.6887545, -8.09644789999993 ], [ -62.6887189, -8.09660089999994 ], [ -62.6887129, -8.096748 ], [ -62.688707, -8.096865599999941 ], [ -62.688677299999902, -8.09711269999997 ], [ -62.6886416, -8.09732449999996 ], [ -62.6886238, -8.09748329999996 ], [ -62.6886535, -8.09771269999993 ], [ -62.6886951, -8.097901 ], [ -62.688760499999901, -8.09804219999995 ], [ -62.6888496, -8.098142199999931 ], [ -62.6889743999999, -8.09820689999998 ], [ -62.6890728, -8.098253 ], [ -62.6890873, -8.098259799999941 ], [ -62.6892774, -8.098324499999929 ], [ -62.6894323, -8.098384799999961 ], [ -62.6894437999999, -8.09838919999993 ], [ -62.689657699999898, -8.09848929999993 ], [ -62.6898181, -8.098601 ], [ -62.6899905, -8.098754 ], [ -62.6901093, -8.09887749999996 ], [ -62.6901218, -8.09889319999996 ], [ -62.6902876, -8.099101099999929 ], [ -62.6905015, -8.099377499999949 ], [ -62.6906084, -8.09951869999998 ], [ -62.6906976, -8.09963639999995 ], [ -62.6907629, -8.09976579999994 ], [ -62.6907853, -8.099837899999949 ], [ -62.690810499999898, -8.09991879999995 ], [ -62.6908639, -8.100089399999939 ], [ -62.690863799999903, -8.10009519999994 ], [ -62.690857999999899, -8.100301099999969 ], [ -62.6908342, -8.100454099999981 ], [ -62.6907748, -8.10057759999995 ], [ -62.6907035, -8.10067759999993 ], [ -62.690638099999902, -8.10076589999994 ], [ -62.6905676, -8.10084739999996 ], [ -62.6905667999999, -8.10084819999997 ], [ -62.6904666, -8.10091769999997 ], [ -62.690447999999897, -8.10093059999997 ], [ -62.6902876, -8.101024699999931 ], [ -62.6901687, -8.10109529999994 ], [ -62.6899964, -8.10116 ], [ -62.6898596999999, -8.10122469999993 ], [ -62.6896993, -8.10127769999997 ], [ -62.6895805, -8.101336499999951 ], [ -62.689467599999901, -8.10141879999998 ], [ -62.6893606, -8.10149529999995 ], [ -62.689257499999897, -8.10152819999996 ], [ -62.6892056, -8.101530299999981 ], [ -62.6891538, -8.101526599999939 ], [ -62.689102799999901, -8.101517 ], [ -62.689053199999897, -8.101501599999949 ], [ -62.6890056, -8.10148069999997 ], [ -62.6889608, -8.10145449999993 ], [ -62.6889192, -8.10142329999996 ], [ -62.6888814, -8.101387599999949 ], [ -62.6887986999999, -8.101324299999931 ], [ -62.6887119, -8.10126669999994 ], [ -62.6886214, -8.10121509999993 ], [ -62.6885276, -8.101169699999961 ], [ -62.6884309, -8.101130799999961 ], [ -62.6883319, -8.10109849999998 ], [ -62.6882309, -8.101072899999959 ], [ -62.6881284, -8.10105429999993 ], [ -62.688024799999901, -8.101042599999969 ], [ -62.6879018, -8.101051 ], [ -62.687779299999903, -8.10106609999997 ], [ -62.6876579, -8.101087799999959 ], [ -62.6875378, -8.10111609999996 ], [ -62.6874195, -8.101150799999971 ], [ -62.6873032, -8.101192 ], [ -62.687189299999901, -8.10123939999994 ], [ -62.6870781, -8.101292899999979 ], [ -62.686970099999897, -8.10135229999997 ], [ -62.6868654, -8.10141759999993 ], [ -62.6867644, -8.101488499999959 ], [ -62.6866674, -8.10156469999993 ], [ -62.6865748, -8.101646099999931 ], [ -62.6864866, -8.10173239999995 ], [ -62.686403299999903, -8.10182339999994 ], [ -62.6863251, -8.10191869999994 ], [ -62.686252099999898, -8.10201819999997 ], [ -62.6860401, -8.102719099999939 ], [ -62.6859688, -8.10302269999994 ], [ -62.6859474, -8.10327679999995 ], [ -62.6859474, -8.103509699999959 ], [ -62.6859377, -8.10372179999996 ], [ -62.6859333, -8.103817899999971 ], [ -62.6859332, -8.10382029999994 ], [ -62.6859474, -8.104046199999971 ], [ -62.685954599999903, -8.104321499999971 ], [ -62.685954599999903, -8.10454039999996 ], [ -62.6859332, -8.104695699999979 ], [ -62.685890399999899, -8.10500629999996 ], [ -62.6858743, -8.105063 ], [ -62.6858262, -8.10523219999993 ], [ -62.685762, -8.105458099999961 ], [ -62.6856551, -8.105655699999939 ], [ -62.685533899999903, -8.10578989999993 ], [ -62.6855052, -8.10582079999995 ], [ -62.685377, -8.10595929999994 ], [ -62.6852415, -8.10602989999995 ], [ -62.6851346, -8.106036899999941 ], [ -62.6850062, -8.106008699999959 ], [ -62.684906399999903, -8.10595219999993 ], [ -62.684842199999899, -8.10586039999993 ], [ -62.6847923, -8.10576869999994 ], [ -62.6847352999999, -8.10566279999995 ], [ -62.6847318, -8.105655499999949 ], [ -62.6846853, -8.10555689999995 ], [ -62.684635399999898, -8.105458099999961 ], [ -62.6845713, -8.10533809999993 ], [ -62.6845071, -8.105182799999969 ], [ -62.6844786, -8.10507689999997 ], [ -62.6844358, -8.104949799999931 ], [ -62.6843716, -8.104836899999951 ], [ -62.6843411, -8.10480229999996 ], [ -62.68428, -8.10473319999994 ], [ -62.6842219, -8.104667399999929 ], [ -62.684114899999898, -8.104512099999971 ], [ -62.684069399999899, -8.10444249999995 ], [ -62.684036499999898, -8.104392099999931 ], [ -62.6839153, -8.104300399999939 ], [ -62.6838362, -8.10426909999995 ], [ -62.6837727, -8.10424389999997 ], [ -62.683658599999902, -8.10419449999995 ], [ -62.683466, -8.10415919999997 ], [ -62.6833448, -8.10410979999995 ], [ -62.6831594, -8.104088599999949 ], [ -62.6831539, -8.104088099999959 ], [ -62.683057399999903, -8.104079 ], [ -62.6830097, -8.104074499999969 ], [ -62.682951499999902, -8.10405349999996 ], [ -62.6829044999999, -8.10403659999997 ], [ -62.6828528, -8.104018 ], [ -62.682681699999897, -8.103933299999939 ], [ -62.6825747, -8.103869799999931 ], [ -62.682513599999901, -8.103767399999979 ], [ -62.6824821, -8.103624799999981 ], [ -62.6824821, -8.10358029999998 ], [ -62.6824821, -8.10357219999997 ], [ -62.6825214, -8.103354899999941 ], [ -62.682546199999898, -8.103283799999931 ], [ -62.682589, -8.103163799999949 ], [ -62.6826247, -8.103058 ], [ -62.6826603, -8.102930899999929 ], [ -62.682696, -8.102817899999931 ], [ -62.6827244999999, -8.102712099999961 ], [ -62.6827387, -8.102500299999971 ], [ -62.6827387, -8.102359099999941 ], [ -62.6827387, -8.102239099999959 ], [ -62.682717399999902, -8.10212609999996 ], [ -62.6826674, -8.10197789999995 ], [ -62.682598799999901, -8.10188569999997 ], [ -62.6825676, -8.10184379999993 ], [ -62.6824892, -8.101709599999939 ], [ -62.6824036, -8.10156849999993 ], [ -62.682310899999898, -8.101455499999931 ], [ -62.682248899999898, -8.10138859999995 ], [ -62.682232499999898, -8.10137079999993 ], [ -62.682208499999902, -8.101359499999941 ], [ -62.682096999999899, -8.10130729999997 ], [ -62.6820579, -8.101275 ], [ -62.6819687, -8.101201399999979 ], [ -62.6817975, -8.101159 ], [ -62.6816478, -8.10116609999994 ], [ -62.6815551, -8.10121549999997 ], [ -62.6815083, -8.101288299999959 ], [ -62.681505199999897, -8.10129309999996 ], [ -62.6814767, -8.10144849999995 ], [ -62.6814624, -8.10168139999996 ], [ -62.681469499999899, -8.10190729999994 ], [ -62.6814838, -8.102133199999971 ], [ -62.6815123, -8.102352 ], [ -62.681533699999903, -8.102493199999969 ], [ -62.6815266, -8.102613199999951 ], [ -62.681505199999897, -8.10273319999993 ], [ -62.681498099999899, -8.102796799999959 ], [ -62.681493799999899, -8.10282409999996 ], [ -62.6814838, -8.102888499999951 ], [ -62.6814838, -8.10299439999994 ], [ -62.6814841, -8.102996 ], [ -62.681505199999897, -8.10312849999997 ], [ -62.681548, -8.10329089999993 ], [ -62.6815836, -8.103439099999949 ], [ -62.6816264, -8.10356619999993 ], [ -62.6816264, -8.10370739999996 ], [ -62.681604999999898, -8.10384149999993 ], [ -62.6815758, -8.10393789999995 ], [ -62.6815622, -8.10398269999996 ], [ -62.6815534999999, -8.10405169999996 ], [ -62.681540799999901, -8.104152099999959 ], [ -62.6814767, -8.104342699999959 ], [ -62.6814054, -8.104469799999951 ], [ -62.681277, -8.104611 ], [ -62.681113, -8.104759199999931 ], [ -62.6810315, -8.10483319999997 ], [ -62.6810275, -8.104836899999951 ], [ -62.680941899999901, -8.10493569999994 ], [ -62.680877699999897, -8.10506279999993 ], [ -62.6808207, -8.10521809999995 ], [ -62.680799299999897, -8.105436899999971 ], [ -62.6808207, -8.105578099999949 ], [ -62.6808492, -8.105719299999979 ], [ -62.6809276, -8.10583219999995 ], [ -62.6810275, -8.105945199999949 ], [ -62.681148699999902, -8.105987499999969 ], [ -62.681231399999902, -8.106003099999951 ], [ -62.681298399999903, -8.10601569999994 ], [ -62.6814054, -8.10607219999997 ], [ -62.6815836, -8.10615689999997 ], [ -62.6816692, -8.106241599999979 ], [ -62.6817191, -8.106361599999961 ], [ -62.6817191, -8.10643219999997 ], [ -62.6817048, -8.10655219999995 ], [ -62.6816335, -8.10660169999994 ], [ -62.681533699999903, -8.106644 ], [ -62.6814054, -8.106644 ], [ -62.6813877, -8.10664669999994 ], [ -62.6813248999999, -8.106656299999941 ], [ -62.6813127, -8.106658099999949 ], [ -62.681148699999902, -8.106644 ], [ -62.680941899999901, -8.10662279999997 ], [ -62.6806437, -8.10660149999995 ], [ -62.6804892, -8.106607299999951 ], [ -62.6802694, -8.10665439999997 ], [ -62.680182, -8.106714 ], [ -62.6801052, -8.10676649999994 ], [ -62.680096999999897, -8.10677209999994 ], [ -62.680002, -8.106919099999971 ], [ -62.6799485, -8.107072099999931 ], [ -62.6799485, -8.10727209999993 ], [ -62.6799604, -8.10741909999996 ], [ -62.680073299999897, -8.107578 ], [ -62.680275299999899, -8.107672099999951 ], [ -62.6803882, -8.107748599999979 ], [ -62.6804714, -8.10787209999995 ], [ -62.6805189, -8.108007399999959 ], [ -62.6805724, -8.108207399999969 ], [ -62.680578399999902, -8.10830149999992 ], [ -62.6805854, -8.10841269999997 ], [ -62.6805902, -8.108489799999971 ], [ -62.680578399999902, -8.108631 ], [ -62.680554599999901, -8.108748599999959 ], [ -62.680513, -8.10885449999995 ], [ -62.680458299999898, -8.108957299999931 ], [ -62.6804536, -8.10896629999996 ], [ -62.6804179, -8.10908389999997 ], [ -62.6804417, -8.109219199999931 ], [ -62.680463099999898, -8.10927349999997 ], [ -62.6804944, -8.109352599999969 ], [ -62.680495199999903, -8.10935449999994 ], [ -62.680513, -8.10949569999997 ], [ -62.680507, -8.109631 ], [ -62.680483299999899, -8.109766299999929 ], [ -62.6804417, -8.10988979999996 ], [ -62.6803763, -8.11000749999994 ], [ -62.6803466, -8.11012509999995 ], [ -62.6803169, -8.110248699999939 ], [ -62.6802397, -8.110301599999961 ], [ -62.6801565, -8.11033689999994 ], [ -62.680073299999897, -8.11033689999994 ], [ -62.6799247, -8.110325099999949 ], [ -62.6797465, -8.11031339999994 ], [ -62.679735, -8.110312399999939 ], [ -62.6796308, -8.11030339999996 ], [ -62.6796098, -8.110301599999961 ], [ -62.6793484, -8.11026629999998 ], [ -62.6791997999999, -8.110248699999939 ], [ -62.679057199999903, -8.110248699999939 ], [ -62.6790149, -8.110248699999939 ], [ -62.678991799999899, -8.110248699999939 ], [ -62.6788849, -8.11027809999996 ], [ -62.678866099999901, -8.110289199999951 ], [ -62.6788255, -8.11031339999994 ], [ -62.6787423, -8.110384 ], [ -62.6786531, -8.110460399999971 ], [ -62.6785937, -8.110578099999939 ], [ -62.6785581, -8.11070159999997 ], [ -62.6785402, -8.11089579999998 ], [ -62.678545799999902, -8.110986099999931 ], [ -62.678552099999898, -8.111089899999969 ], [ -62.678552099999898, -8.11125459999994 ], [ -62.678552099999898, -8.111407499999929 ], [ -62.678552099999898, -8.111589899999959 ], [ -62.678552099999898, -8.11159379999998 ], [ -62.678552099999898, -8.111707099999929 ], [ -62.678552099999898, -8.111731099999931 ], [ -62.678552099999898, -8.111889899999939 ], [ -62.6786135, -8.11193 ], [ -62.678541499999902, -8.11193189999995 ], [ -62.678528399999898, -8.111984 ], [ -62.6785116, -8.112005699999941 ], [ -62.6784511, -8.112084 ], [ -62.678434799999899, -8.11211629999997 ], [ -62.678389099999897, -8.112206699999939 ], [ -62.678385799999901, -8.11221339999997 ], [ -62.6783621, -8.11227379999997 ], [ -62.6783442, -8.112319299999969 ], [ -62.6783204, -8.11244289999996 ], [ -62.678284699999899, -8.112566399999929 ], [ -62.6782810999999, -8.112606 ], [ -62.6782788, -8.11263109999993 ], [ -62.6782846, -8.11265129999992 ], [ -62.678302599999903, -8.112713499999931 ], [ -62.6783679, -8.112760499999981 ], [ -62.678433299999902, -8.11279579999996 ], [ -62.678516499999901, -8.112801699999981 ], [ -62.6786413, -8.11279579999996 ], [ -62.6787482, -8.112789899999941 ], [ -62.678849199999902, -8.112789899999941 ], [ -62.679009699999902, -8.112801699999981 ], [ -62.679140399999902, -8.112813499999961 ], [ -62.679282999999899, -8.112813499999961 ], [ -62.679372199999897, -8.112813499999961 ], [ -62.6794197, -8.112813499999961 ], [ -62.679568199999899, -8.112819299999961 ], [ -62.679704899999898, -8.11280759999994 ], [ -62.679871299999903, -8.112760499999981 ], [ -62.679878, -8.112757699999969 ], [ -62.6799842, -8.112713499999931 ], [ -62.6801149, -8.11266639999997 ], [ -62.6802694, -8.11261349999995 ], [ -62.6803823, -8.11254869999993 ], [ -62.6804892, -8.112484 ], [ -62.6806299, -8.112409 ], [ -62.6806437, -8.11240169999996 ], [ -62.680804099999897, -8.11236639999993 ], [ -62.6808619, -8.11235969999996 ], [ -62.6810062, -8.112342899999931 ], [ -62.681036199999902, -8.112342899999931 ], [ -62.6811666, -8.112342899999931 ], [ -62.681321099999899, -8.112389899999931 ], [ -62.681322, -8.11239029999996 ], [ -62.681475599999899, -8.112460499999941 ], [ -62.681606299999899, -8.112484 ], [ -62.6816299, -8.112489899999961 ], [ -62.6817252, -8.112513499999981 ], [ -62.6818143, -8.11255459999995 ], [ -62.6818678, -8.11265459999993 ], [ -62.6818678, -8.11271639999995 ], [ -62.6818678, -8.11280759999994 ], [ -62.6818618, -8.11291349999993 ], [ -62.6818559, -8.11303109999994 ], [ -62.6818321, -8.11312519999996 ], [ -62.681838099999901, -8.11318989999995 ], [ -62.6818856, -8.113260499999971 ], [ -62.6818992, -8.113268599999969 ], [ -62.6819747, -8.113313499999951 ], [ -62.682040099999902, -8.11339579999998 ], [ -62.6821173, -8.113472299999961 ], [ -62.6821649, -8.113548799999929 ], [ -62.6821886, -8.113601699999951 ], [ -62.6822183, -8.113695799999959 ], [ -62.6822362, -8.11377229999994 ], [ -62.682245099999903, -8.11381659999995 ], [ -62.682254, -8.11386049999993 ], [ -62.6822837, -8.11394879999995 ], [ -62.6823312, -8.114060599999959 ], [ -62.6823669, -8.114166399999929 ], [ -62.6823788, -8.11427229999993 ], [ -62.6823788, -8.11439 ], [ -62.68238, -8.114395299999959 ], [ -62.6824085, -8.11451349999993 ], [ -62.6824738, -8.11462529999994 ], [ -62.6825214, -8.114731199999939 ], [ -62.6825214, -8.114848799999949 ], [ -62.6825214, -8.114972 ], [ -62.6825214, -8.11497229999998 ], [ -62.682521199999897, -8.114972899999939 ], [ -62.6824917, -8.11505469999997 ], [ -62.6824501, -8.115119399999969 ], [ -62.6823907, -8.115160599999969 ], [ -62.6823075, -8.115201799999969 ], [ -62.6822362, -8.11526649999996 ], [ -62.682158899999898, -8.115348799999939 ], [ -62.6820994999999, -8.115460599999951 ], [ -62.682040099999902, -8.115607599999979 ], [ -62.682036299999901, -8.115621199999961 ], [ -62.6820104, -8.11571349999997 ], [ -62.681980699999897, -8.115831199999951 ], [ -62.6819747, -8.115954699999969 ], [ -62.6819866, -8.116066499999929 ], [ -62.6820015, -8.116096 ], [ -62.682040099999902, -8.116172399999931 ], [ -62.6820994999999, -8.11631939999995 ], [ -62.6821849, -8.11641729999997 ], [ -62.6822124, -8.11644879999994 ], [ -62.6822718, -8.116548799999981 ], [ -62.6822729, -8.116562 ], [ -62.6822778, -8.11661939999993 ], [ -62.6823075, -8.11669 ], [ -62.6823669, -8.11676059999996 ], [ -62.682456, -8.11676059999996 ], [ -62.6825451999999, -8.116731199999951 ], [ -62.6826283, -8.11664879999995 ], [ -62.6826937, -8.11657239999994 ], [ -62.6827681, -8.11648029999998 ], [ -62.6827888, -8.116454699999959 ], [ -62.6828015, -8.11644449999994 ], [ -62.6828838, -8.116378299999949 ], [ -62.6829849, -8.116295899999949 ], [ -62.6830859, -8.11622529999994 ], [ -62.6831809, -8.116166499999959 ], [ -62.6832641, -8.116101799999971 ], [ -62.6833414, -8.11604879999993 ], [ -62.6834003, -8.115985199999949 ], [ -62.6834067, -8.11597819999997 ], [ -62.683484, -8.115919399999941 ], [ -62.6835553, -8.11591349999998 ], [ -62.6836325, -8.115931199999981 ], [ -62.6836643, -8.115949699999931 ], [ -62.6837335, -8.11599 ], [ -62.6838049, -8.116025299999929 ], [ -62.6839449, -8.11606259999996 ], [ -62.683946499999898, -8.116063099999961 ], [ -62.6839593, -8.116066499999929 ], [ -62.6840485, -8.116078199999951 ], [ -62.684143499999898, -8.11604879999993 ], [ -62.6842445999999, -8.11597819999997 ], [ -62.684351499999899, -8.11590769999998 ], [ -62.6843718, -8.11589839999994 ], [ -62.6844288, -8.11587239999994 ], [ -62.684624799999902, -8.11587239999994 ], [ -62.6846369, -8.11587239999994 ], [ -62.6847377, -8.11587239999994 ], [ -62.684833399999903, -8.11589189999995 ], [ -62.6849101, -8.11590769999998 ], [ -62.685023, -8.11593709999994 ], [ -62.685124, -8.11596649999996 ], [ -62.685173, -8.116019899999969 ], [ -62.6851834, -8.11603119999995 ], [ -62.6851847, -8.11605749999995 ], [ -62.685189299999898, -8.11614879999996 ], [ -62.685189299999898, -8.116231199999961 ], [ -62.685188299999901, -8.11623329999998 ], [ -62.6851477, -8.11631939999995 ], [ -62.685135499999902, -8.11640439999996 ], [ -62.6851298999999, -8.116443 ], [ -62.6850883, -8.116601799999961 ], [ -62.685094299999903, -8.116719399999971 ], [ -62.6851061, -8.116807699999979 ], [ -62.685118, -8.11684289999994 ], [ -62.6851359, -8.116895899999969 ], [ -62.6851384, -8.11689769999998 ], [ -62.6851953, -8.116937099999969 ], [ -62.6853141, -8.11701359999995 ], [ -62.685329099999898, -8.11702539999993 ], [ -62.685403199999897, -8.117084199999971 ], [ -62.6854982999999, -8.117166499999939 ], [ -62.6856112, -8.117278299999951 ], [ -62.685658799999899, -8.11730179999995 ], [ -62.685736, -8.117307699999969 ], [ -62.6858007, -8.117319299999959 ], [ -62.685801399999903, -8.11731939999993 ], [ -62.6858667, -8.117307699999969 ], [ -62.6859123999999, -8.11727379999996 ], [ -62.6859143, -8.11727239999993 ], [ -62.685991499999901, -8.117237099999951 ], [ -62.6860866, -8.11721359999996 ], [ -62.686205399999899, -8.11723119999994 ], [ -62.6862335, -8.11723519999993 ], [ -62.6863302, -8.117248899999939 ], [ -62.686449, -8.117248899999939 ], [ -62.6865263, -8.11723119999994 ], [ -62.686639199999902, -8.11721359999996 ], [ -62.686746099999901, -8.117225299999969 ], [ -62.686823499999903, -8.117252699999939 ], [ -62.6868292999999, -8.117254699999931 ], [ -62.686833299999897, -8.117257099999961 ], [ -62.6868431, -8.117262899999959 ], [ -62.686888699999898, -8.11729 ], [ -62.6869779, -8.117372399999971 ], [ -62.6870729, -8.117448899999941 ], [ -62.6871502, -8.11753119999997 ], [ -62.6872571, -8.117625299999929 ], [ -62.6873403, -8.11770179999996 ], [ -62.6874354, -8.117807699999959 ], [ -62.6874948, -8.117866499999931 ], [ -62.6875305, -8.117966499999969 ], [ -62.6875305, -8.118043 ], [ -62.6875186, -8.11815479999996 ], [ -62.6874414, -8.118237099999931 ], [ -62.6874329, -8.118241099999979 ], [ -62.6873166, -8.118295899999961 ], [ -62.687215599999902, -8.118343 ], [ -62.687120499999899, -8.118378299999961 ], [ -62.6869363, -8.118419499999961 ], [ -62.686894299999899, -8.11843479999993 ], [ -62.686892999999898, -8.118435299999931 ], [ -62.6868234, -8.11846059999993 ], [ -62.6867224, -8.11851359999997 ], [ -62.6866451, -8.11863709999994 ], [ -62.6865991, -8.11872459999995 ], [ -62.686567899999901, -8.11878419999994 ], [ -62.6865149, -8.11890829999993 ], [ -62.6865025, -8.118937099999931 ], [ -62.6865025, -8.11906649999997 ], [ -62.6865036, -8.11907439999993 ], [ -62.686519099999899, -8.119188 ], [ -62.6865322, -8.11928419999998 ], [ -62.6865322, -8.119419499999941 ], [ -62.6865440999999, -8.119596 ], [ -62.6865619, -8.11973709999995 ], [ -62.6866214, -8.119913599999959 ], [ -62.686651099999899, -8.12003129999994 ], [ -62.686710499999897, -8.120243 ], [ -62.6867283, -8.120331299999981 ], [ -62.6867283, -8.120413599999949 ], [ -62.6867045, -8.120466599999929 ], [ -62.686657, -8.12054889999996 ], [ -62.686567899999901, -8.120625399999939 ], [ -62.686531199999898, -8.12063859999995 ], [ -62.686437199999901, -8.120672399999931 ], [ -62.6863124, -8.120672399999931 ], [ -62.6862232, -8.12066069999997 ], [ -62.686110299999903, -8.12059009999996 ], [ -62.6860212, -8.12053709999998 ], [ -62.685860799999901, -8.12043129999995 ], [ -62.6856959, -8.120339399999979 ], [ -62.6856706, -8.12032539999996 ], [ -62.6855518, -8.12028419999996 ], [ -62.6854092, -8.12027239999998 ], [ -62.685372599999901, -8.120279699999969 ], [ -62.6852605999999, -8.12030179999994 ], [ -62.6851258, -8.120337199999939 ], [ -62.685058599999898, -8.120354799999969 ], [ -62.6848982, -8.120425399999929 ], [ -62.6848361, -8.12046979999997 ], [ -62.6847911999999, -8.120501799999939 ], [ -62.6846962, -8.120566599999959 ], [ -62.6846551, -8.120653699999931 ], [ -62.6846546, -8.120654799999951 ], [ -62.6846542, -8.12065729999995 ], [ -62.684640199999897, -8.120744899999981 ], [ -62.684636699999899, -8.120766599999969 ], [ -62.684636699999899, -8.120829 ], [ -62.684636699999899, -8.12087829999996 ], [ -62.684607, -8.12099009999997 ], [ -62.6845842, -8.12101969999998 ], [ -62.6845298, -8.12109009999995 ], [ -62.684434699999898, -8.12114889999998 ], [ -62.6842862, -8.12120189999996 ], [ -62.6841757, -8.121220899999971 ], [ -62.684149499999897, -8.121225399999959 ], [ -62.6841042, -8.121225399999959 ], [ -62.6839772, -8.121225399999959 ], [ -62.6837573, -8.12123709999997 ], [ -62.6836681999999, -8.12124889999996 ], [ -62.6834959, -8.12126069999994 ], [ -62.6834335, -8.121270199999969 ], [ -62.6834186, -8.121272399999951 ], [ -62.6833084, -8.12131839999995 ], [ -62.683305699999899, -8.12131949999997 ], [ -62.6832902, -8.12132439999993 ], [ -62.683174999999899, -8.12136069999997 ], [ -62.6830383, -8.12140189999997 ], [ -62.6829314, -8.12146069999994 ], [ -62.682865999999898, -8.121496 ], [ -62.682815499999897, -8.12153439999997 ], [ -62.6827888, -8.121554799999959 ], [ -62.6827412, -8.12160769999997 ], [ -62.6827412, -8.121713599999961 ], [ -62.6827451, -8.121785699999981 ], [ -62.682747199999902, -8.121825399999979 ], [ -62.682747199999902, -8.12193719999993 ], [ -62.682747199999902, -8.12203129999995 ], [ -62.6827531, -8.122154799999979 ], [ -62.682765, -8.122254799999951 ], [ -62.6828065999999, -8.12238419999994 ], [ -62.682830399999901, -8.12248419999997 ], [ -62.6828541, -8.12260769999995 ], [ -62.6828541, -8.12271359999994 ], [ -62.6828541, -8.122807699999949 ], [ -62.6828541, -8.12291949999997 ], [ -62.6828566, -8.122969099999979 ], [ -62.6828601, -8.12303719999994 ], [ -62.682889799999899, -8.123125399999941 ], [ -62.682932799999897, -8.12318219999997 ], [ -62.682961099999901, -8.12321949999995 ], [ -62.6829615, -8.123220199999929 ], [ -62.683032399999902, -8.123343 ], [ -62.6831275, -8.123496 ], [ -62.6832285, -8.12360189999993 ], [ -62.683293799999902, -8.123660699999959 ], [ -62.6833711, -8.12370189999996 ], [ -62.6833802, -8.12370819999995 ], [ -62.6834305, -8.123743 ], [ -62.6834383, -8.123748699999959 ], [ -62.6835196, -8.12380779999995 ], [ -62.6835553, -8.123878299999941 ], [ -62.6835558, -8.123880499999929 ], [ -62.683573099999897, -8.12395479999998 ], [ -62.6835553, -8.12402539999994 ], [ -62.6835315, -8.124090099999931 ], [ -62.6834899, -8.124143 ], [ -62.6834127, -8.12418419999995 ], [ -62.683305699999899, -8.124196 ], [ -62.6832166, -8.124201899999949 ], [ -62.6831036, -8.12421159999997 ], [ -62.683079899999903, -8.12421359999996 ], [ -62.682972999999897, -8.12420779999997 ], [ -62.682905499999897, -8.12421379999995 ], [ -62.6828422, -8.124219499999979 ], [ -62.6827531, -8.12422539999994 ], [ -62.682665, -8.124206 ], [ -62.6826462, -8.124201899999949 ], [ -62.682563, -8.12416659999997 ], [ -62.6824738, -8.124119499999949 ], [ -62.6824204, -8.124078299999949 ], [ -62.6823608999999, -8.124072499999951 ], [ -62.6822778, -8.124072499999951 ], [ -62.6822005, -8.12411359999993 ], [ -62.682147, -8.12414889999997 ], [ -62.6821161, -8.12415919999995 ], [ -62.6820757, -8.124172499999929 ], [ -62.6820044, -8.12415479999993 ], [ -62.6819265, -8.124124599999959 ], [ -62.6818678, -8.124101899999969 ], [ -62.6817073, -8.124048899999931 ], [ -62.681546899999901, -8.12400779999996 ], [ -62.681392399999901, -8.124001899999939 ], [ -62.6812201, -8.124001899999939 ], [ -62.6810478, -8.124013599999961 ], [ -62.6808814, -8.12402539999994 ], [ -62.680756599999903, -8.124037199999981 ], [ -62.680692, -8.124066 ], [ -62.6806377999999, -8.124090099999931 ], [ -62.680483299999899, -8.12416659999997 ], [ -62.6803227999999, -8.12423719999992 ], [ -62.6802099, -8.124290099999939 ], [ -62.6801591, -8.12431839999994 ], [ -62.6801149, -8.124343 ], [ -62.680049499999903, -8.12441359999997 ], [ -62.6800079, -8.124531299999941 ], [ -62.679996, -8.124631299999979 ], [ -62.679966299999897, -8.124743 ], [ -62.679942599999897, -8.12482539999996 ], [ -62.679859399999899, -8.124931299999959 ], [ -62.6797286, -8.12508419999995 ], [ -62.6796098, -8.125190099999941 ], [ -62.679496899999897, -8.125296 ], [ -62.67939, -8.125372499999971 ], [ -62.6792652, -8.12548419999996 ], [ -62.6792295, -8.125578299999971 ], [ -62.6792295, -8.12578419999994 ], [ -62.6792295, -8.125913599999929 ], [ -62.679223599999901, -8.126007699999951 ], [ -62.6791939, -8.12609009999994 ], [ -62.6791344, -8.12616659999998 ], [ -62.679057199999903, -8.12631359999995 ], [ -62.6790556999999, -8.12631969999995 ], [ -62.6790164, -8.12647509999994 ], [ -62.6790156, -8.12647829999997 ], [ -62.6790152, -8.12648289999993 ], [ -62.679010199999901, -8.126545299999981 ], [ -62.6790037, -8.12662539999997 ], [ -62.6790156, -8.126743 ], [ -62.679075, -8.12690189999995 ], [ -62.6791582, -8.12703129999994 ], [ -62.6791934, -8.127054499999931 ], [ -62.6792473, -8.127090099999981 ], [ -62.679366199999897, -8.12720769999993 ], [ -62.6794553, -8.127296 ], [ -62.679574199999898, -8.127378299999981 ], [ -62.6796752, -8.127473299999959 ], [ -62.679693, -8.12749009999993 ], [ -62.6798118, -8.12757829999993 ], [ -62.6799485, -8.12764889999994 ], [ -62.680103, -8.12770189999998 ], [ -62.680181699999899, -8.127739399999941 ], [ -62.680263399999902, -8.12777829999993 ], [ -62.6803704, -8.127843 ], [ -62.6804772999999, -8.12790189999993 ], [ -62.6805720999999, -8.12791079999994 ], [ -62.6806021, -8.127913599999941 ], [ -62.6806912, -8.12800769999996 ], [ -62.680743699999901, -8.12806239999998 ], [ -62.680804099999897, -8.128125399999931 ], [ -62.6808933, -8.12823709999998 ], [ -62.6809646, -8.12837829999995 ], [ -62.6810359, -8.12849009999996 ], [ -62.681125, -8.12863129999994 ], [ -62.6812676, -8.128784199999931 ], [ -62.6813389, -8.128901799999939 ], [ -62.6813627, -8.12902539999993 ], [ -62.6813627, -8.12916649999994 ], [ -62.6813508, -8.129343 ], [ -62.681327, -8.129472399999941 ], [ -62.6813092, -8.12958419999995 ], [ -62.6812973, -8.12969009999995 ], [ -62.6812557, -8.129843 ], [ -62.6812365, -8.129938299999941 ], [ -62.681226, -8.129990099999929 ], [ -62.681172499999903, -8.130096 ], [ -62.6811638, -8.130113199999929 ], [ -62.681113099999898, -8.13021359999993 ], [ -62.6810478, -8.130348899999939 ], [ -62.6809646, -8.13044889999998 ], [ -62.6808576, -8.130560599999971 ], [ -62.6807031, -8.13066059999994 ], [ -62.6806703, -8.130683 ], [ -62.6806081, -8.13072539999996 ], [ -62.6805308, -8.130731199999961 ], [ -62.6803585, -8.13071359999998 ], [ -62.680313, -8.130695599999971 ], [ -62.6802099, -8.130654799999951 ], [ -62.680103, -8.130601799999971 ], [ -62.6800198, -8.13052539999995 ], [ -62.679901, -8.13038419999998 ], [ -62.6798059, -8.13026649999995 ], [ -62.679698899999899, -8.130154799999961 ], [ -62.6795266, -8.130001799999951 ], [ -62.679316399999898, -8.129828399999949 ], [ -62.6793127, -8.129825399999961 ], [ -62.6791939, -8.129725399999931 ], [ -62.6789681, -8.129596 ], [ -62.6788195, -8.129554799999941 ], [ -62.6786973, -8.12953149999993 ], [ -62.678665, -8.129525399999981 ], [ -62.6785914, -8.12953579999993 ], [ -62.6785818, -8.12953709999994 ], [ -62.6785343, -8.129554799999941 ], [ -62.6785287, -8.129564399999939 ], [ -62.6784868, -8.12963709999997 ], [ -62.6784689, -8.12975479999994 ], [ -62.6784689, -8.129807199999959 ], [ -62.6784689, -8.129890099999949 ], [ -62.6784689, -8.130021299999949 ], [ -62.6784689, -8.13003709999998 ], [ -62.6784987, -8.130195899999929 ], [ -62.678552099999898, -8.13037239999994 ], [ -62.678610799999902, -8.13049909999995 ], [ -62.6786175, -8.13051359999997 ], [ -62.6786175, -8.130690099999979 ], [ -62.678610799999902, -8.130711899999939 ], [ -62.678575899999899, -8.13082539999994 ], [ -62.6785343, -8.130925299999941 ], [ -62.6784749, -8.13102529999998 ], [ -62.6783442, -8.131095899999931 ], [ -62.678261, -8.131125299999949 ], [ -62.6781124, -8.13115479999993 ], [ -62.6780352, -8.13115479999993 ], [ -62.6779162999999, -8.13121359999997 ], [ -62.6778272, -8.131266499999979 ], [ -62.6777084, -8.131337099999939 ], [ -62.6776513, -8.131371 ], [ -62.6776192, -8.13139 ], [ -62.677512299999897, -8.131407699999951 ], [ -62.677447099999902, -8.131407699999951 ], [ -62.6774172, -8.131407699999951 ], [ -62.6772865, -8.131437099999969 ], [ -62.6772807, -8.13144069999993 ], [ -62.677173599999897, -8.131507699999929 ], [ -62.6771201, -8.13160179999994 ], [ -62.677007199999899, -8.13181359999993 ], [ -62.6768646, -8.132054699999969 ], [ -62.6767826, -8.13219179999993 ], [ -62.6767695, -8.13221359999994 ], [ -62.6766863, -8.13236059999997 ], [ -62.676537799999899, -8.13250179999994 ], [ -62.676509199999899, -8.13253009999994 ], [ -62.6763892, -8.13264879999997 ], [ -62.676228799999897, -8.132795899999961 ], [ -62.6761456, -8.13289 ], [ -62.6760446, -8.132937099999941 ], [ -62.6759079, -8.132937099999941 ], [ -62.675723699999899, -8.132937099999941 ], [ -62.6756406, -8.132937099999941 ], [ -62.675474199999897, -8.132913499999971 ], [ -62.675328299999897, -8.132876099999979 ], [ -62.675313699999897, -8.13287239999994 ], [ -62.6752068, -8.132843 ], [ -62.6751806, -8.132833099999971 ], [ -62.6751298, -8.13281389999997 ], [ -62.675082, -8.132795899999961 ], [ -62.674975, -8.132748799999939 ], [ -62.6749411, -8.132729 ], [ -62.6748443, -8.13267239999993 ], [ -62.674763, -8.13260129999998 ], [ -62.674743299999903, -8.132584099999971 ], [ -62.674678, -8.132495899999981 ], [ -62.6746482, -8.13241939999995 ], [ -62.6745769, -8.13234889999995 ], [ -62.6745235, -8.13231939999997 ], [ -62.6745208, -8.13231879999995 ], [ -62.6744284, -8.132295899999971 ], [ -62.674363, -8.132307699999959 ], [ -62.6743274, -8.13234889999995 ], [ -62.6742977, -8.132454699999929 ], [ -62.674273899999903, -8.132595899999959 ], [ -62.674250099999902, -8.13271359999993 ], [ -62.674202599999902, -8.132878299999961 ], [ -62.674107499999899, -8.133066499999931 ], [ -62.674083799999899, -8.133184099999941 ], [ -62.6740814999999, -8.13319379999996 ], [ -62.6740636, -8.13327069999997 ], [ -62.674048099999901, -8.133337099999951 ], [ -62.6740184, -8.13347239999996 ], [ -62.6739709, -8.13360769999997 ], [ -62.673905499999897, -8.13377819999994 ], [ -62.6738817, -8.13393709999997 ], [ -62.6738758, -8.13406649999996 ], [ -62.6738936, -8.134178199999949 ], [ -62.673956599999897, -8.13430289999997 ], [ -62.6739709, -8.134331199999959 ], [ -62.674054, -8.13448409999995 ], [ -62.6741135, -8.134619399999959 ], [ -62.674123699999903, -8.134647899999949 ], [ -62.6741787999999, -8.13480169999997 ], [ -62.674268, -8.134966399999939 ], [ -62.6743107, -8.135011099999931 ], [ -62.674364899999901, -8.135067699999979 ], [ -62.6743749, -8.135078199999951 ], [ -62.6744019, -8.13509519999997 ], [ -62.6745056, -8.135160599999949 ], [ -62.6745954, -8.13521309999993 ], [ -62.674636399999898, -8.135237 ], [ -62.674945299999898, -8.13528409999998 ], [ -62.675105, -8.13530039999995 ], [ -62.6751177, -8.13530169999996 ], [ -62.675220099999898, -8.13530169999996 ], [ -62.675272199999903, -8.13530169999996 ], [ -62.675414799999899, -8.13535469999994 ], [ -62.6755633, -8.13542529999995 ], [ -62.6756406, -8.135548799999979 ], [ -62.675694, -8.13569 ], [ -62.6756951, -8.13569949999993 ], [ -62.675699, -8.135733 ], [ -62.6757119, -8.13584289999994 ], [ -62.675688099999903, -8.13597229999993 ], [ -62.675679699999897, -8.13600549999995 ], [ -62.6756584, -8.13608989999994 ], [ -62.675616799999901, -8.136195799999941 ], [ -62.675533599999902, -8.13633109999995 ], [ -62.6753791, -8.13647819999994 ], [ -62.6751949, -8.13660169999997 ], [ -62.6750642, -8.136666399999971 ], [ -62.6749335, -8.13674869999994 ], [ -62.674814599999898, -8.136813399999941 ], [ -62.6747017, -8.13689579999993 ], [ -62.6745591, -8.13698989999995 ], [ -62.6743987, -8.137072299999939 ], [ -62.6742798, -8.13715459999997 ], [ -62.674166899999904, -8.13732519999996 ], [ -62.674107499999899, -8.137437 ], [ -62.674054, -8.137572199999971 ], [ -62.6740184, -8.13769579999996 ], [ -62.6740184, -8.137831099999969 ], [ -62.6740184, -8.137960499999959 ], [ -62.6740147, -8.138043799999931 ], [ -62.6740124, -8.13809579999997 ], [ -62.6739946, -8.13821929999995 ], [ -62.673959, -8.13840159999995 ], [ -62.6739411, -8.13854279999993 ], [ -62.6739269, -8.13862769999997 ], [ -62.673905499999897, -8.13875459999997 ], [ -62.6738698, -8.13889569999998 ], [ -62.6738539, -8.138935099999969 ], [ -62.6738223, -8.13901339999995 ], [ -62.673768799999898, -8.139084 ], [ -62.6736916, -8.139148699999961 ], [ -62.6736025, -8.139154499999959 ], [ -62.6735014, -8.139125099999941 ], [ -62.6733707, -8.13907219999993 ], [ -62.6732638, -8.13901339999995 ], [ -62.6730736, -8.13890159999994 ], [ -62.6729607, -8.138878099999941 ], [ -62.672823999999899, -8.138889899999979 ], [ -62.672728999999897, -8.138907499999959 ], [ -62.672645799999898, -8.13898979999993 ], [ -62.6726219, -8.13903 ], [ -62.6725918, -8.139080699999971 ], [ -62.672586399999901, -8.139089799999971 ], [ -62.672570999999898, -8.139150699999959 ], [ -62.6725514, -8.139228499999939 ], [ -62.6725448, -8.139254499999939 ], [ -62.672503199999902, -8.139448699999949 ], [ -62.6724672, -8.139567399999979 ], [ -62.6724497, -8.139625099999931 ], [ -62.6723665, -8.139836899999979 ], [ -62.6722713999999, -8.140013299999961 ], [ -62.6721823, -8.140136899999961 ], [ -62.672069399999899, -8.14027219999997 ], [ -62.672026399999901, -8.14031859999994 ], [ -62.6720114, -8.140334899999971 ], [ -62.6720041, -8.140342699999961 ], [ -62.671903, -8.14038979999998 ], [ -62.6718554999999, -8.140413299999979 ], [ -62.671784199999898, -8.140466299999961 ], [ -62.6717188, -8.140578 ], [ -62.671665399999902, -8.14073679999996 ], [ -62.6716, -8.140978 ], [ -62.6715703, -8.14106039999996 ], [ -62.6715287, -8.141172099999951 ], [ -62.6714633, -8.14126619999996 ], [ -62.671424499999901, -8.14130849999998 ], [ -62.6714039, -8.141330899999961 ], [ -62.6713860999999, -8.14143089999993 ], [ -62.6713860999999, -8.14151919999995 ], [ -62.671415099999898, -8.14157669999997 ], [ -62.6714693, -8.141683899999981 ], [ -62.6715287, -8.141825 ], [ -62.6716357, -8.14194269999996 ], [ -62.6717901, -8.14209559999995 ], [ -62.6718238, -8.142134499999941 ], [ -62.6718971, -8.142219099999981 ], [ -62.6720041, -8.14231909999995 ], [ -62.672015299999899, -8.142326099999931 ], [ -62.6720991, -8.14237789999993 ], [ -62.6721883, -8.14241909999993 ], [ -62.6722477, -8.14246029999993 ], [ -62.6723011999999, -8.142554399999939 ], [ -62.672313, -8.142666199999949 ], [ -62.672313, -8.14276029999996 ], [ -62.672298, -8.14285979999994 ], [ -62.6722952, -8.14287789999997 ], [ -62.6722774, -8.14300139999995 ], [ -62.6722477, -8.14310729999994 ], [ -62.6722417, -8.14326029999995 ], [ -62.6722468, -8.143396 ], [ -62.6722477, -8.14341909999996 ], [ -62.6722596, -8.143530799999951 ], [ -62.6723071, -8.143642599999961 ], [ -62.6723903, -8.14376609999994 ], [ -62.672503199999902, -8.143942599999949 ], [ -62.6725625999999, -8.144030799999941 ], [ -62.6726101, -8.14417789999993 ], [ -62.672621999999897, -8.14432489999996 ], [ -62.672631099999897, -8.14442819999994 ], [ -62.672633899999902, -8.144460199999971 ], [ -62.6726874, -8.144589599999961 ], [ -62.672723, -8.14468369999997 ], [ -62.6727943, -8.144807199999949 ], [ -62.672859699999897, -8.14489549999996 ], [ -62.6729964, -8.14504249999993 ], [ -62.6730547, -8.145102599999969 ], [ -62.673139, -8.145189599999981 ], [ -62.6732175, -8.145260499999949 ], [ -62.6732756, -8.145313099999949 ], [ -62.6733945, -8.145419 ], [ -62.6734132, -8.14543379999998 ], [ -62.6735133, -8.14551309999996 ], [ -62.67365, -8.14563069999997 ], [ -62.673768799999898, -8.14574249999993 ], [ -62.6738465, -8.14583859999993 ], [ -62.6738639, -8.14586009999994 ], [ -62.673917399999901, -8.14596009999997 ], [ -62.6740005999999, -8.14611889999998 ], [ -62.674059999999898, -8.146313 ], [ -62.674083799999899, -8.14644249999998 ], [ -62.6741135, -8.146648299999979 ], [ -62.6741135, -8.14677739999996 ], [ -62.6741135, -8.146818899999969 ], [ -62.6741325, -8.14687559999993 ], [ -62.674143199999897, -8.146907099999961 ], [ -62.6741603, -8.146977699999979 ], [ -62.6741787999999, -8.14705419999996 ], [ -62.674214499999898, -8.14717179999997 ], [ -62.674261999999899, -8.14725419999996 ], [ -62.674333299999901, -8.14734829999998 ], [ -62.6743743, -8.147384799999941 ], [ -62.674392699999899, -8.14740119999993 ], [ -62.6745235, -8.147477699999969 ], [ -62.674531199999898, -8.147480799999929 ], [ -62.674624499999901, -8.147518899999969 ], [ -62.674678399999898, -8.147530299999969 ], [ -62.674701099999901, -8.14753509999997 ], [ -62.6747076999999, -8.147536499999941 ], [ -62.674779, -8.147536499999941 ], [ -62.6747829, -8.14753509999997 ], [ -62.674824, -8.14752059999995 ], [ -62.6748622, -8.147507099999929 ], [ -62.6748736, -8.147499499999981 ], [ -62.6749335, -8.14746 ], [ -62.674944599999897, -8.147447399999979 ], [ -62.674975, -8.147413 ], [ -62.675040399999901, -8.147330599999981 ], [ -62.675082, -8.147265899999979 ], [ -62.6751235999999, -8.14718359999995 ], [ -62.675171099999901, -8.147107099999969 ], [ -62.675212799999898, -8.147052099999939 ], [ -62.6752246, -8.14703649999996 ], [ -62.6753019, -8.147007099999939 ], [ -62.675384999999899, -8.147001199999981 ], [ -62.675474199999897, -8.14701889999998 ], [ -62.6755871, -8.147048299999939 ], [ -62.675694, -8.14710119999995 ], [ -62.675806899999898, -8.14719539999993 ], [ -62.6759258, -8.14734829999998 ], [ -62.675969699999897, -8.147448499999941 ], [ -62.675970499999899, -8.14745039999997 ], [ -62.676003, -8.147524699999961 ], [ -62.676030599999898, -8.147606599999961 ], [ -62.6760492, -8.14766179999998 ], [ -62.6760624, -8.14770119999997 ], [ -62.6760803, -8.147807099999969 ], [ -62.6760803, -8.147983499999951 ], [ -62.6760803, -8.14811879999996 ], [ -62.6760624, -8.14824819999995 ], [ -62.676017699999903, -8.148371099999959 ], [ -62.676009, -8.148395299999949 ], [ -62.675949499999902, -8.148542299999971 ], [ -62.6758485, -8.148695299999931 ], [ -62.6757502, -8.14883949999995 ], [ -62.675688099999903, -8.148930499999951 ], [ -62.6755964, -8.14905149999993 ], [ -62.675474199999897, -8.14921289999995 ], [ -62.675343499999897, -8.149412899999961 ], [ -62.6752781, -8.149518699999931 ], [ -62.6752475, -8.149596499999969 ], [ -62.6752365, -8.14962459999998 ], [ -62.6752365, -8.14972459999996 ], [ -62.6752484, -8.149859899999971 ], [ -62.67529, -8.14995989999994 ], [ -62.675290399999902, -8.149960399999941 ], [ -62.675343499999897, -8.15003639999998 ], [ -62.6754207, -8.15008929999993 ], [ -62.6754801, -8.150112799999929 ], [ -62.6755254999999, -8.15013329999994 ], [ -62.675545499999899, -8.15014219999995 ], [ -62.675616799999901, -8.15020689999994 ], [ -62.6756703, -8.150265799999939 ], [ -62.6757416, -8.15031279999994 ], [ -62.6758366, -8.150354 ], [ -62.6759198, -8.150383399999949 ], [ -62.6759555, -8.15041869999993 ], [ -62.6759792, -8.150477499999971 ], [ -62.6759911, -8.15057159999998 ], [ -62.6759971, -8.150701 ], [ -62.676009, -8.15078339999997 ], [ -62.676020799999897, -8.15092449999997 ], [ -62.676026799999903, -8.15100689999997 ], [ -62.676020799999897, -8.15104809999997 ], [ -62.6760134, -8.15107519999998 ], [ -62.676003, -8.151112799999961 ], [ -62.6760072, -8.151162699999929 ], [ -62.676009, -8.15118329999996 ], [ -62.6760565, -8.151301 ], [ -62.6760958, -8.151351299999931 ], [ -62.6761575, -8.151430399999979 ], [ -62.676204, -8.15152239999998 ], [ -62.676205, -8.15152449999994 ], [ -62.6762585, -8.15156569999994 ], [ -62.676269299999902, -8.15156919999993 ], [ -62.6762897, -8.151575899999949 ], [ -62.6763477, -8.15159509999995 ], [ -62.6764487, -8.15160679999997 ], [ -62.6765319, -8.151618599999949 ], [ -62.6766091, -8.15163629999995 ], [ -62.676668, -8.151656699999929 ], [ -62.676727899999896, -8.151677399999929 ], [ -62.676823, -8.151689199999961 ], [ -62.676924, -8.151730399999961 ], [ -62.6770132, -8.151730399999961 ], [ -62.6771439, -8.151759799999979 ], [ -62.6772568, -8.15179509999996 ], [ -62.6773994, -8.151877399999931 ], [ -62.677506299999898, -8.151989199999949 ], [ -62.6775658, -8.15210089999994 ], [ -62.6776133, -8.152177399999969 ], [ -62.6776489, -8.15228329999997 ], [ -62.6776489, -8.152348 ], [ -62.6776489, -8.15247149999993 ], [ -62.677642999999897, -8.15264209999998 ], [ -62.6776311, -8.15277149999997 ], [ -62.6775775999999, -8.152912599999979 ], [ -62.6775539, -8.153036199999971 ], [ -62.677512299999897, -8.153142 ], [ -62.677435, -8.153265599999941 ], [ -62.6773697, -8.15340669999995 ], [ -62.6772865, -8.15355969999996 ], [ -62.677233, -8.153659599999971 ], [ -62.6772215, -8.15367579999997 ], [ -62.6771616999999, -8.15375959999994 ], [ -62.677118999999898, -8.153793499999949 ], [ -62.677102299999902, -8.15380669999996 ], [ -62.6770013, -8.153842 ], [ -62.6769082, -8.15385 ], [ -62.6768646, -8.15385369999996 ], [ -62.6767273, -8.15386509999996 ], [ -62.676722, -8.15386549999994 ], [ -62.6766091, -8.15386549999994 ], [ -62.676482, -8.153851 ], [ -62.6764545999999, -8.15384789999996 ], [ -62.676335799999897, -8.15384789999996 ], [ -62.676205, -8.15384789999996 ], [ -62.6760862, -8.153883199999941 ], [ -62.6760149, -8.153912599999961 ], [ -62.6759733, -8.153989 ], [ -62.6759478, -8.154077499999969 ], [ -62.6759377, -8.15411259999996 ], [ -62.6759139, -8.15419489999994 ], [ -62.675866299999903, -8.15425369999997 ], [ -62.675795, -8.154277199999971 ], [ -62.6757178, -8.15430079999993 ], [ -62.675616799999901, -8.15430079999993 ], [ -62.6755846, -8.154305299999979 ], [ -62.675533599999902, -8.15431249999995 ], [ -62.6754088, -8.154406599999961 ], [ -62.675343499999897, -8.154494899999969 ], [ -62.675254299999899, -8.154659599999951 ], [ -62.6752187, -8.154783099999969 ], [ -62.675188999999897, -8.154906599999951 ], [ -62.675182999999898, -8.15503009999998 ], [ -62.6752127, -8.15518889999993 ], [ -62.6752805, -8.15530519999993 ], [ -62.6753019, -8.155341899999939 ], [ -62.675390999999898, -8.15550069999995 ], [ -62.675492, -8.155683 ], [ -62.675545499999899, -8.155788899999949 ], [ -62.675589, -8.15591329999995 ], [ -62.675599, -8.15594179999994 ], [ -62.6756406, -8.156047699999929 ], [ -62.6756584, -8.156177099999979 ], [ -62.6756703, -8.156324099999949 ], [ -62.6756584, -8.156477099999959 ], [ -62.675664299999902, -8.15671239999995 ], [ -62.675688099999903, -8.15687119999996 ], [ -62.6757474999999, -8.15700059999995 ], [ -62.675866299999903, -8.157165299999971 ], [ -62.6759852, -8.15730639999992 ], [ -62.67611, -8.15744759999995 ], [ -62.6762169, -8.157529899999931 ], [ -62.676277899999903, -8.15758679999993 ], [ -62.6763179, -8.157624 ], [ -62.676395199999902, -8.15770639999994 ], [ -62.6764024, -8.15772069999997 ], [ -62.6764605, -8.15783579999993 ], [ -62.6765616, -8.157988699999979 ], [ -62.676564599999899, -8.15799279999993 ], [ -62.6765723, -8.15800329999996 ], [ -62.676656599999902, -8.158118099999969 ], [ -62.6767755, -8.158206299999961 ], [ -62.6768646, -8.158300499999941 ], [ -62.676947799999901, -8.15835339999995 ], [ -62.677031, -8.15841219999993 ], [ -62.677102299999902, -8.158424 ], [ -62.677113899999902, -8.158420499999981 ], [ -62.6771616999999, -8.158406299999969 ], [ -62.677221099999898, -8.15834749999993 ], [ -62.6772627, -8.158271 ], [ -62.6773162, -8.15817689999994 ], [ -62.6774053, -8.158041699999959 ], [ -62.6774945, -8.157906399999939 ], [ -62.6776133, -8.157712299999959 ], [ -62.6777203, -8.157624 ], [ -62.6778034, -8.15756519999996 ], [ -62.677999499999899, -8.15750639999993 ], [ -62.6781184, -8.157477 ], [ -62.6781984, -8.157477 ], [ -62.6782372, -8.157477 ], [ -62.6782891, -8.157484299999959 ], [ -62.6783255, -8.15748949999994 ], [ -62.678362, -8.15749459999995 ], [ -62.678367599999902, -8.15749839999995 ], [ -62.6785105, -8.15759459999998 ], [ -62.6786056, -8.157677 ], [ -62.678706599999899, -8.15774759999994 ], [ -62.6787573, -8.15779349999997 ], [ -62.678777899999901, -8.157812299999931 ], [ -62.6788314, -8.157900499999929 ], [ -62.678873, -8.15799459999994 ], [ -62.6788968, -8.158088699999951 ], [ -62.6789146, -8.15821219999998 ], [ -62.6789198, -8.158255499999941 ], [ -62.6789324, -8.158359299999971 ], [ -62.6789502, -8.15850629999994 ], [ -62.6789562, -8.15862979999997 ], [ -62.6789859, -8.15880039999996 ], [ -62.6790275, -8.159053299999931 ], [ -62.6790631, -8.15918859999994 ], [ -62.6791107, -8.15932979999997 ], [ -62.6791939, -8.15950039999996 ], [ -62.679243, -8.159585499999929 ], [ -62.6793127, -8.15970619999996 ], [ -62.6793602, -8.15984149999997 ], [ -62.6793959, -8.160059099999961 ], [ -62.679413699999898, -8.160229699999951 ], [ -62.6794274, -8.160330899999961 ], [ -62.679437499999899, -8.160406199999951 ], [ -62.6794493, -8.160450199999961 ], [ -62.679491, -8.16060609999994 ], [ -62.679556299999902, -8.16075909999995 ], [ -62.6795875, -8.16086889999997 ], [ -62.6796098, -8.160947299999981 ], [ -62.6796514, -8.161029599999949 ], [ -62.6796871, -8.16106489999993 ], [ -62.6797227, -8.161082599999929 ], [ -62.679794, -8.161082599999929 ], [ -62.6798831, -8.16107669999997 ], [ -62.679990099999898, -8.16106489999993 ], [ -62.680101299999897, -8.16106489999993 ], [ -62.6801386, -8.16106489999993 ], [ -62.6804655, -8.161070799999949 ], [ -62.6806223, -8.161083 ], [ -62.6807684999999, -8.161094299999951 ], [ -62.680917, -8.161094299999951 ], [ -62.681059699999899, -8.161141399999959 ], [ -62.681226, -8.161259 ], [ -62.6813152, -8.16133549999995 ], [ -62.6814459, -8.161417799999979 ], [ -62.6816241, -8.161429599999961 ], [ -62.681736999999899, -8.161459 ], [ -62.6818499, -8.16145309999996 ], [ -62.6819628, -8.16141189999996 ], [ -62.6820341, -8.16135309999993 ], [ -62.6821054, -8.16124729999996 ], [ -62.682158899999898, -8.161170799999979 ], [ -62.6821886, -8.161070799999949 ], [ -62.6821886, -8.16090019999996 ], [ -62.6821886, -8.160723799999969 ], [ -62.682200099999903, -8.16063329999997 ], [ -62.6822064999999, -8.160582599999939 ], [ -62.682248, -8.16044139999997 ], [ -62.6823075, -8.160294399999939 ], [ -62.6824263, -8.16015319999997 ], [ -62.6824367, -8.16014149999995 ], [ -62.6825095, -8.160059099999961 ], [ -62.682604599999898, -8.159965 ], [ -62.6826237, -8.15994819999997 ], [ -62.6827115, -8.15987089999993 ], [ -62.682818499999897, -8.159835599999949 ], [ -62.682967, -8.159818 ], [ -62.6830414, -8.15982359999998 ], [ -62.683044299999899, -8.159823899999941 ], [ -62.6831126, -8.159831799999949 ], [ -62.6831453, -8.159835599999949 ], [ -62.6831682, -8.15984629999997 ], [ -62.6832463, -8.159882699999971 ], [ -62.6833533, -8.15995329999993 ], [ -62.6834483, -8.160059099999961 ], [ -62.683525599999903, -8.16019439999997 ], [ -62.683585, -8.160312 ], [ -62.683608799999902, -8.160465 ], [ -62.6836266, -8.160623799999939 ], [ -62.6836266, -8.160794399999929 ], [ -62.6836266, -8.160947299999981 ], [ -62.6836147, -8.161012 ], [ -62.6835791, -8.16116489999996 ], [ -62.6835374999999, -8.161341399999969 ], [ -62.6834899, -8.16149429999996 ], [ -62.6834305, -8.161647199999949 ], [ -62.6833711, -8.16178249999996 ], [ -62.6832998, -8.16194129999997 ], [ -62.6831988, -8.16214129999997 ], [ -62.6831572, -8.162217799999951 ], [ -62.6831096, -8.162376599999959 ], [ -62.6830917999999, -8.16255889999996 ], [ -62.683103699999897, -8.16268829999996 ], [ -62.6831215, -8.162770599999931 ], [ -62.6831869, -8.162823599999969 ], [ -62.6833176, -8.16285889999995 ], [ -62.6834572, -8.162882699999949 ], [ -62.6834899, -8.16288829999996 ], [ -62.6836266, -8.162941199999979 ], [ -62.683727599999898, -8.16300589999997 ], [ -62.683769599999899, -8.16310459999994 ], [ -62.683775099999899, -8.16311769999993 ], [ -62.683775099999899, -8.163241199999961 ], [ -62.683775099999899, -8.16334119999993 ], [ -62.683751399999899, -8.16345879999994 ], [ -62.683692999999899, -8.163568599999961 ], [ -62.683692, -8.163570599999961 ], [ -62.6835672, -8.16365289999993 ], [ -62.6834305, -8.16374109999998 ], [ -62.6832879, -8.163847 ], [ -62.6832047, -8.16391169999997 ], [ -62.683139299999901, -8.16398229999993 ], [ -62.6831326, -8.163996299999949 ], [ -62.683079899999903, -8.164105799999961 ], [ -62.6830146, -8.16427049999993 ], [ -62.682972999999897, -8.16440579999994 ], [ -62.682949199999896, -8.16453519999993 ], [ -62.682949199999896, -8.164608799999939 ], [ -62.682949199999896, -8.16469989999996 ], [ -62.6829908, -8.164829299999949 ], [ -62.6830002, -8.16484379999997 ], [ -62.683074, -8.164958699999939 ], [ -62.683163099999902, -8.16502339999994 ], [ -62.6832701, -8.16510569999997 ], [ -62.6833711, -8.165141 ], [ -62.683484, -8.16515279999993 ], [ -62.6835612, -8.16515279999993 ], [ -62.6836622, -8.165117499999949 ], [ -62.683751399999899, -8.16507039999993 ], [ -62.6838286, -8.16498809999996 ], [ -62.6839295999999, -8.164882199999971 ], [ -62.6840491, -8.16474029999995 ], [ -62.6840782, -8.164705799999981 ], [ -62.6842445999999, -8.16452339999995 ], [ -62.6843812, -8.164394 ], [ -62.684494099999903, -8.164276399999951 ], [ -62.6846189, -8.164194 ], [ -62.684725899999897, -8.16414109999994 ], [ -62.684856599999897, -8.16411759999994 ], [ -62.6850289, -8.164147 ], [ -62.6851121, -8.164188199999961 ], [ -62.685213099999899, -8.16424109999997 ], [ -62.685284399999901, -8.16427049999993 ], [ -62.6853675999999, -8.164352799999961 ], [ -62.6854211, -8.16441169999996 ], [ -62.6854211, -8.16448809999997 ], [ -62.6853854, -8.16458809999995 ], [ -62.6853649, -8.164636099999941 ], [ -62.6853201, -8.164741 ], [ -62.685296299999898, -8.164841 ], [ -62.6852904, -8.164958699999939 ], [ -62.6853082, -8.16504689999994 ], [ -62.6853854, -8.16514689999997 ], [ -62.685512699999897, -8.16525039999993 ], [ -62.6855518, -8.165282199999981 ], [ -62.685646899999902, -8.16539389999997 ], [ -62.6857122, -8.16549979999996 ], [ -62.6857122, -8.165576299999939 ], [ -62.6857003, -8.16567619999995 ], [ -62.6856825, -8.16579389999993 ], [ -62.6856592, -8.16585789999993 ], [ -62.685628999999899, -8.165940899999949 ], [ -62.685557699999897, -8.166088 ], [ -62.6854686, -8.166258499999969 ], [ -62.685432999999897, -8.16631739999997 ], [ -62.685372899999898, -8.16639659999993 ], [ -62.6853617, -8.166411499999979 ], [ -62.685284399999901, -8.166529099999931 ], [ -62.685219, -8.166617299999929 ], [ -62.6851834, -8.166717299999959 ], [ -62.6851789, -8.166768499999931 ], [ -62.6851715, -8.16685259999997 ], [ -62.685165599999898, -8.16697019999998 ], [ -62.6851775, -8.16709959999997 ], [ -62.6851834, -8.167246699999961 ], [ -62.6851953, -8.167352499999939 ], [ -62.685225, -8.16744659999995 ], [ -62.6852425, -8.167505499999949 ], [ -62.6852547, -8.16754659999998 ], [ -62.6853082, -8.16761719999994 ], [ -62.6853166, -8.16762549999993 ], [ -62.6853735, -8.167681899999931 ], [ -62.6854508, -8.167740699999969 ], [ -62.685557699999897, -8.167829 ], [ -62.685632499999898, -8.167879599999941 ], [ -62.6856706, -8.16790539999994 ], [ -62.685786699999902, -8.16797109999993 ], [ -62.6857954, -8.167976 ], [ -62.6857967, -8.16797619999994 ], [ -62.685860799999901, -8.16798779999993 ], [ -62.685920199999899, -8.168023099999971 ], [ -62.6859618, -8.16808779999997 ], [ -62.6859974, -8.168158299999959 ], [ -62.6859980999999, -8.168163199999981 ], [ -62.6860093, -8.168240699999959 ], [ -62.6860331, -8.16830539999995 ], [ -62.6860866, -8.168340699999931 ], [ -62.686104999999898, -8.16834979999993 ], [ -62.6861579, -8.168376 ], [ -62.6862292, -8.16839359999994 ], [ -62.686296899999903, -8.16839359999994 ], [ -62.6863183, -8.16839359999994 ], [ -62.6863896, -8.16838179999996 ], [ -62.6865025, -8.168358299999969 ], [ -62.6865321, -8.168358299999969 ], [ -62.686567899999901, -8.168358299999969 ], [ -62.686651099999899, -8.168376 ], [ -62.686661199999897, -8.16838519999993 ], [ -62.6867283, -8.168446499999961 ], [ -62.6867546, -8.168463899999949 ], [ -62.6868353, -8.168517099999971 ], [ -62.6869779, -8.168605299999969 ], [ -62.6870729, -8.168646499999969 ], [ -62.687174, -8.168681799999939 ], [ -62.6872809, -8.168675899999929 ], [ -62.687358199999899, -8.16866419999997 ], [ -62.687417599999897, -8.168646499999969 ], [ -62.687465099999898, -8.16867 ], [ -62.6874842, -8.168691299999979 ], [ -62.6875127, -8.168723 ], [ -62.6875363999999, -8.16877 ], [ -62.6875363999999, -8.16882879999997 ], [ -62.6875127, -8.16889939999993 ], [ -62.687488899999899, -8.16895819999996 ], [ -62.6874711, -8.16907 ], [ -62.6874711, -8.169175899999971 ], [ -62.6874711, -8.169293499999981 ], [ -62.6874711, -8.169405299999941 ], [ -62.6874711, -8.169540499999931 ], [ -62.6874711, -8.169622899999981 ], [ -62.6874711, -8.16972289999995 ], [ -62.6875008, -8.169764 ], [ -62.687548299999897, -8.16978759999995 ], [ -62.687595799999897, -8.16978759999995 ], [ -62.6876493, -8.169817 ], [ -62.687671899999899, -8.16983939999994 ], [ -62.6876731, -8.16984049999996 ], [ -62.6876909, -8.169917 ], [ -62.6876909, -8.17007579999995 ], [ -62.6877028, -8.170199299999981 ], [ -62.6877325, -8.170334599999929 ], [ -62.687756299999897, -8.17042279999993 ], [ -62.6877522, -8.170478699999929 ], [ -62.687750299999898, -8.170505099999961 ], [ -62.6877266, -8.17061689999997 ], [ -62.6877028, -8.170711 ], [ -62.687625599999897, -8.17082269999997 ], [ -62.6875899, -8.17094629999997 ], [ -62.6875866, -8.17095759999995 ], [ -62.687548299999897, -8.17108739999998 ], [ -62.687548299999897, -8.171187399999949 ], [ -62.687548299999897, -8.171328599999979 ], [ -62.687595799999897, -8.17144029999997 ], [ -62.6876434, -8.17152269999997 ], [ -62.6876434, -8.171530599999929 ], [ -62.6876434, -8.17164029999998 ], [ -62.6876315, -8.17174029999995 ], [ -62.687625599999897, -8.171846099999931 ], [ -62.687607699999901, -8.171952 ], [ -62.6875899, -8.17207549999995 ], [ -62.6875542, -8.17223429999996 ], [ -62.6875127, -8.17250489999998 ], [ -62.6875127, -8.17266369999993 ], [ -62.6875127, -8.172768899999941 ], [ -62.6875127, -8.17279309999998 ], [ -62.6875008, -8.17291069999993 ], [ -62.6874592, -8.17304009999998 ], [ -62.68737, -8.173293 ], [ -62.6873285, -8.173434199999971 ], [ -62.687269, -8.173593 ], [ -62.6872215, -8.173710599999939 ], [ -62.687179899999897, -8.17384589999995 ], [ -62.687174, -8.17396349999996 ], [ -62.6871816, -8.17402389999995 ], [ -62.6871858, -8.174057599999969 ], [ -62.6871977, -8.174151799999949 ], [ -62.687203699999898, -8.17428109999997 ], [ -62.687179899999897, -8.17438109999995 ], [ -62.687132399999903, -8.174457599999929 ], [ -62.6870848, -8.17452229999998 ], [ -62.6870254, -8.17456929999997 ], [ -62.686971899999897, -8.17462229999995 ], [ -62.686912499999899, -8.17471049999995 ], [ -62.6868947, -8.17488109999994 ], [ -62.686897299999899, -8.174936899999979 ], [ -62.686900599999902, -8.17501049999993 ], [ -62.6868769, -8.17516339999997 ], [ -62.686865, -8.17531629999996 ], [ -62.686865, -8.17549279999997 ], [ -62.686841199999897, -8.17563389999998 ], [ -62.6868115, -8.175786799999971 ], [ -62.686809299999901, -8.17579269999993 ], [ -62.686746099999901, -8.175957399999961 ], [ -62.6867045, -8.176075 ], [ -62.686639199999902, -8.176192699999939 ], [ -62.6865857, -8.176304399999941 ], [ -62.6865144, -8.176392599999931 ], [ -62.686478399999899, -8.176438699999951 ], [ -62.6864512, -8.17647359999995 ], [ -62.6864133999999, -8.176522 ], [ -62.686342099999898, -8.17666319999995 ], [ -62.686247, -8.17683379999994 ], [ -62.6861883, -8.17689189999993 ], [ -62.686146, -8.17693379999997 ], [ -62.6859676999999, -8.177045499999959 ], [ -62.6859304, -8.17706219999997 ], [ -62.685848899999897, -8.177098399999981 ], [ -62.685777599999902, -8.17715729999998 ], [ -62.6857515, -8.17718029999997 ], [ -62.6856647, -8.17725719999993 ], [ -62.685557699999897, -8.177369 ], [ -62.6854805, -8.17748659999995 ], [ -62.6854211, -8.177598399999971 ], [ -62.6853973, -8.177739499999969 ], [ -62.6853675999999, -8.17785719999995 ], [ -62.685326, -8.178010099999939 ], [ -62.685326, -8.178098299999929 ], [ -62.685296299999898, -8.178210099999941 ], [ -62.6853022, -8.178345299999931 ], [ -62.6853032, -8.17835319999995 ], [ -62.6853141, -8.178439399999951 ], [ -62.685331899999902, -8.17848059999994 ], [ -62.6853973, -8.178515899999979 ], [ -62.6854686, -8.17855119999996 ], [ -62.685534, -8.178580599999981 ], [ -62.6855557, -8.17859129999994 ], [ -62.6856053, -8.178615899999951 ], [ -62.6856194, -8.17865089999998 ], [ -62.685628999999899, -8.178674699999929 ], [ -62.685658799999899, -8.17873939999993 ], [ -62.6856766, -8.178792299999939 ], [ -62.6856766, -8.178892299999969 ], [ -62.6856706, -8.17901579999995 ], [ -62.6856528, -8.179162899999939 ], [ -62.6856409, -8.179321699999949 ], [ -62.6856409, -8.17948639999997 ], [ -62.6856409, -8.179492 ], [ -62.6856409, -8.179625299999939 ], [ -62.6856409, -8.17963339999994 ], [ -62.6856409, -8.179768699999951 ], [ -62.6856409, -8.179927499999961 ], [ -62.6856172, -8.180045099999971 ], [ -62.685563699999904, -8.18016859999994 ], [ -62.6854924, -8.180251 ], [ -62.6854873, -8.18025509999995 ], [ -62.6854211, -8.18030979999997 ], [ -62.6853675999999, -8.18030979999997 ], [ -62.6853488, -8.18030979999997 ], [ -62.685284399999901, -8.18030979999997 ], [ -62.6852769, -8.180308399999941 ], [ -62.685219, -8.180298 ], [ -62.6851834, -8.18023919999996 ], [ -62.6851822, -8.180232899999959 ], [ -62.685165599999898, -8.180145099999949 ], [ -62.6851359, -8.180045099999971 ], [ -62.6851002, -8.179974499999959 ], [ -62.6850051, -8.17990979999996 ], [ -62.6848744, -8.179868699999931 ], [ -62.6847437, -8.179868699999931 ], [ -62.6846902, -8.17988109999993 ], [ -62.6846427, -8.17989219999993 ], [ -62.6845534999999, -8.179951 ], [ -62.6844847, -8.180024799999959 ], [ -62.684482199999898, -8.180027499999939 ], [ -62.6844224, -8.18009 ], [ -62.6843752999999, -8.18013919999993 ], [ -62.6842862, -8.180203899999981 ], [ -62.684149499999897, -8.18023919999996 ], [ -62.6839901, -8.180256699999971 ], [ -62.6839891, -8.18025679999994 ], [ -62.6838049, -8.180292099999971 ], [ -62.6837221, -8.18030529999993 ], [ -62.683620699999899, -8.180321499999931 ], [ -62.6834959, -8.180345099999951 ], [ -62.683393, -8.18038669999993 ], [ -62.683365099999897, -8.180398 ], [ -62.6832166, -8.180480299999941 ], [ -62.6831215, -8.180539099999979 ], [ -62.6831005, -8.180572 ], [ -62.6830502, -8.180650899999931 ], [ -62.6829849, -8.180768499999941 ], [ -62.6828838, -8.180892 ], [ -62.682828399999899, -8.181006 ], [ -62.6828065999999, -8.18105079999998 ], [ -62.6828125, -8.18116259999994 ], [ -62.6828601, -8.18125079999993 ], [ -62.682937299999899, -8.181339 ], [ -62.683017999999898, -8.18144739999997 ], [ -62.683020499999898, -8.18145079999994 ], [ -62.683038699999898, -8.18151919999997 ], [ -62.683041199999899, -8.18152879999997 ], [ -62.6830502, -8.181562499999931 ], [ -62.683044299999899, -8.181686 ], [ -62.683041199999899, -8.181736699999931 ], [ -62.683035, -8.18184109999993 ], [ -62.6830315999999, -8.181891899999931 ], [ -62.6830219, -8.182045099999931 ], [ -62.6829929, -8.182169499999929 ], [ -62.6829913, -8.18218529999996 ], [ -62.6829832, -8.18226529999993 ], [ -62.6829929, -8.182475899999931 ], [ -62.682973499999903, -8.182648299999929 ], [ -62.6829445, -8.182734499999979 ], [ -62.6828768, -8.18286849999993 ], [ -62.682789699999901, -8.182926 ], [ -62.682644599999897, -8.182993 ], [ -62.682499499999899, -8.18306959999995 ], [ -62.6823544, -8.18315579999995 ], [ -62.682228699999897, -8.18319409999998 ], [ -62.6820739, -8.18320369999998 ], [ -62.6819675, -8.18323239999995 ], [ -62.6818321, -8.183289799999949 ], [ -62.681745, -8.18335689999998 ], [ -62.681609599999902, -8.183443 ], [ -62.6814935, -8.183529199999951 ], [ -62.681435399999899, -8.18358669999998 ], [ -62.681328999999899, -8.18366329999998 ], [ -62.681241999999898, -8.183701599999949 ], [ -62.681058199999903, -8.183778199999949 ], [ -62.6808841, -8.18383559999995 ], [ -62.6807486, -8.183883499999981 ], [ -62.6806616, -8.18394089999993 ], [ -62.6805552, -8.18405579999995 ], [ -62.680506799999897, -8.184142 ], [ -62.680477799999899, -8.184285599999949 ], [ -62.6804486999999, -8.184371799999949 ], [ -62.6803907, -8.184477099999979 ], [ -62.6802843, -8.184611199999949 ], [ -62.6801876, -8.184726099999979 ], [ -62.6800521, -8.184879299999981 ], [ -62.6799632, -8.184991299999981 ], [ -62.6799457, -8.18501329999998 ], [ -62.67982, -8.18512819999995 ], [ -62.6796845, -8.18518569999998 ], [ -62.679607099999899, -8.18520479999995 ], [ -62.6794814, -8.18515689999998 ], [ -62.6794101999999, -8.18511169999994 ], [ -62.679346, -8.18507079999995 ], [ -62.679191199999899, -8.18496539999995 ], [ -62.6789687, -8.18483139999995 ], [ -62.6787075, -8.184697399999949 ], [ -62.6786175, -8.18465539999994 ], [ -62.6784511, -8.18462079999995 ], [ -62.6783887, -8.18462079999995 ], [ -62.678388299999902, -8.18462079999995 ], [ -62.6781078, -8.18462079999995 ], [ -62.6779046, -8.18462079999995 ], [ -62.6777757, -8.184597599999959 ], [ -62.677728699999903, -8.184589099999929 ], [ -62.677691799999899, -8.18458249999998 ], [ -62.6774983, -8.18457289999998 ], [ -62.6773145, -8.18458249999998 ], [ -62.677179099999897, -8.184601599999951 ], [ -62.6770824, -8.184697399999949 ], [ -62.6769856, -8.184908 ], [ -62.6769469, -8.18512819999995 ], [ -62.6769231, -8.185204099999959 ], [ -62.6768599, -8.18540589999998 ], [ -62.6768115, -8.185559099999979 ], [ -62.6766954, -8.185674 ], [ -62.6765917, -8.18573559999993 ], [ -62.6765503, -8.185760199999949 ], [ -62.6765128, -8.18576349999995 ], [ -62.6764439, -8.18576969999998 ], [ -62.6763182, -8.18576969999998 ], [ -62.676281399999901, -8.18575969999995 ], [ -62.676144, -8.185721899999979 ], [ -62.6759119, -8.185635699999979 ], [ -62.6756217, -8.18553039999995 ], [ -62.6753315, -8.185463299999981 ], [ -62.6751864, -8.185463299999981 ], [ -62.6750316, -8.185463299999981 ], [ -62.674915499999898, -8.185472899999979 ], [ -62.6748381, -8.185472899999979 ], [ -62.6747607, -8.185501599999951 ], [ -62.6746833, -8.185587799999951 ], [ -62.674635, -8.185712299999979 ], [ -62.6746156, -8.18581759999995 ], [ -62.674625299999903, -8.18593249999998 ], [ -62.6746257, -8.18593979999997 ], [ -62.674635, -8.186114399999949 ], [ -62.674635, -8.18621979999995 ], [ -62.6745963, -8.186344199999951 ], [ -62.674549, -8.186401499999929 ], [ -62.674509199999903, -8.18644959999995 ], [ -62.674402799999903, -8.18655489999998 ], [ -62.6743061, -8.186698499999981 ], [ -62.6742867, -8.186861299999981 ], [ -62.6743351, -8.18699529999998 ], [ -62.6744221, -8.18704319999995 ], [ -62.6745963, -8.18705279999995 ], [ -62.6747994, -8.18708149999998 ], [ -62.6748879, -8.18711339999993 ], [ -62.6750122, -8.18715809999998 ], [ -62.6750992999999, -8.187206 ], [ -62.6751767, -8.187301699999979 ], [ -62.675196, -8.187416599999951 ], [ -62.675137999999897, -8.187589 ], [ -62.6750799, -8.187694299999981 ], [ -62.675016, -8.187725899999981 ], [ -62.6748671, -8.18779959999995 ], [ -62.6746833, -8.187972 ], [ -62.6744705, -8.188230499999969 ], [ -62.674219, -8.188460299999971 ], [ -62.6739965, -8.188642199999951 ], [ -62.6737934, -8.18876669999997 ], [ -62.6736483, -8.18888159999995 ], [ -62.6735419, -8.18902519999995 ], [ -62.6734354, -8.18920709999998 ], [ -62.673342299999902, -8.18939159999996 ], [ -62.6733, -8.189475199999951 ], [ -62.6732033, -8.189695499999971 ], [ -62.6731356, -8.18991569999997 ], [ -62.673048499999901, -8.19016459999995 ], [ -62.6730198, -8.19029719999997 ], [ -62.6729905, -8.19043269999997 ], [ -62.6729905, -8.19066249999997 ], [ -62.673048499999901, -8.19076779999995 ], [ -62.6731839, -8.190882699999969 ], [ -62.6733773999999, -8.19105509999997 ], [ -62.6734741, -8.19121789999997 ], [ -62.6735805, -8.19147639999994 ], [ -62.673680299999901, -8.191763499999981 ], [ -62.673687, -8.19178279999994 ], [ -62.6737257, -8.191936 ], [ -62.6737062999999, -8.192079599999939 ], [ -62.6736837, -8.19219169999997 ], [ -62.6736773, -8.19222319999994 ], [ -62.6736483, -8.192424299999971 ], [ -62.673643399999897, -8.19245809999995 ], [ -62.6736192, -8.19262539999994 ], [ -62.6736251, -8.19277119999998 ], [ -62.6736289, -8.192864699999969 ], [ -62.6736289, -8.193027499999969 ], [ -62.673561199999902, -8.193219 ], [ -62.6735348, -8.19336919999995 ], [ -62.673522499999898, -8.19343919999994 ], [ -62.673522499999898, -8.19361159999994 ], [ -62.6735358, -8.193638 ], [ -62.6735805, -8.19372649999997 ], [ -62.6737062999999, -8.193937099999969 ], [ -62.673822399999899, -8.19415729999997 ], [ -62.6738127, -8.19433919999994 ], [ -62.673774, -8.194530699999969 ], [ -62.6736966, -8.19471269999997 ], [ -62.6736096, -8.19482759999994 ], [ -62.6735705, -8.194846899999961 ], [ -62.673454799999902, -8.19490409999997 ], [ -62.6732807, -8.194952 ], [ -62.6730969, -8.194952 ], [ -62.6728937, -8.194913699999971 ], [ -62.672719599999901, -8.19487539999994 ], [ -62.6725648, -8.19478929999997 ], [ -62.6723714, -8.194655199999939 ], [ -62.672265, -8.19455949999997 ], [ -62.672023099999898, -8.194492399999939 ], [ -62.671849, -8.194492399999939 ], [ -62.6715685, -8.19452119999994 ], [ -62.671297599999903, -8.19458819999994 ], [ -62.671036399999899, -8.194683899999969 ], [ -62.6708333, -8.194808399999941 ], [ -62.6706301, -8.194999899999971 ], [ -62.6704463, -8.19511479999994 ], [ -62.6702432, -8.19525839999994 ], [ -62.6701657999999, -8.19538289999997 ], [ -62.6701465, -8.195555199999941 ], [ -62.670127099999902, -8.195727599999939 ], [ -62.6700594, -8.195832899999971 ], [ -62.6699432999999, -8.19589029999997 ], [ -62.669672499999898, -8.19597649999997 ], [ -62.6695273, -8.195986099999971 ], [ -62.6693049, -8.195957399999941 ], [ -62.6690824, -8.195880799999941 ], [ -62.6688599, -8.195756299999969 ], [ -62.6687922, -8.195641399999939 ], [ -62.668779099999902, -8.19560829999995 ], [ -62.668716399999902, -8.19544969999993 ], [ -62.6687051, -8.19542119999994 ], [ -62.6687148, -8.19522009999997 ], [ -62.668734099999902, -8.195009499999969 ], [ -62.6687727999999, -8.194798799999941 ], [ -62.6688217, -8.194677799999971 ], [ -62.668830899999897, -8.194655199999939 ], [ -62.668830899999897, -8.19444459999994 ], [ -62.6687535, -8.19426259999994 ], [ -62.6686084, -8.194176499999971 ], [ -62.6684438999999, -8.194119 ], [ -62.6682408, -8.19408069999997 ], [ -62.668115, -8.19408069999997 ], [ -62.6679409, -8.194109399999951 ], [ -62.6677668, -8.19422429999997 ], [ -62.667612, -8.194435 ], [ -62.6674862, -8.19466479999994 ], [ -62.6674652, -8.194768799999959 ], [ -62.6674379, -8.19490409999997 ], [ -62.6673218, -8.19527759999994 ], [ -62.6672154, -8.195651 ], [ -62.6671573, -8.195957399999941 ], [ -62.6671487999999, -8.195980599999929 ], [ -62.667079999999899, -8.196168 ], [ -62.6669252, -8.19657009999997 ], [ -62.6668791, -8.196746699999951 ], [ -62.6668478, -8.196867 ], [ -62.6667510999999, -8.19721169999997 ], [ -62.6666446, -8.197489299999971 ], [ -62.6664899, -8.197738299999971 ], [ -62.6662964, -8.19792979999994 ], [ -62.665996499999899, -8.198006299999969 ], [ -62.665686999999899, -8.198015899999969 ], [ -62.665367699999898, -8.19794889999997 ], [ -62.665318399999897, -8.197936699999961 ], [ -62.6650969, -8.19788189999997 ], [ -62.6648744, -8.19771909999997 ], [ -62.6647618, -8.197621099999941 ], [ -62.664632599999898, -8.197508499999969 ], [ -62.664380999999899, -8.19720209999997 ], [ -62.664197199999897, -8.19689569999997 ], [ -62.6640715, -8.196637199999939 ], [ -62.664003799999897, -8.196397799999939 ], [ -62.663974799999899, -8.19621589999997 ], [ -62.6639554, -8.19596689999997 ], [ -62.6639167, -8.195718 ], [ -62.6638877, -8.19546909999997 ], [ -62.6638737, -8.19542759999996 ], [ -62.663849, -8.19535419999994 ], [ -62.6637716, -8.19528709999997 ], [ -62.663645899999899, -8.195248799999939 ], [ -62.663539399999898, -8.19525839999994 ], [ -62.6634427, -8.19529669999997 ], [ -62.663317, -8.19535419999994 ], [ -62.6631235, -8.195478599999941 ], [ -62.662959, -8.195631799999941 ], [ -62.6627559, -8.195746699999971 ], [ -62.662397999999897, -8.195909499999971 ], [ -62.6621173999999, -8.19600519999995 ], [ -62.6618756, -8.19611059999994 ], [ -62.6615467, -8.19624459999994 ], [ -62.6612081, -8.196426499999969 ], [ -62.661034, -8.19652229999997 ], [ -62.6609276, -8.196598899999969 ], [ -62.660753499999899, -8.196819099999971 ], [ -62.6605987, -8.19701059999994 ], [ -62.6604149, -8.19725 ], [ -62.6602988, -8.197508499999969 ], [ -62.6602214, -8.19770949999997 ], [ -62.6601827, -8.19787229999997 ], [ -62.6601731, -8.19803509999997 ], [ -62.660115, -8.198245699999971 ], [ -62.6600667, -8.198379799999939 ], [ -62.660052999999898, -8.19841579999996 ], [ -62.6600086, -8.198533 ], [ -62.6599409, -8.198667 ], [ -62.659939199999897, -8.19866859999996 ], [ -62.6597861, -8.198810599999939 ], [ -62.6596507, -8.19890639999994 ], [ -62.6595249, -8.19901169999997 ], [ -62.6594476, -8.199136199999939 ], [ -62.6593895, -8.199279799999941 ], [ -62.659360499999899, -8.19952869999997 ], [ -62.6593798, -8.19978719999995 ], [ -62.659437899999901, -8.199997899999969 ], [ -62.6595153, -8.200189399999941 ], [ -62.6596114, -8.20029039999997 ], [ -62.6596235, -8.200303199999951 ], [ -62.659669999999899, -8.20035209999998 ], [ -62.6597958, -8.20049579999994 ], [ -62.6598538, -8.20064889999998 ], [ -62.659847699999901, -8.200794299999931 ], [ -62.6598442, -8.200878699999979 ], [ -62.6598248, -8.201156399999951 ], [ -62.6598345, -8.20133829999997 ], [ -62.6597861, -8.20147239999994 ], [ -62.6597087, -8.20155849999998 ], [ -62.6595733, -8.201644699999971 ], [ -62.6593766, -8.201735099999951 ], [ -62.659302399999902, -8.201769199999941 ], [ -62.6590026, -8.20197979999995 ], [ -62.658952999999897, -8.20199779999996 ], [ -62.6587124, -8.20208509999998 ], [ -62.6586455999999, -8.20210229999998 ], [ -62.658451199999902, -8.20215219999994 ], [ -62.6581997, -8.20218089999997 ], [ -62.6579675, -8.20218089999997 ], [ -62.657754699999899, -8.202133 ], [ -62.6575612, -8.202066 ], [ -62.6572944, -8.201928899999929 ], [ -62.6572578, -8.20190249999996 ], [ -62.6572174, -8.20188219999994 ], [ -62.6571744, -8.20186839999997 ], [ -62.6571298, -8.201861599999971 ], [ -62.6570846, -8.20186189999993 ], [ -62.6570401, -8.20186929999994 ], [ -62.6569972, -8.20188359999997 ], [ -62.6569572, -8.20190449999996 ], [ -62.656920899999903, -8.20193139999998 ], [ -62.656889299999897, -8.201963699999959 ], [ -62.6568632, -8.20200049999994 ], [ -62.656843099999897, -8.202041 ], [ -62.656829699999903, -8.202084099999979 ], [ -62.6568233, -8.20212879999997 ], [ -62.656779, -8.20228339999994 ], [ -62.656740399999897, -8.202439599999931 ], [ -62.6567075, -8.202597 ], [ -62.656680299999898, -8.20275549999997 ], [ -62.656658999999898, -8.202914899999939 ], [ -62.6566434, -8.203075 ], [ -62.6566336, -8.203235599999971 ], [ -62.656629699999897, -8.203396399999971 ], [ -62.6566316, -8.203557199999979 ], [ -62.656639299999902, -8.20371789999996 ], [ -62.6568647, -8.20460319999995 ], [ -62.6569034, -8.204871299999979 ], [ -62.656920399999898, -8.20500569999996 ], [ -62.656912599999899, -8.205187599999929 ], [ -62.6568985, -8.205249 ], [ -62.6568841, -8.20531169999998 ], [ -62.656826, -8.20552239999995 ], [ -62.656801899999898, -8.205636 ], [ -62.6567873, -8.205704299999979 ], [ -62.6567099, -8.205857499999979 ], [ -62.6566422, -8.205973299999931 ], [ -62.6566035, -8.20603939999995 ], [ -62.6565911, -8.20611 ], [ -62.6565806, -8.20617 ], [ -62.6565648, -8.206259599999949 ], [ -62.6565648, -8.20647029999998 ], [ -62.6565939, -8.206680899999981 ], [ -62.6566326, -8.206882 ], [ -62.656690599999898, -8.20710219999995 ], [ -62.6568321, -8.20735759999997 ], [ -62.656855, -8.207399 ], [ -62.6570388, -8.207657499999931 ], [ -62.657135599999897, -8.207849 ], [ -62.657241999999897, -8.20800219999995 ], [ -62.657319399999899, -8.208164899999931 ], [ -62.657319399999899, -8.208270299999979 ], [ -62.6572904, -8.20838509999993 ], [ -62.657213, -8.20850959999996 ], [ -62.6570872, -8.20863409999993 ], [ -62.6569421, -8.20878729999993 ], [ -62.6567777, -8.208959599999959 ], [ -62.6567003, -8.20910319999996 ], [ -62.6566344, -8.20928019999997 ], [ -62.6566326, -8.20928509999993 ], [ -62.6565745, -8.209438299999929 ], [ -62.6565552, -8.20956279999996 ], [ -62.6565939, -8.209677699999929 ], [ -62.6567099, -8.20972559999996 ], [ -62.6568743999999, -8.20977339999996 ], [ -62.6570388, -8.20980219999996 ], [ -62.6571936, -8.209830899999931 ], [ -62.6573677, -8.20985 ], [ -62.657570899999897, -8.209840499999929 ], [ -62.6577644, -8.20981169999993 ], [ -62.6580352, -8.209754299999929 ], [ -62.658219, -8.20973509999993 ], [ -62.6584705, -8.20968729999993 ], [ -62.658644599999903, -8.209668099999931 ], [ -62.6588204, -8.209589 ], [ -62.6588575, -8.20957239999996 ], [ -62.6590606, -8.20945749999993 ], [ -62.659167, -8.20937129999993 ], [ -62.659185599999901, -8.209362699999931 ], [ -62.6593121, -8.20930429999993 ], [ -62.6594185, -8.209237299999931 ], [ -62.659612, -8.20920849999993 ], [ -62.659728099999903, -8.20920849999993 ], [ -62.659911899999898, -8.209266 ], [ -62.6600667, -8.20931389999993 ], [ -62.6601634, -8.209352199999961 ], [ -62.6602698, -8.209438299999929 ], [ -62.6603375, -8.209514899999929 ], [ -62.660463299999897, -8.20956279999996 ], [ -62.6606858, -8.209601099999929 ], [ -62.6608247, -8.20969009999993 ], [ -62.6608502, -8.209706399999961 ], [ -62.6609659, -8.20977179999994 ], [ -62.6610534, -8.20982129999993 ], [ -62.661188799999898, -8.209945799999961 ], [ -62.6613532, -8.21013729999993 ], [ -62.661420899999897, -8.210347899999929 ], [ -62.6614693, -8.210577699999931 ], [ -62.661479, -8.210692599999961 ], [ -62.6614403, -8.21083619999996 ], [ -62.6613436, -8.21102769999993 ], [ -62.661169399999899, -8.211276599999961 ], [ -62.6611559, -8.211303399999959 ], [ -62.6610727, -8.21146809999993 ], [ -62.6609663, -8.21165959999996 ], [ -62.6608856, -8.211837 ], [ -62.6608792, -8.211851099999929 ], [ -62.660792199999896, -8.211975499999941 ], [ -62.6607334999999, -8.21202529999994 ], [ -62.660656699999898, -8.212090399999971 ], [ -62.6606229, -8.212137399999961 ], [ -62.6605115999999, -8.212291499999941 ], [ -62.6602988, -8.212416 ], [ -62.6600667, -8.21254039999997 ], [ -62.6598248, -8.212617 ], [ -62.6595733, -8.212684 ], [ -62.6594089, -8.212703199999959 ], [ -62.659374199999903, -8.21270709999993 ], [ -62.659157299999897, -8.212731899999939 ], [ -62.658963899999897, -8.212798899999941 ], [ -62.658664, -8.21286589999994 ], [ -62.658451199999902, -8.212933 ], [ -62.658306099999898, -8.21299039999997 ], [ -62.658219, -8.213076599999971 ], [ -62.6582109, -8.213083799999939 ], [ -62.6580255, -8.21324889999994 ], [ -62.6578804, -8.213392499999941 ], [ -62.6577063, -8.213488299999939 ], [ -62.6576272, -8.21352509999997 ], [ -62.6575419, -8.213564899999939 ], [ -62.6573677, -8.213670199999971 ], [ -62.6572904, -8.21376589999994 ], [ -62.6572032999999, -8.21387119999997 ], [ -62.6571259, -8.214024399999969 ], [ -62.6570679, -8.214187199999969 ], [ -62.6570002, -8.214378699999941 ], [ -62.656951799999902, -8.21456059999997 ], [ -62.6568937, -8.21471379999997 ], [ -62.6568454, -8.21478079999997 ], [ -62.656797, -8.214819099999939 ], [ -62.656729299999903, -8.214838199999971 ], [ -62.6566326, -8.214838199999971 ], [ -62.6565358, -8.21479039999997 ], [ -62.6564197, -8.214694599999969 ], [ -62.6562746, -8.21458929999994 ], [ -62.6561005, -8.214484 ], [ -62.655965099999896, -8.21439779999997 ], [ -62.6559331, -8.214386699999981 ], [ -62.6558006, -8.214340399999969 ], [ -62.655636199999897, -8.21427339999997 ], [ -62.6554910999999, -8.214177599999971 ], [ -62.6553557, -8.214072299999939 ], [ -62.6552106, -8.2139 ], [ -62.6551041, -8.21373719999997 ], [ -62.655053, -8.213667599999949 ], [ -62.6550268, -8.213631899999941 ], [ -62.65493, -8.21357439999997 ], [ -62.6548236, -8.213545699999941 ], [ -62.654649499999898, -8.213564899999939 ], [ -62.6545237, -8.21361269999994 ], [ -62.6544173, -8.21369889999994 ], [ -62.6543399, -8.213832899999939 ], [ -62.654281899999901, -8.213967 ], [ -62.6542529, -8.21412019999997 ], [ -62.654251, -8.21416319999997 ], [ -62.654243199999897, -8.214340399999969 ], [ -62.6542625, -8.21454139999997 ], [ -62.6542916, -8.21468509999994 ], [ -62.6543303, -8.214847799999969 ], [ -62.654369, -8.214953099999949 ], [ -62.6545044, -8.21519249999994 ], [ -62.6545818, -8.21537439999997 ], [ -62.654610799999901, -8.21549889999994 ], [ -62.654610799999901, -8.215585 ], [ -62.6545818, -8.21563289999995 ], [ -62.6545044, -8.215680799999969 ], [ -62.6542529, -8.215709499999949 ], [ -62.6541376, -8.21575839999997 ], [ -62.6541174, -8.21576689999995 ], [ -62.6540979, -8.21580079999995 ], [ -62.6540788, -8.215834 ], [ -62.6540497, -8.21592009999995 ], [ -62.654020699999897, -8.216015899999951 ], [ -62.6539723, -8.21623609999995 ], [ -62.6538466, -8.216542499999949 ], [ -62.6537885, -8.216619099999949 ], [ -62.653624099999902, -8.216762699999951 ], [ -62.65345, -8.216868 ], [ -62.6532372, -8.216992399999979 ], [ -62.652983499999898, -8.217083699999931 ], [ -62.6529179, -8.217107299999951 ], [ -62.652879599999899, -8.217122899999939 ], [ -62.6527535, -8.21717439999998 ], [ -62.652598699999899, -8.21726049999995 ], [ -62.6524826, -8.21742329999995 ], [ -62.6523569, -8.21759559999998 ], [ -62.6522505, -8.217844499999959 ], [ -62.652192399999898, -8.218074299999961 ], [ -62.6521977, -8.218108 ], [ -62.6522118, -8.21819879999993 ], [ -62.6522892, -8.218380699999949 ], [ -62.6523569, -8.218553 ], [ -62.6523685, -8.21863779999995 ], [ -62.6523859, -8.21876369999995 ], [ -62.6524246, -8.21898389999996 ], [ -62.652414899999897, -8.219252 ], [ -62.652414899999897, -8.219498699999971 ], [ -62.652414899999897, -8.21954869999996 ], [ -62.6523859, -8.21980729999996 ], [ -62.6523375, -8.220046599999931 ], [ -62.652308499999897, -8.22033379999993 ], [ -62.6523021, -8.22037169999993 ], [ -62.6522697999999, -8.220563599999929 ], [ -62.6522021, -8.220726399999929 ], [ -62.652085999999898, -8.22087 ], [ -62.6520707, -8.220891199999929 ], [ -62.6519408999999, -8.221071 ], [ -62.6517765, -8.22128169999996 ], [ -62.651664299999901, -8.221466699999951 ], [ -62.6516604, -8.221473099999971 ], [ -62.651534599999898, -8.22166459999994 ], [ -62.6515198, -8.221678299999949 ], [ -62.651389499999901, -8.221798699999971 ], [ -62.6512928, -8.22191359999994 ], [ -62.6512734, -8.22209549999997 ], [ -62.6512734, -8.222267799999941 ], [ -62.651282099999897, -8.22232779999996 ], [ -62.6512928, -8.22240179999994 ], [ -62.6513121, -8.22247839999994 ], [ -62.6513798, -8.22261249999997 ], [ -62.6514476, -8.222717799999939 ], [ -62.6514612, -8.222799 ], [ -62.651466899999903, -8.222832699999969 ], [ -62.6514476, -8.22295709999997 ], [ -62.6513992, -8.223005 ], [ -62.651350799999904, -8.22302409999998 ], [ -62.6512347, -8.22311029999997 ], [ -62.6511767, -8.22320609999997 ], [ -62.651137999999897, -8.223416699999969 ], [ -62.651099299999899, -8.223608199999941 ], [ -62.6510509, -8.223703899999981 ], [ -62.6509445, -8.22383789999998 ], [ -62.650809099999897, -8.22395279999995 ], [ -62.650664, -8.22406769999998 ], [ -62.650586599999897, -8.224163499999969 ], [ -62.6505286, -8.224249599999951 ], [ -62.6505177, -8.224274799999931 ], [ -62.650499599999897, -8.22431659999995 ], [ -62.6505092, -8.22440279999995 ], [ -62.6505382, -8.224489 ], [ -62.650625299999902, -8.224527299999981 ], [ -62.6506492, -8.224529799999971 ], [ -62.650809099999897, -8.22454639999995 ], [ -62.650902099999897, -8.22456179999995 ], [ -62.6509832, -8.22457509999998 ], [ -62.651205699999899, -8.224613399999949 ], [ -62.651389499999901, -8.224623 ], [ -62.651573299999903, -8.22460389999998 ], [ -62.6517378, -8.22457509999998 ], [ -62.6518551999999, -8.224548299999981 ], [ -62.651863499999898, -8.22454639999995 ], [ -62.6520472999999, -8.22454639999995 ], [ -62.6521731, -8.22454639999995 ], [ -62.6522601, -8.22451769999998 ], [ -62.6523761999999, -8.224460299999979 ], [ -62.6524004, -8.224459 ], [ -62.65256, -8.224450699999981 ], [ -62.6527245, -8.224460299999979 ], [ -62.6529083, -8.22447939999995 ], [ -62.6529257, -8.22448849999995 ], [ -62.6530921, -8.22457509999998 ], [ -62.653256499999898, -8.22467089999998 ], [ -62.6533339, -8.224757 ], [ -62.653370799999898, -8.224815399999949 ], [ -62.6533823, -8.22483359999995 ], [ -62.6534402999999, -8.22497729999998 ], [ -62.6534882, -8.225099099999969 ], [ -62.653508, -8.22514959999995 ], [ -62.653585399999898, -8.22539849999993 ], [ -62.653594499999897, -8.22557889999996 ], [ -62.6535951, -8.22559 ], [ -62.6535466999999, -8.22583889999993 ], [ -62.6534983, -8.22593459999996 ], [ -62.6533532, -8.226107 ], [ -62.653340199999903, -8.22611989999996 ], [ -62.6531598, -8.226298499999929 ], [ -62.652966299999903, -8.22648989999993 ], [ -62.6528696, -8.22658569999993 ], [ -62.6528417, -8.226625 ], [ -62.6528018, -8.22668139999996 ], [ -62.6527632, -8.226786699999931 ], [ -62.6527341, -8.226882499999929 ], [ -62.652743799999897, -8.22705479999996 ], [ -62.6527728, -8.22715049999994 ], [ -62.652850199999897, -8.22722709999994 ], [ -62.652966299999903, -8.227265399999959 ], [ -62.6531017, -8.227313299999929 ], [ -62.6532275, -8.22735159999996 ], [ -62.653401599999903, -8.22738029999994 ], [ -62.653443, -8.22738249999998 ], [ -62.653585399999898, -8.227389899999929 ], [ -62.653730499999902, -8.22738029999994 ], [ -62.6538853, -8.227370699999939 ], [ -62.6540636, -8.22739859999996 ], [ -62.6540691, -8.22739949999993 ], [ -62.6543109, -8.227428199999959 ], [ -62.6545818, -8.22745689999994 ], [ -62.654781699999901, -8.227498599999929 ], [ -62.654823899999897, -8.227507499999939 ], [ -62.6548644, -8.227522099999931 ], [ -62.6549027, -8.22754209999994 ], [ -62.6549378, -8.227567 ], [ -62.654969299999898, -8.227596499999949 ], [ -62.6549964, -8.22763 ], [ -62.6550187, -8.227666899999971 ], [ -62.6550358, -8.22770649999995 ], [ -62.655191199999898, -8.22808879999997 ], [ -62.655229899999902, -8.228242 ], [ -62.6551815, -8.228347299999941 ], [ -62.6551332, -8.22840469999994 ], [ -62.6551041, -8.22845259999997 ], [ -62.6550558, -8.22854829999994 ], [ -62.6550558, -8.22867279999997 ], [ -62.6550558, -8.22874939999997 ], [ -62.6550558, -8.228845099999941 ], [ -62.6550558, -8.228902299999961 ], [ -62.6550558, -8.22895039999997 ], [ -62.6550558, -8.22899829999994 ], [ -62.6550558, -8.229046199999971 ], [ -62.6550268, -8.22910359999997 ], [ -62.6550268, -8.22917059999997 ], [ -62.6550654, -8.22921849999994 ], [ -62.6551428, -8.22921849999994 ], [ -62.6552028, -8.229237099999979 ], [ -62.6552976, -8.22926639999997 ], [ -62.6553653, -8.229352499999949 ], [ -62.6554621, -8.229400399999969 ], [ -62.6555008, -8.229505699999949 ], [ -62.6554717, -8.22964929999995 ], [ -62.6554427, -8.229735499999951 ], [ -62.6553943, -8.229773799999981 ], [ -62.6552976, -8.22978339999997 ], [ -62.6551719, -8.22978339999997 ], [ -62.6551041, -8.22986 ], [ -62.6550751, -8.22995569999995 ], [ -62.654959, -8.23003229999995 ], [ -62.654843, -8.230089699999951 ], [ -62.654755899999898, -8.230089699999951 ], [ -62.6546205, -8.230089699999951 ], [ -62.654439399999902, -8.23007419999993 ], [ -62.654398, -8.23007059999998 ], [ -62.6543583, -8.23007059999998 ], [ -62.6543012, -8.23007059999998 ], [ -62.6541948, -8.23007059999998 ], [ -62.6540788, -8.230061 ], [ -62.6539046, -8.23003229999995 ], [ -62.6537885, -8.22998439999998 ], [ -62.6536338, -8.22986 ], [ -62.653537, -8.22975469999994 ], [ -62.6533823, -8.229639799999971 ], [ -62.6532662, -8.229591899999949 ], [ -62.653111399999901, -8.229591899999949 ], [ -62.6529856, -8.229591899999949 ], [ -62.6529083, -8.229591899999949 ], [ -62.6527728, -8.229563199999969 ], [ -62.6524633, -8.22938129999994 ], [ -62.6521827, -8.22917059999997 ], [ -62.6520376, -8.22899829999994 ], [ -62.651863499999898, -8.228893 ], [ -62.65167, -8.228902599999969 ], [ -62.651573299999903, -8.22896 ], [ -62.6514572, -8.22907489999994 ], [ -62.6513798, -8.22923769999994 ], [ -62.6513341, -8.22935079999996 ], [ -62.651321799999899, -8.22938129999994 ], [ -62.651321799999899, -8.229544 ], [ -62.6513285999999, -8.229733099999979 ], [ -62.6513315, -8.22981209999995 ], [ -62.651389499999901, -8.23019509999995 ], [ -62.6514323, -8.23036439999993 ], [ -62.651466899999903, -8.23050139999998 ], [ -62.6514875, -8.23064409999995 ], [ -62.6515056, -8.230769499999949 ], [ -62.651583, -8.231018399999931 ], [ -62.651718399999901, -8.23120989999995 ], [ -62.651863499999898, -8.23130559999993 ], [ -62.6519893, -8.231372599999929 ], [ -62.6522118, -8.23143969999995 ], [ -62.6523956, -8.231477899999961 ], [ -62.6525697, -8.231545 ], [ -62.6526471, -8.231602399999931 ], [ -62.6527535, -8.231746 ], [ -62.6528115, -8.23185129999996 ], [ -62.6529083, -8.231994899999959 ], [ -62.653005, -8.23209069999996 ], [ -62.653042, -8.232145599999971 ], [ -62.6530528, -8.23216159999993 ], [ -62.653063, -8.23217679999993 ], [ -62.653063, -8.232217399999969 ], [ -62.653063, -8.232282199999929 ], [ -62.6530534, -8.23236829999996 ], [ -62.6530147, -8.23249279999993 ], [ -62.6529566, -8.232636399999929 ], [ -62.6529469, -8.232827899999959 ], [ -62.652966299999903, -8.23305759999994 ], [ -62.652966299999903, -8.23319169999996 ], [ -62.6529429, -8.233266799999971 ], [ -62.652927599999899, -8.233316099999969 ], [ -62.652892, -8.233327899999949 ], [ -62.6528115, -8.233354399999939 ], [ -62.6526567, -8.233354399999939 ], [ -62.6524729, -8.23328739999994 ], [ -62.652355999999898, -8.233227 ], [ -62.6522505, -8.23317249999997 ], [ -62.6520472999999, -8.233028899999971 ], [ -62.6518248, -8.232894899999961 ], [ -62.6517924, -8.23288009999993 ], [ -62.6514476, -8.232722499999969 ], [ -62.6511788, -8.232614499999951 ], [ -62.651137999999897, -8.23259809999996 ], [ -62.6510026, -8.23259809999996 ], [ -62.6508188, -8.232655499999961 ], [ -62.6505769, -8.232741699999959 ], [ -62.6503061, -8.232837399999941 ], [ -62.6500836, -8.232923599999941 ], [ -62.6497547, -8.23301929999997 ], [ -62.6495032, -8.23306719999994 ], [ -62.6493387, -8.23313419999994 ], [ -62.6492517, -8.233201199999939 ], [ -62.649213, -8.23332569999997 ], [ -62.6492226, -8.233459699999971 ], [ -62.6492354, -8.23351019999996 ], [ -62.649270999999899, -8.23365119999994 ], [ -62.649352899999897, -8.23380709999998 ], [ -62.649392, -8.233881399999969 ], [ -62.6493968, -8.23389059999994 ], [ -62.6494742, -8.23403419999994 ], [ -62.6495515, -8.234283099999971 ], [ -62.649638599999903, -8.234599 ], [ -62.6496773, -8.234790499999971 ], [ -62.649706299999899, -8.234905399999951 ], [ -62.649706299999899, -8.23502029999997 ], [ -62.6496676, -8.235096799999949 ], [ -62.6495709, -8.23523089999998 ], [ -62.6493558, -8.235494799999969 ], [ -62.649329099999903, -8.235527699999979 ], [ -62.649232299999902, -8.23567129999998 ], [ -62.649213, -8.23579569999993 ], [ -62.6492517, -8.23596809999998 ], [ -62.649332, -8.236071399999959 ], [ -62.6493484, -8.236092499999931 ], [ -62.6494451, -8.23622659999995 ], [ -62.649599899999899, -8.23639889999993 ], [ -62.649745, -8.236542499999929 ], [ -62.6499385, -8.23666689999993 ], [ -62.650097, -8.23678819999998 ], [ -62.650151299999898, -8.23682969999993 ], [ -62.6502674, -8.23695419999996 ], [ -62.6503738, -8.237126499999929 ], [ -62.6504125, -8.237222199999961 ], [ -62.6504125, -8.23733709999993 ], [ -62.650402799999902, -8.237461599999961 ], [ -62.6503544, -8.23756689999993 ], [ -62.650248, -8.23764349999993 ], [ -62.6500642, -8.23772959999997 ], [ -62.649890099999901, -8.237873199999971 ], [ -62.6498784, -8.237882799999969 ], [ -62.6497257, -8.238007299999939 ], [ -62.6495515, -8.238112599999971 ], [ -62.6493387, -8.23817959999997 ], [ -62.6491453, -8.238237 ], [ -62.649000199999897, -8.238342299999941 ], [ -62.648903399999902, -8.238361499999939 ], [ -62.648797, -8.23832319999997 ], [ -62.6486131999999, -8.238189199999971 ], [ -62.648265, -8.237930699999939 ], [ -62.6480425, -8.237787099999929 ], [ -62.6478974, -8.237662599999959 ], [ -62.647863599999901, -8.23762919999996 ], [ -62.6477426, -8.23750939999996 ], [ -62.647626499999902, -8.23736579999996 ], [ -62.6475733, -8.23731609999993 ], [ -62.6474524, -8.237203099999929 ], [ -62.647365299999898, -8.23713609999993 ], [ -62.6472879, -8.237107299999931 ], [ -62.6471428, -8.237145599999961 ], [ -62.646968699999903, -8.237279699999929 ], [ -62.6468978999999, -8.237435399999979 ], [ -62.646881699999902, -8.23747109999994 ], [ -62.646823599999898, -8.23772959999997 ], [ -62.6467713, -8.23794549999997 ], [ -62.6467656, -8.237969 ], [ -62.646746199999903, -8.23824659999997 ], [ -62.646746199999903, -8.23847639999997 ], [ -62.6467473, -8.23848719999995 ], [ -62.6467656, -8.23867739999997 ], [ -62.646784899999901, -8.239002899999949 ], [ -62.6468043, -8.23929009999995 ], [ -62.6468043, -8.239586899999949 ], [ -62.6468043, -8.23987409999995 ], [ -62.646775299999902, -8.24014219999998 ], [ -62.646775299999902, -8.24031449999995 ], [ -62.6467541, -8.240385799999959 ], [ -62.6467269, -8.24047729999995 ], [ -62.6466688, -8.24064959999993 ], [ -62.6465431, -8.240764499999949 ], [ -62.646378599999899, -8.240917699999949 ], [ -62.6462142, -8.24103249999996 ], [ -62.646001399999903, -8.24108039999993 ], [ -62.6458368999999, -8.241051699999961 ], [ -62.645653099999898, -8.241013399999931 ], [ -62.6453629, -8.240821899999959 ], [ -62.645130799999897, -8.24065919999993 ], [ -62.6447535, -8.24044849999996 ], [ -62.644289199999903, -8.240199599999929 ], [ -62.6439119, -8.23996029999995 ], [ -62.643631399999897, -8.239749699999949 ], [ -62.6433508, -8.23953909999994 ], [ -62.642983199999897, -8.239232699999951 ], [ -62.642824, -8.239088599999951 ], [ -62.642644699999899, -8.23892629999995 ], [ -62.6424051, -8.238771 ], [ -62.6423508, -8.23872209999996 ], [ -62.6422919, -8.238678799999949 ], [ -62.6422291, -8.23864149999997 ], [ -62.642163, -8.23861049999994 ], [ -62.6420941, -8.23858609999996 ], [ -62.6420232, -8.238568599999949 ], [ -62.6419509, -8.238558099999979 ], [ -62.641877899999898, -8.238554799999971 ], [ -62.641805, -8.23855859999998 ], [ -62.6417327, -8.23856959999995 ], [ -62.6416619, -8.238587499999939 ], [ -62.641593199999903, -8.238612399999971 ], [ -62.6415273, -8.238643799999981 ], [ -62.6414647, -8.23868159999995 ], [ -62.641406199999899, -8.23872529999994 ], [ -62.6413522, -8.23877449999998 ], [ -62.641303299999898, -8.238828799999959 ], [ -62.64126, -8.23888759999994 ], [ -62.6412225999999, -8.238950399999959 ], [ -62.6411916, -8.23901659999996 ], [ -62.6411672, -8.23908539999996 ], [ -62.6407826, -8.239955299999959 ], [ -62.6405384, -8.240333699999949 ], [ -62.6404671, -8.24042689999993 ], [ -62.6404008, -8.24052369999993 ], [ -62.6403397, -8.240623899999949 ], [ -62.6402839, -8.24072709999996 ], [ -62.6402337, -8.240833099999969 ], [ -62.6401981, -8.240916499999971 ], [ -62.6401566, -8.240997199999979 ], [ -62.640151199999899, -8.241006 ], [ -62.640109499999902, -8.24107469999996 ], [ -62.640056899999898, -8.24114849999995 ], [ -62.6399991, -8.241218499999951 ], [ -62.6399364, -8.241284 ], [ -62.6398692, -8.241344899999939 ], [ -62.639797799999897, -8.24140089999997 ], [ -62.639722499999898, -8.241451499999931 ], [ -62.6396438, -8.24149659999995 ], [ -62.6395985999999, -8.241518299999941 ], [ -62.6395621, -8.24153589999997 ], [ -62.6394777, -8.24156919999996 ], [ -62.6393912, -8.24159639999993 ], [ -62.6393029, -8.24161729999997 ], [ -62.6392134, -8.24163179999994 ], [ -62.6391230999999, -8.24163979999997 ], [ -62.6390324, -8.241641299999969 ], [ -62.638941799999898, -8.24163629999993 ], [ -62.6387771999999, -8.24155459999997 ], [ -62.6386517, -8.24147839999995 ], [ -62.6385662, -8.24139839999998 ], [ -62.638471099999897, -8.24133249999994 ], [ -62.638338, -8.24126189999993 ], [ -62.6382714, -8.24125249999997 ], [ -62.6381716, -8.24127139999996 ], [ -62.6381051, -8.24129959999993 ], [ -62.6379957, -8.241370199999951 ], [ -62.637900699999904, -8.241431299999929 ], [ -62.6378151, -8.241497199999969 ], [ -62.6376486999999, -8.24163359999994 ], [ -62.6375489, -8.241723 ], [ -62.6374681, -8.24184059999993 ], [ -62.6374206, -8.241915899999981 ], [ -62.6373255, -8.242080499999931 ], [ -62.6372588999999, -8.24223109999997 ], [ -62.6372019, -8.24236749999994 ], [ -62.637173399999902, -8.242471 ], [ -62.6371258, -8.242560399999951 ], [ -62.637030799999899, -8.242659199999929 ], [ -62.6369404, -8.24272029999997 ], [ -62.6368168, -8.24278619999995 ], [ -62.636569699999903, -8.242913199999981 ], [ -62.6363367, -8.24303079999993 ], [ -62.6361371, -8.243106099999981 ], [ -62.6359945, -8.243172 ], [ -62.6357378, -8.24328959999997 ], [ -62.635576199999903, -8.24339779999997 ], [ -62.6354621, -8.243510699999939 ], [ -62.6353622, -8.24362359999998 ], [ -62.6352909, -8.24374589999996 ], [ -62.635238699999903, -8.24388709999994 ], [ -62.6351959, -8.24406109999995 ], [ -62.635194199999901, -8.24407049999996 ], [ -62.6351706, -8.244204 ], [ -62.635162599999902, -8.24424929999998 ], [ -62.635162599999902, -8.244381 ], [ -62.635162599999902, -8.24453629999994 ], [ -62.6351816, -8.244649199999969 ], [ -62.6352577, -8.244795 ], [ -62.6353718, -8.244950299999971 ], [ -62.6354398, -8.245051199999979 ], [ -62.635476299999901, -8.245105499999969 ], [ -62.6356044999999, -8.24525769999997 ], [ -62.635618899999898, -8.24527489999997 ], [ -62.635733, -8.245425399999929 ], [ -62.6357948, -8.245547699999969 ], [ -62.6358756, -8.24570769999997 ], [ -62.6358971, -8.24577139999997 ], [ -62.6359279, -8.24586289999996 ], [ -62.6359945, -8.24599939999996 ], [ -62.6360563, -8.246107599999959 ], [ -62.6361133, -8.246291 ], [ -62.636179899999902, -8.246498 ], [ -62.636279699999903, -8.24670969999994 ], [ -62.6363415, -8.246874399999969 ], [ -62.636389, -8.24697789999993 ], [ -62.6364746, -8.24707669999998 ], [ -62.636516399999898, -8.24712419999997 ], [ -62.6366029, -8.24722249999996 ], [ -62.6366742, -8.247344799999951 ], [ -62.6367028, -8.247462399999961 ], [ -62.636707499999901, -8.247575299999941 ], [ -62.636698, -8.24768349999994 ], [ -62.6366647, -8.24775409999995 ], [ -62.6366247999999, -8.24780109999995 ], [ -62.636588699999898, -8.247843499999931 ], [ -62.6365031, -8.247904699999941 ], [ -62.63637, -8.247961099999941 ], [ -62.636251199999897, -8.248022299999951 ], [ -62.6359992, -8.24808809999996 ], [ -62.635913699999897, -8.248130499999951 ], [ -62.6358329, -8.24818219999997 ], [ -62.635752, -8.24826689999998 ], [ -62.635657, -8.248361 ], [ -62.6356142, -8.248431499999979 ], [ -62.635576199999903, -8.24851619999993 ], [ -62.6355381, -8.24866679999997 ], [ -62.6355144, -8.24882669999994 ], [ -62.6355144, -8.24895369999996 ], [ -62.6354716, -8.24907609999997 ], [ -62.635424, -8.249174799999929 ], [ -62.635305199999898, -8.24928779999993 ], [ -62.6351531, -8.249391199999931 ], [ -62.634972499999897, -8.24951359999994 ], [ -62.6348596999999, -8.249593899999979 ], [ -62.6348536, -8.24959819999998 ], [ -62.6347585, -8.24963119999995 ], [ -62.6346682, -8.24962649999998 ], [ -62.6346075, -8.249592499999951 ], [ -62.634558899999902, -8.24956529999997 ], [ -62.6345413, -8.24955259999996 ], [ -62.6344543, -8.24949 ], [ -62.6343735, -8.249381799999981 ], [ -62.6342832, -8.24925479999996 ], [ -62.634197599999901, -8.24912779999994 ], [ -62.6341406, -8.24900079999998 ], [ -62.6341403, -8.249 ], [ -62.634054999999897, -8.24876559999996 ], [ -62.6339885, -8.24856329999994 ], [ -62.6338934, -8.24839389999994 ], [ -62.6337983, -8.248262199999941 ], [ -62.633684199999898, -8.24816339999995 ], [ -62.6335036, -8.24808809999996 ], [ -62.633280199999902, -8.248045799999939 ], [ -62.633108999999898, -8.248045799999939 ], [ -62.6329236999999, -8.24805989999993 ], [ -62.632800099999898, -8.248111599999961 ], [ -62.6326622, -8.24818219999997 ], [ -62.6325148, -8.24829509999995 ], [ -62.632381699999897, -8.248426799999949 ], [ -62.6322772, -8.248572699999951 ], [ -62.6322059, -8.24871849999994 ], [ -62.632120299999897, -8.248854899999969 ], [ -62.632049, -8.24891609999997 ], [ -62.6319444, -8.24897259999995 ], [ -62.631854099999899, -8.249005499999949 ], [ -62.631735299999903, -8.24900079999998 ], [ -62.631654399999903, -8.24897729999998 ], [ -62.6315926, -8.24893489999994 ], [ -62.6315261, -8.248864399999951 ], [ -62.631440499999897, -8.24878439999998 ], [ -62.6313645, -8.248737299999959 ], [ -62.6312646, -8.24868089999995 ], [ -62.631121999999898, -8.24863849999997 ], [ -62.630984199999901, -8.24860089999993 ], [ -62.630841599999897, -8.24856329999994 ], [ -62.6307085, -8.24853029999997 ], [ -62.6304898, -8.248464499999949 ], [ -62.6302094, -8.24845979999998 ], [ -62.6300002, -8.248483299999981 ], [ -62.6297387, -8.248506799999969 ], [ -62.629505799999897, -8.24855389999993 ], [ -62.629296699999898, -8.248610299999941 ], [ -62.6288688, -8.24879849999996 ], [ -62.6285741, -8.24889729999995 ], [ -62.6285367, -8.24890669999996 ], [ -62.6282366, -8.248982 ], [ -62.627941899999897, -8.249029 ], [ -62.6276899, -8.24906189999996 ], [ -62.6274665, -8.249080799999939 ], [ -62.6272384, -8.24907129999997 ], [ -62.627014899999899, -8.24901489999996 ], [ -62.6268866, -8.24894429999995 ], [ -62.6267725, -8.248869099999981 ], [ -62.6265538, -8.24870439999995 ], [ -62.626396999999898, -8.24856329999994 ], [ -62.626268599999896, -8.248422099999971 ], [ -62.6262033, -8.248327899999939 ], [ -62.6261545, -8.248257499999969 ], [ -62.6260827, -8.24818349999993 ], [ -62.626035699999903, -8.248135199999981 ], [ -62.625935899999902, -8.24806459999996 ], [ -62.6258645999999, -8.248036399999931 ], [ -62.625769499999898, -8.248017599999971 ], [ -62.6256982, -8.248017599999971 ], [ -62.6255793, -8.24804109999997 ], [ -62.6254177, -8.24810219999995 ], [ -62.6253131, -8.248144599999931 ], [ -62.6251991, -8.248149299999969 ], [ -62.625037399999897, -8.248111599999961 ], [ -62.6249147999999, -8.248063799999951 ], [ -62.6248806, -8.24805049999998 ], [ -62.624738, -8.247965799999969 ], [ -62.6246429, -8.24781529999996 ], [ -62.6246239, -8.24770709999996 ], [ -62.6246381, -8.24758 ], [ -62.6246904, -8.24736829999995 ], [ -62.6247063, -8.24729859999997 ], [ -62.624723699999898, -8.24722249999996 ], [ -62.624771199999898, -8.24709549999994 ], [ -62.624785099999897, -8.24706359999993 ], [ -62.624814, -8.246996699999951 ], [ -62.6249043, -8.24694489999996 ], [ -62.6250137, -8.246921399999961 ], [ -62.625104, -8.246926099999939 ], [ -62.6251991, -8.24693549999995 ], [ -62.625303599999903, -8.24695439999994 ], [ -62.6254177, -8.247006099999959 ], [ -62.625574599999901, -8.24708609999993 ], [ -62.625779, -8.247199 ], [ -62.6259454, -8.24728369999997 ], [ -62.6261688, -8.24739659999995 ], [ -62.6262924, -8.24747649999995 ], [ -62.6264017, -8.247542399999929 ], [ -62.6265157999999, -8.24758479999997 ], [ -62.626658399999897, -8.247608299999969 ], [ -62.626786799999898, -8.24763649999994 ], [ -62.6269008, -8.247641199999981 ], [ -62.626995899999898, -8.24759419999998 ], [ -62.6271005, -8.24750949999998 ], [ -62.627195599999901, -8.24741069999993 ], [ -62.627262099999903, -8.24733069999996 ], [ -62.6273192, -8.247231899999971 ], [ -62.627357199999899, -8.247109599999931 ], [ -62.627390499999898, -8.246996699999951 ], [ -62.6274142, -8.24689789999996 ], [ -62.6274142, -8.246808499999929 ], [ -62.6274142, -8.246792899999949 ], [ -62.6274142, -8.246700299999929 ], [ -62.627385699999898, -8.246568599999931 ], [ -62.6273648, -8.24651439999997 ], [ -62.6273477, -8.246469799999939 ], [ -62.6272716, -8.24636159999994 ], [ -62.627195599999901, -8.24623929999996 ], [ -62.6271194999999, -8.24612639999998 ], [ -62.6269985, -8.24601949999993 ], [ -62.6269864, -8.24600879999997 ], [ -62.6268580999999, -8.24590059999997 ], [ -62.626658399999897, -8.245735899999939 ], [ -62.626454, -8.245524199999981 ], [ -62.626344699999898, -8.24540189999993 ], [ -62.6262258, -8.24528429999998 ], [ -62.626130799999899, -8.24521839999994 ], [ -62.6260214, -8.245119599999949 ], [ -62.6259454, -8.24500669999998 ], [ -62.6258313, -8.24479029999998 ], [ -62.6257831, -8.24471349999993 ], [ -62.6257457, -8.24465389999995 ], [ -62.6256792, -8.24447509999993 ], [ -62.6256269, -8.24431989999994 ], [ -62.625574599999901, -8.24411759999998 ], [ -62.6255738, -8.24411429999998 ], [ -62.6255508, -8.244023499999971 ], [ -62.625508, -8.24395289999995 ], [ -62.625455799999898, -8.243905899999961 ], [ -62.6253512, -8.243854099999959 ], [ -62.6252133, -8.243854099999959 ], [ -62.6250565, -8.24386819999995 ], [ -62.6248947999999, -8.24392 ], [ -62.6248067, -8.24394639999997 ], [ -62.6247655, -8.24395879999997 ], [ -62.624738, -8.243967 ], [ -62.624726199999898, -8.243971899999959 ], [ -62.6245906, -8.244028199999949 ], [ -62.6245026, -8.244074299999969 ], [ -62.624429, -8.24411289999995 ], [ -62.6242984, -8.24420569999995 ], [ -62.6242769, -8.244221099999949 ], [ -62.6241105, -8.24432459999997 ], [ -62.6239916, -8.244395099999959 ], [ -62.623849, -8.244470399999949 ], [ -62.6237159, -8.244531599999959 ], [ -62.6234783, -8.24459269999994 ], [ -62.6231503, -8.24465389999995 ], [ -62.622945899999898, -8.244696199999961 ], [ -62.622770199999898, -8.244712799999951 ], [ -62.622746199999902, -8.244715 ], [ -62.6225133, -8.244715 ], [ -62.6223279, -8.244700899999939 ], [ -62.6221758, -8.244682099999981 ], [ -62.6219571, -8.244620899999971 ], [ -62.621797199999897, -8.244541799999981 ], [ -62.621757499999902, -8.244522199999951 ], [ -62.6216686, -8.24442119999998 ], [ -62.6216549, -8.244405699999961 ], [ -62.6216291, -8.24437629999994 ], [ -62.6216223, -8.244365899999931 ], [ -62.6215435, -8.24424459999994 ], [ -62.6214924, -8.24414769999993 ], [ -62.6214342, -8.24403759999996 ], [ -62.6213534, -8.24381179999995 ], [ -62.6213059, -8.243656499999931 ], [ -62.621248799999897, -8.24356239999997 ], [ -62.6211835, -8.243493499999939 ], [ -62.6211775, -8.243487199999951 ], [ -62.6211015, -8.243435399999949 ], [ -62.6209684, -8.243383699999979 ], [ -62.620859, -8.243350699999951 ], [ -62.620735399999901, -8.243303699999959 ], [ -62.6206261, -8.243256699999961 ], [ -62.620531, -8.243219 ], [ -62.6203171, -8.24315789999997 ], [ -62.6201222, -8.243106099999981 ], [ -62.619993899999898, -8.243106099999981 ], [ -62.619917799999897, -8.243115499999931 ], [ -62.6198323, -8.24315789999997 ], [ -62.619708699999897, -8.24322369999993 ], [ -62.6196231, -8.243317799999939 ], [ -62.6195518, -8.24341659999993 ], [ -62.6195043, -8.24358129999996 ], [ -62.6194852, -8.243778799999969 ], [ -62.61949, -8.243990599999959 ], [ -62.619509, -8.24412229999996 ], [ -62.6195251, -8.24416529999996 ], [ -62.6195565, -8.24424929999998 ], [ -62.6196231, -8.24436689999993 ], [ -62.6196992, -8.24447979999997 ], [ -62.619794199999902, -8.24465859999998 ], [ -62.6198941, -8.24477149999996 ], [ -62.6200176, -8.244959699999979 ], [ -62.620136499999902, -8.24510079999993 ], [ -62.6202377, -8.245229 ], [ -62.620255299999897, -8.24525129999995 ], [ -62.6203057, -8.24529609999996 ], [ -62.620337699999901, -8.24532439999996 ], [ -62.6203932, -8.245373699999959 ], [ -62.620521499999903, -8.24550069999998 ], [ -62.6206594, -8.245576 ], [ -62.620764, -8.245594799999941 ], [ -62.6208923, -8.245608899999979 ], [ -62.6208965, -8.245609099999969 ], [ -62.6209969, -8.24561359999996 ], [ -62.6211157, -8.245618299999929 ], [ -62.6212116, -8.24564539999994 ], [ -62.6212821, -8.24566529999993 ], [ -62.6213035, -8.245670799999971 ], [ -62.621467499999902, -8.245712399999951 ], [ -62.6215531, -8.24573119999997 ], [ -62.621614899999898, -8.245783 ], [ -62.6217194, -8.24587229999997 ], [ -62.6218668, -8.24598989999993 ], [ -62.6219571, -8.246088699999969 ], [ -62.622147599999899, -8.246257699999941 ], [ -62.6222021, -8.246301099999931 ], [ -62.622251499999898, -8.246337599999951 ], [ -62.6222968, -8.246379 ], [ -62.6223376, -8.246424899999971 ], [ -62.6223734, -8.24647479999993 ], [ -62.622403899999902, -8.246528099999979 ], [ -62.6224286, -8.24658429999994 ], [ -62.622447399999899, -8.24664269999994 ], [ -62.6224601, -8.24670279999998 ], [ -62.6224664, -8.24676389999996 ], [ -62.6224664, -8.246825199999931 ], [ -62.6224601, -8.24688629999997 ], [ -62.622447399999899, -8.24694639999996 ], [ -62.6224286, -8.24700479999996 ], [ -62.622403899999902, -8.247061 ], [ -62.6223734, -8.247114299999961 ], [ -62.6223376, -8.247164199999929 ], [ -62.622262299999903, -8.247215199999969 ], [ -62.622219899999898, -8.247236199999969 ], [ -62.6221616999999, -8.247236199999969 ], [ -62.622129599999901, -8.247231699999929 ], [ -62.6220345999999, -8.247194299999929 ], [ -62.621934, -8.24715759999998 ], [ -62.621924099999902, -8.247150799999931 ], [ -62.621862, -8.24712089999997 ], [ -62.6218228, -8.24712089999997 ], [ -62.6217645, -8.24715229999993 ], [ -62.6217255, -8.247191 ], [ -62.621711499999897, -8.24720479999996 ], [ -62.6216639, -8.247272899999929 ], [ -62.6216056, -8.24733579999997 ], [ -62.621594, -8.24734509999996 ], [ -62.6215209, -8.24740389999994 ], [ -62.6214838, -8.24746679999993 ], [ -62.6214785, -8.24754539999998 ], [ -62.6214204999999, -8.24785889999993 ], [ -62.6214203, -8.24785979999996 ], [ -62.6214193, -8.247863299999951 ], [ -62.6213832, -8.24799609999997 ], [ -62.6213356, -8.248211 ], [ -62.6213091, -8.24839439999994 ], [ -62.621235, -8.24868789999994 ], [ -62.6212273, -8.24874119999993 ], [ -62.6212145, -8.248829899999979 ], [ -62.6212138, -8.248834599999951 ], [ -62.6212139, -8.248835699999971 ], [ -62.621235, -8.24899709999994 ], [ -62.6213038, -8.24912809999995 ], [ -62.6213991, -8.249301 ], [ -62.6214785, -8.24951069999997 ], [ -62.621544, -8.24964389999997 ], [ -62.6215739, -8.249704599999969 ], [ -62.6216692, -8.24987749999997 ], [ -62.6217539, -8.25000329999995 ], [ -62.6219234, -8.25010289999994 ], [ -62.6220822, -8.25015529999996 ], [ -62.622219899999898, -8.25018669999997 ], [ -62.6224741, -8.250192 ], [ -62.6226753, -8.250197199999951 ], [ -62.6227236, -8.250178299999961 ], [ -62.6228766, -8.250118599999951 ], [ -62.623030099999902, -8.25004519999993 ], [ -62.6231996, -8.25001379999998 ], [ -62.623331999999898, -8.25002429999995 ], [ -62.623612599999902, -8.250129099999979 ], [ -62.6239356, -8.250302 ], [ -62.6241845, -8.250485399999951 ], [ -62.6243699, -8.25068979999998 ], [ -62.6245023, -8.250883699999971 ], [ -62.624529499999902, -8.25095379999993 ], [ -62.6245817, -8.251088099999951 ], [ -62.6246505, -8.25129249999998 ], [ -62.6246929, -8.25147069999997 ], [ -62.624684199999898, -8.25153079999995 ], [ -62.6246452, -8.25163839999993 ], [ -62.624620799999903, -8.251693699999979 ], [ -62.6246082, -8.251722199999961 ], [ -62.6245499, -8.251800799999961 ], [ -62.6245023, -8.251832299999929 ], [ -62.624412199999902, -8.25188469999995 ], [ -62.624306299999901, -8.25189519999998 ], [ -62.624115699999898, -8.251900399999951 ], [ -62.6239145, -8.251900399999951 ], [ -62.6237078999999, -8.251900399999951 ], [ -62.6234908, -8.251874199999969 ], [ -62.6233478, -8.251874199999969 ], [ -62.623319099999897, -8.25187889999995 ], [ -62.6232525, -8.251889899999981 ], [ -62.6231784, -8.25193189999993 ], [ -62.623114799999897, -8.25201049999993 ], [ -62.623024799999897, -8.252157199999941 ], [ -62.6229982999999, -8.252262 ], [ -62.6229931, -8.25238779999995 ], [ -62.623046, -8.252613099999961 ], [ -62.623120099999902, -8.25275459999995 ], [ -62.6232419, -8.25289609999993 ], [ -62.623401999999899, -8.253029799999981 ], [ -62.6234114, -8.253037599999971 ], [ -62.6235007, -8.253115799999931 ], [ -62.623549099999899, -8.253158199999969 ], [ -62.6236178999999, -8.25324729999994 ], [ -62.6236603, -8.25334159999994 ], [ -62.6236709, -8.253446399999969 ], [ -62.623644399999897, -8.253546 ], [ -62.6235967, -8.253656 ], [ -62.623517299999897, -8.253750399999941 ], [ -62.6233796, -8.253818499999969 ], [ -62.623354999999897, -8.25383189999997 ], [ -62.6232155, -8.253907599999931 ], [ -62.6230513, -8.25397049999998 ], [ -62.6229241999999, -8.254001899999929 ], [ -62.622818299999899, -8.254033399999971 ], [ -62.6227557, -8.25407209999997 ], [ -62.622752499999898, -8.25407929999994 ], [ -62.6227224, -8.254147399999971 ], [ -62.6227082, -8.254208499999949 ], [ -62.622693899999902, -8.25429789999993 ], [ -62.622693899999902, -8.25437789999995 ], [ -62.6226961, -8.25441259999997 ], [ -62.622698699999901, -8.25445319999994 ], [ -62.6227082, -8.25453779999998 ], [ -62.6227319, -8.25464129999995 ], [ -62.6227557, -8.254740099999941 ], [ -62.622756299999899, -8.254740899999939 ], [ -62.6228032, -8.25480129999994 ], [ -62.622841299999898, -8.254857699999951 ], [ -62.622864999999898, -8.25490949999994 ], [ -62.622864999999898, -8.25496119999997 ], [ -62.6228318, -8.25506939999997 ], [ -62.622793699999903, -8.25514 ], [ -62.622751, -8.255205899999959 ], [ -62.622675699999903, -8.25532849999996 ], [ -62.6226453, -8.25539079999993 ], [ -62.6225826, -8.255474 ], [ -62.622426399999902, -8.255616 ], [ -62.622262299999903, -8.255736599999979 ], [ -62.6220187, -8.255904299999941 ], [ -62.621701, -8.25608239999997 ], [ -62.6214732, -8.25622919999995 ], [ -62.6211555, -8.25637589999997 ], [ -62.620896, -8.256459799999959 ], [ -62.6205201, -8.256627499999979 ], [ -62.620276499999903, -8.25672179999998 ], [ -62.6200752, -8.256748 ], [ -62.6199164, -8.256800399999969 ], [ -62.6196887, -8.256879 ], [ -62.6195245, -8.25693139999993 ], [ -62.6193921, -8.25698909999994 ], [ -62.6193378, -8.25705429999994 ], [ -62.6193024, -8.25712449999997 ], [ -62.6192862, -8.257172499999969 ], [ -62.619249099999898, -8.25731919999993 ], [ -62.6192406, -8.257375899999939 ], [ -62.6192048, -8.257472 ], [ -62.6191803, -8.25751309999993 ], [ -62.6191429, -8.257580299999971 ], [ -62.6190821, -8.25764819999995 ], [ -62.619031999999898, -8.25768609999994 ], [ -62.6189314, -8.257780399999939 ], [ -62.618799, -8.257838 ], [ -62.618619, -8.257895699999951 ], [ -62.6184926, -8.257936 ], [ -62.6184231, -8.257974699999981 ], [ -62.618386, -8.258005699999959 ], [ -62.6183065, -8.258094799999981 ], [ -62.618248299999898, -8.25819959999995 ], [ -62.618184799999902, -8.258351599999971 ], [ -62.6181212, -8.258493099999949 ], [ -62.6181, -8.25867129999995 ], [ -62.6180977, -8.25870029999993 ], [ -62.6180841, -8.25887039999998 ], [ -62.6180577, -8.25909049999996 ], [ -62.6179782, -8.25930539999996 ], [ -62.6178988, -8.25938919999993 ], [ -62.6177943, -8.259429599999979 ], [ -62.617686999999897, -8.25942589999994 ], [ -62.6173851, -8.259321099999971 ], [ -62.617312899999902, -8.259291099999929 ], [ -62.6170197, -8.25916909999995 ], [ -62.6167338, -8.25901189999996 ], [ -62.6165061, -8.258901899999961 ], [ -62.616357799999903, -8.25887569999998 ], [ -62.6162571999999, -8.25887569999998 ], [ -62.6161407, -8.258917599999959 ], [ -62.6160348, -8.25898049999995 ], [ -62.6159077, -8.259095799999949 ], [ -62.6156824, -8.259458599999959 ], [ -62.615544499999899, -8.25963729999995 ], [ -62.615495699999897, -8.25970869999998 ], [ -62.6154352, -8.259797299999949 ], [ -62.6153691, -8.259915 ], [ -62.6153639, -8.25992429999997 ], [ -62.615259299999899, -8.26011719999997 ], [ -62.615154699999898, -8.26029119999993 ], [ -62.615064399999902, -8.26044179999997 ], [ -62.6149836, -8.26054989999994 ], [ -62.6149325, -8.26064179999997 ], [ -62.6149313, -8.260644 ], [ -62.61493, -8.26064759999997 ], [ -62.6148746, -8.260803599999971 ], [ -62.614869499999898, -8.260818099999939 ], [ -62.6148413, -8.260886199999961 ], [ -62.6148267, -8.26099259999995 ], [ -62.6148267, -8.26102979999996 ], [ -62.61481, -8.26111239999994 ], [ -62.6148036, -8.261144099999971 ], [ -62.614798199999903, -8.26117089999997 ], [ -62.6147602, -8.26127439999993 ], [ -62.614674599999901, -8.261345 ], [ -62.614589, -8.26138259999993 ], [ -62.6145724, -8.26138409999993 ], [ -62.614537799999901, -8.261387099999981 ], [ -62.6144274, -8.261396699999979 ], [ -62.6142278, -8.26141549999994 ], [ -62.614047099999901, -8.26141549999994 ], [ -62.6138617, -8.26141549999994 ], [ -62.6137619, -8.26141549999994 ], [ -62.613614599999899, -8.261387299999971 ], [ -62.6134957, -8.26136379999997 ], [ -62.6134101, -8.261321399999931 ], [ -62.6133436, -8.26126029999995 ], [ -62.6133103, -8.26118969999993 ], [ -62.6132961, -8.26109559999998 ], [ -62.613283, -8.26101149999994 ], [ -62.613277, -8.260973299999931 ], [ -62.6132674999999, -8.26076159999997 ], [ -62.613248499999898, -8.26063459999995 ], [ -62.613239, -8.260460599999931 ], [ -62.6132357, -8.260364 ], [ -62.6132343, -8.260324099999931 ], [ -62.613239, -8.260215899999929 ], [ -62.6132438, -8.260140699999971 ], [ -62.613248499999898, -8.260056 ], [ -62.6132674999999, -8.259971299999959 ], [ -62.613277, -8.25989609999993 ], [ -62.613277, -8.25980669999996 ], [ -62.613277, -8.259740799999969 ], [ -62.613248499999898, -8.259675 ], [ -62.613191099999902, -8.259598899999959 ], [ -62.613120299999899, -8.259541499999949 ], [ -62.6130378, -8.25949089999995 ], [ -62.6129475, -8.25945739999997 ], [ -62.6128045, -8.25947309999998 ], [ -62.6126408, -8.25951049999998 ], [ -62.6125928, -8.259538299999971 ], [ -62.612522, -8.25958809999997 ], [ -62.6124879, -8.259618499999929 ], [ -62.6123964, -8.259705599999959 ], [ -62.612306499999903, -8.25975779999993 ], [ -62.612188499999903, -8.259802 ], [ -62.6120410999999, -8.259844299999941 ], [ -62.611898499999903, -8.259886599999961 ], [ -62.6117464, -8.259905499999951 ], [ -62.6115705, -8.25994779999996 ], [ -62.6113946, -8.259971299999959 ], [ -62.6111807, -8.259976 ], [ -62.6108962, -8.259968 ], [ -62.610745699999903, -8.25996379999998 ], [ -62.6104798, -8.25994469999995 ], [ -62.610215099999898, -8.25995 ], [ -62.610182699999903, -8.259951699999929 ], [ -62.610085399999903, -8.259956699999981 ], [ -62.6099723, -8.259984799999931 ], [ -62.609897299999901, -8.26002859999994 ], [ -62.609802, -8.26012289999994 ], [ -62.609712, -8.26031679999994 ], [ -62.609707699999902, -8.260350599999979 ], [ -62.6096855, -8.26052639999995 ], [ -62.6096605, -8.26076549999993 ], [ -62.6096537, -8.260830399999969 ], [ -62.609611399999899, -8.261071499999961 ], [ -62.6095478, -8.261275799999961 ], [ -62.6094366, -8.26146969999996 ], [ -62.609293599999901, -8.26162169999998 ], [ -62.609140099999898, -8.261747499999959 ], [ -62.6089759, -8.26187849999997 ], [ -62.6088371, -8.26193679999994 ], [ -62.6088012, -8.26195189999993 ], [ -62.608594599999897, -8.261988499999971 ], [ -62.608404199999903, -8.26204739999997 ], [ -62.608242699999899, -8.262068499999939 ], [ -62.6079645, -8.262072399999971 ], [ -62.607705, -8.26206189999994 ], [ -62.6076715, -8.262060899999939 ], [ -62.6073502, -8.26205139999996 ], [ -62.607154299999898, -8.26205669999996 ], [ -62.6070642, -8.262077599999939 ], [ -62.6070007, -8.26210909999998 ], [ -62.6069636, -8.26217719999994 ], [ -62.6069477, -8.262282 ], [ -62.606936899999901, -8.262351499999969 ], [ -62.6069403, -8.262496499999941 ], [ -62.6069677, -8.26265209999997 ], [ -62.6069689, -8.262659299999941 ], [ -62.607037799999901, -8.26295279999994 ], [ -62.6071013, -8.263283 ], [ -62.6071913, -8.26356589999995 ], [ -62.6072047, -8.263658299999969 ], [ -62.607217799999901, -8.26374939999994 ], [ -62.607233699999902, -8.263859399999941 ], [ -62.607233699999902, -8.263959 ], [ -62.6072019, -8.26404279999997 ], [ -62.6071727, -8.26407439999997 ], [ -62.607081999999899, -8.264121 ], [ -62.607037799999901, -8.26413189999994 ], [ -62.6068948, -8.264116199999931 ], [ -62.606892699999896, -8.26411559999997 ], [ -62.606524099999902, -8.26401659999993 ], [ -62.6061587, -8.263906599999929 ], [ -62.6058675, -8.263869899999969 ], [ -62.6057738, -8.263861199999949 ], [ -62.605656199999899, -8.26386239999994 ], [ -62.6055656, -8.26388039999995 ], [ -62.6054783, -8.26390309999994 ], [ -62.605465, -8.263906599999929 ], [ -62.6053591, -8.263985199999979 ], [ -62.6053136, -8.26404149999996 ], [ -62.6052531999999, -8.264116199999931 ], [ -62.6052002, -8.264221 ], [ -62.605168499999898, -8.26435729999997 ], [ -62.605152599999897, -8.264504 ], [ -62.6051631999999, -8.26483409999997 ], [ -62.605237299999899, -8.26527959999993 ], [ -62.6052691, -8.26547349999993 ], [ -62.6052744, -8.26562019999994 ], [ -62.6052691, -8.265719799999941 ], [ -62.605237299999899, -8.265840299999979 ], [ -62.6052002, -8.26594509999995 ], [ -62.605136699999903, -8.266097099999969 ], [ -62.6050901999999, -8.266170799999941 ], [ -62.6050107, -8.26624969999995 ], [ -62.6049302, -8.266296199999941 ], [ -62.604744799999899, -8.266374799999941 ], [ -62.6044535999999, -8.26644819999996 ], [ -62.6042576, -8.26652679999995 ], [ -62.604045799999902, -8.26661589999998 ], [ -62.603839299999898, -8.266726 ], [ -62.6037178999999, -8.26680369999997 ], [ -62.6036357, -8.26687449999997 ], [ -62.603547999999897, -8.266998499999939 ], [ -62.603457999999897, -8.26718189999997 ], [ -62.6033044, -8.267402 ], [ -62.6031403, -8.267569699999971 ], [ -62.6029655, -8.26772689999996 ], [ -62.6027908, -8.26787359999997 ], [ -62.602642499999902, -8.268036099999961 ], [ -62.6025154, -8.268146099999971 ], [ -62.6024095, -8.26823 ], [ -62.6022612, -8.268308599999949 ], [ -62.6022426, -8.268320099999929 ], [ -62.6021765, -8.268361 ], [ -62.6021454, -8.268396499999939 ], [ -62.6020866, -8.268495199999959 ], [ -62.602044099999901, -8.26860729999993 ], [ -62.601964699999897, -8.268780199999981 ], [ -62.601869399999899, -8.26891649999993 ], [ -62.6017581999999, -8.269120799999939 ], [ -62.6016734, -8.26932 ], [ -62.6016356, -8.26940869999993 ], [ -62.6015728, -8.26955579999998 ], [ -62.601472199999897, -8.26976539999993 ], [ -62.6013345, -8.269959299999931 ], [ -62.601319799999899, -8.269975 ], [ -62.6010644999999, -8.270247499999931 ], [ -62.6008791, -8.270478099999931 ], [ -62.6006355, -8.270755799999961 ], [ -62.6004872, -8.270975899999939 ], [ -62.6003866, -8.27116459999996 ], [ -62.6003332, -8.271327 ], [ -62.6003125, -8.27143549999994 ], [ -62.6003125, -8.27155239999996 ], [ -62.6003388, -8.271734299999929 ], [ -62.6003443, -8.27177249999994 ], [ -62.6003707, -8.27190869999993 ], [ -62.6003919, -8.27205019999997 ], [ -62.6003919, -8.27218349999993 ], [ -62.600367199999901, -8.27228269999995 ], [ -62.6003231, -8.272369899999941 ], [ -62.6002225, -8.272448499999941 ], [ -62.6001113, -8.272469499999939 ], [ -62.600000099999903, -8.272459 ], [ -62.5998465, -8.27237509999998 ], [ -62.599797, -8.272336299999949 ], [ -62.5997194, -8.27227559999994 ], [ -62.5995976, -8.27221789999993 ], [ -62.5995372, -8.272209099999939 ], [ -62.5993662, -8.272155199999929 ], [ -62.5993128, -8.27214109999994 ], [ -62.599241499999899, -8.272137599999949 ], [ -62.5992022, -8.272137599999949 ], [ -62.5991131, -8.27214819999995 ], [ -62.5990596, -8.27215169999994 ], [ -62.5990097, -8.27216229999993 ], [ -62.5989976, -8.272163199999969 ], [ -62.598963399999903, -8.272165799999931 ], [ -62.598953799999897, -8.27216729999998 ], [ -62.598917, -8.27217289999993 ], [ -62.5988814, -8.27219759999997 ], [ -62.5988457, -8.272225799999941 ], [ -62.5988136, -8.272268099999961 ], [ -62.598795799999898, -8.27233519999993 ], [ -62.598792199999899, -8.27243389999995 ], [ -62.598792199999899, -8.272523599999939 ], [ -62.598792199999899, -8.27254679999993 ], [ -62.598792199999899, -8.272666799999969 ], [ -62.5987984, -8.272710599999931 ], [ -62.5988101, -8.272793799999929 ], [ -62.5988172, -8.27287139999993 ], [ -62.598824299999897, -8.272949 ], [ -62.5988422, -8.273009 ], [ -62.5988670999999, -8.27307959999996 ], [ -62.598892099999901, -8.27314659999996 ], [ -62.5989054, -8.27318119999995 ], [ -62.5989206, -8.273220699999969 ], [ -62.5989527, -8.27324889999994 ], [ -62.5989919, -8.273256 ], [ -62.5990522, -8.273260799999949 ], [ -62.5992798999999, -8.273260799999949 ], [ -62.5995498999999, -8.27323979999994 ], [ -62.5997988, -8.273213599999959 ], [ -62.600068899999897, -8.273192599999961 ], [ -62.6003102, -8.273226699999951 ], [ -62.6004075, -8.273254299999961 ], [ -62.600577299999898, -8.273334099999939 ], [ -62.6006735, -8.273375199999981 ], [ -62.6009599, -8.27354529999997 ], [ -62.6010276, -8.273573499999941 ], [ -62.6010954, -8.27361229999997 ], [ -62.601152399999897, -8.273658199999939 ], [ -62.601213, -8.27370759999997 ], [ -62.601259399999897, -8.273749899999929 ], [ -62.601273799999902, -8.273764299999931 ], [ -62.6013093, -8.273799299999951 ], [ -62.60132, -8.273838099999979 ], [ -62.6013235, -8.27389459999995 ], [ -62.6013057, -8.27395459999997 ], [ -62.6012701, -8.27401809999998 ], [ -62.6012059, -8.27409919999997 ], [ -62.601186, -8.27412169999997 ], [ -62.601155999999897, -8.274155699999939 ], [ -62.6010704, -8.27423679999993 ], [ -62.6009528, -8.274328499999971 ], [ -62.6008815, -8.274416699999961 ], [ -62.600828, -8.27447319999993 ], [ -62.6007781, -8.274554299999981 ], [ -62.600735299999897, -8.27460729999996 ], [ -62.600723199999898, -8.274625199999949 ], [ -62.6007139, -8.274660199999969 ], [ -62.6007139, -8.274681299999941 ], [ -62.6007246, -8.27473069999996 ], [ -62.6007602, -8.27475539999995 ], [ -62.6007753, -8.27475759999993 ], [ -62.6008102, -8.27476249999995 ], [ -62.600877899999901, -8.274759 ], [ -62.6009242, -8.274759 ], [ -62.6009706, -8.27476249999995 ], [ -62.600988399999899, -8.27478009999993 ], [ -62.600992, -8.274826 ], [ -62.6009635, -8.274921199999939 ], [ -62.600945599999903, -8.27498829999996 ], [ -62.6008743, -8.275104699999931 ], [ -62.6008102, -8.27521059999998 ], [ -62.6007638, -8.27529879999997 ], [ -62.6007246, -8.275365799999969 ], [ -62.600664, -8.275457499999961 ], [ -62.6005891, -8.275545699999951 ], [ -62.6005321, -8.27562689999996 ], [ -62.6005067, -8.275662399999931 ], [ -62.6004892999999, -8.27568679999996 ], [ -62.600425099999903, -8.275768 ], [ -62.6003752, -8.275835 ], [ -62.600318199999897, -8.27594089999997 ], [ -62.6002326, -8.276094899999981 ], [ -62.6001864999999, -8.27617789999994 ], [ -62.6001363, -8.27629369999994 ], [ -62.600075699999898, -8.276403 ], [ -62.6000382, -8.276469799999971 ], [ -62.5999224, -8.27661469999993 ], [ -62.599844, -8.27671 ], [ -62.5997762, -8.27681579999995 ], [ -62.5997335, -8.27687929999996 ], [ -62.5997148, -8.27692319999994 ], [ -62.5997048999999, -8.276946399999931 ], [ -62.599655, -8.27704159999996 ], [ -62.5996315, -8.27708819999998 ], [ -62.5995915, -8.277140399999951 ], [ -62.599555199999898, -8.27717219999994 ], [ -62.599516, -8.277203899999961 ], [ -62.5994269, -8.27723209999994 ], [ -62.5993428, -8.27723469999995 ], [ -62.5993128, -8.277235699999951 ], [ -62.599281399999903, -8.277235699999951 ], [ -62.5992236, -8.277235699999951 ], [ -62.599138099999898, -8.277221499999939 ], [ -62.599063199999897, -8.277203899999961 ], [ -62.5990062, -8.27717219999994 ], [ -62.598966899999901, -8.277140399999951 ], [ -62.5989349, -8.277091 ], [ -62.5989099, -8.277031 ], [ -62.5989028, -8.276971099999971 ], [ -62.5988849, -8.27691809999993 ], [ -62.5988662, -8.276878 ], [ -62.5988636, -8.27687229999998 ], [ -62.5988234, -8.276830399999939 ], [ -62.5987186, -8.276714099999939 ], [ -62.5986952, -8.276686499999929 ], [ -62.5986089, -8.27658469999994 ], [ -62.5985347, -8.27651719999994 ], [ -62.5983638, -8.27638919999993 ], [ -62.5981996, -8.276253 ], [ -62.597987799999899, -8.27611149999996 ], [ -62.597777999999899, -8.27601669999996 ], [ -62.5976871, -8.27599419999996 ], [ -62.5975377, -8.275975299999971 ], [ -62.597462999999898, -8.27596319999998 ], [ -62.59731, -8.275938599999961 ], [ -62.5970664, -8.27592289999996 ], [ -62.5968387, -8.27587569999997 ], [ -62.5966533, -8.275797099999981 ], [ -62.5964521, -8.27567659999994 ], [ -62.596314999999898, -8.275557299999949 ], [ -62.5962706, -8.27549389999996 ], [ -62.5962546, -8.275421699999979 ], [ -62.5962403, -8.275319899999941 ], [ -62.5962403, -8.275238799999951 ], [ -62.596228799999899, -8.27514729999996 ], [ -62.596181999999899, -8.274932399999949 ], [ -62.5961078999999, -8.27477 ], [ -62.596030599999899, -8.27462539999993 ], [ -62.5959865, -8.274565299999949 ], [ -62.5958325, -8.27440839999997 ], [ -62.5956684, -8.27419879999997 ], [ -62.5955413, -8.274004899999969 ], [ -62.595503999999899, -8.27394549999997 ], [ -62.595419499999899, -8.273811 ], [ -62.595297699999897, -8.273648499999981 ], [ -62.59516, -8.273533199999971 ], [ -62.5949694, -8.273334099999939 ], [ -62.5947964, -8.27320049999997 ], [ -62.5947472, -8.273165199999941 ], [ -62.5944689, -8.272965499999939 ], [ -62.5943548, -8.27292319999998 ], [ -62.594221699999899, -8.272890199999949 ], [ -62.5940838, -8.272890199999949 ], [ -62.5939222, -8.272890199999949 ], [ -62.593812899999897, -8.272913799999969 ], [ -62.5937368, -8.272946699999981 ], [ -62.5936607, -8.273022 ], [ -62.593618, -8.273069 ], [ -62.5935704, -8.273149 ], [ -62.5935229, -8.27321479999995 ], [ -62.593465799999898, -8.27325719999993 ], [ -62.5933803, -8.273304199999931 ], [ -62.593228199999899, -8.27336539999993 ], [ -62.5931188, -8.27343589999998 ], [ -62.593019, -8.27351589999995 ], [ -62.593011299999901, -8.273526 ], [ -62.5929477, -8.27361 ], [ -62.592862099999898, -8.273694699999959 ], [ -62.592767099999897, -8.27380279999994 ], [ -62.5926435, -8.27392039999995 ], [ -62.5925864, -8.27397689999998 ], [ -62.592573899999898, -8.27399339999994 ], [ -62.5925151, -8.274071 ], [ -62.5924914, -8.274094499999929 ], [ -62.592477099999897, -8.27412269999996 ], [ -62.592472299999898, -8.274160399999969 ], [ -62.592472299999898, -8.274193299999981 ], [ -62.5924914, -8.27422619999993 ], [ -62.5925151, -8.274245 ], [ -62.592548399999899, -8.274245 ], [ -62.592600699999899, -8.27424029999997 ], [ -62.592653, -8.27423559999994 ], [ -62.592695799999902, -8.27423559999994 ], [ -62.592733, -8.274247899999979 ], [ -62.592738499999903, -8.274249699999929 ], [ -62.592767099999897, -8.274278 ], [ -62.5927766, -8.27430149999998 ], [ -62.5927766, -8.27433439999993 ], [ -62.5927338, -8.27440029999997 ], [ -62.5927296, -8.274407 ], [ -62.592695799999902, -8.27446139999995 ], [ -62.592644, -8.274545299999939 ], [ -62.5926435, -8.27454609999995 ], [ -62.592642399999903, -8.274546799999939 ], [ -62.5925151, -8.274635499999929 ], [ -62.5924438, -8.27469189999994 ], [ -62.5923725, -8.274743699999931 ], [ -62.5923122, -8.274777799999979 ], [ -62.5922973999999, -8.27478609999997 ], [ -62.5922727, -8.27480009999994 ], [ -62.592191899999897, -8.274833 ], [ -62.5921016, -8.274856599999961 ], [ -62.592054, -8.27488009999996 ], [ -62.591997, -8.27488479999994 ], [ -62.591949499999899, -8.27488479999994 ], [ -62.5919271, -8.27487739999998 ], [ -62.5919067, -8.27487069999995 ], [ -62.591868599999898, -8.274842499999981 ], [ -62.591849599999897, -8.274818899999961 ], [ -62.5918401, -8.274790699999929 ], [ -62.591821099999898, -8.27475779999997 ], [ -62.5918068, -8.274739 ], [ -62.5917878, -8.274724899999971 ], [ -62.5917403, -8.274701299999951 ], [ -62.5917118, -8.27469189999994 ], [ -62.591673699999902, -8.274649599999981 ], [ -62.59165, -8.274616699999971 ], [ -62.5916215, -8.27458369999994 ], [ -62.5915787, -8.274560199999939 ], [ -62.5915454, -8.274555499999961 ], [ -62.5914979, -8.274560199999939 ], [ -62.5914551, -8.27457429999993 ], [ -62.591442899999898, -8.27457429999993 ], [ -62.591407499999903, -8.27457429999993 ], [ -62.5913695, -8.274550799999931 ], [ -62.591336199999901, -8.274513199999941 ], [ -62.591321999999899, -8.27446139999995 ], [ -62.591317199999899, -8.274395599999931 ], [ -62.591317199999899, -8.274361499999941 ], [ -62.591317199999899, -8.27433439999993 ], [ -62.591317199999899, -8.274263899999941 ], [ -62.5913178, -8.274258599999939 ], [ -62.5913267, -8.27417449999996 ], [ -62.591341, -8.274085099999979 ], [ -62.5913553, -8.27398159999996 ], [ -62.591379, -8.273845199999929 ], [ -62.591398, -8.273774599999969 ], [ -62.591407499999903, -8.273694699999959 ], [ -62.591393299999901, -8.27360059999995 ], [ -62.591379, -8.27353 ], [ -62.5913216, -8.27341679999995 ], [ -62.5913042, -8.273382399999949 ], [ -62.5912519, -8.273287 ], [ -62.591146, -8.27317689999995 ], [ -62.591018899999902, -8.27314019999994 ], [ -62.5908654, -8.27312969999997 ], [ -62.5906853, -8.27314019999994 ], [ -62.5904947, -8.27315069999997 ], [ -62.590341099999897, -8.273208299999959 ], [ -62.590124, -8.27327119999995 ], [ -62.5901115, -8.27327649999995 ], [ -62.5898116, -8.273402199999961 ], [ -62.5895944, -8.27352279999997 ], [ -62.5894812, -8.27359319999994 ], [ -62.5894091, -8.273638099999969 ], [ -62.5892555, -8.27368519999993 ], [ -62.5890808, -8.273706199999941 ], [ -62.588932499999899, -8.273706199999941 ], [ -62.588842499999899, -8.27369049999993 ], [ -62.5887976, -8.27366939999996 ], [ -62.5887168, -8.273598599999961 ], [ -62.5886624, -8.273501799999959 ], [ -62.5886148, -8.273370799999951 ], [ -62.5886001, -8.273292199999959 ], [ -62.5885865, -8.273218899999961 ], [ -62.5885777, -8.273171699999979 ], [ -62.588583, -8.272983 ], [ -62.588638199999899, -8.272719799999949 ], [ -62.5886412999999, -8.272705299999931 ], [ -62.5886624, -8.27246419999994 ], [ -62.5886307, -8.27222839999996 ], [ -62.5885195, -8.272018799999961 ], [ -62.588355299999897, -8.271856299999969 ], [ -62.5882131, -8.271751799999951 ], [ -62.588170299999902, -8.271709499999931 ], [ -62.5880695, -8.271661799999951 ], [ -62.588032499999898, -8.271657799999961 ], [ -62.5879232, -8.271638899999971 ], [ -62.587875499999903, -8.271635299999961 ], [ -62.5877996, -8.27162949999996 ], [ -62.587642699999897, -8.271582499999971 ], [ -62.5875381, -8.271540199999951 ], [ -62.587437399999899, -8.27150579999994 ], [ -62.5874003, -8.27149309999993 ], [ -62.5872434, -8.27145079999997 ], [ -62.587096, -8.271403699999951 ], [ -62.5869819, -8.27138489999993 ], [ -62.5869249, -8.27138959999996 ], [ -62.586877399999899, -8.271422599999941 ], [ -62.586806099999897, -8.27146959999993 ], [ -62.5866872, -8.271554299999931 ], [ -62.5865684, -8.27162949999996 ], [ -62.586421, -8.27173769999996 ], [ -62.5862736999999, -8.271878799999969 ], [ -62.5862071, -8.271949399999929 ], [ -62.5861406, -8.27202 ], [ -62.586073999999897, -8.27204819999997 ], [ -62.5859932, -8.27204819999997 ], [ -62.5859219, -8.27204819999997 ], [ -62.585899, -8.272046499999931 ], [ -62.585860099999898, -8.27204349999994 ], [ -62.585807799999898, -8.27202 ], [ -62.585746, -8.27199179999997 ], [ -62.585689, -8.271949399999929 ], [ -62.5856509, -8.271916499999969 ], [ -62.5855559, -8.271911799999939 ], [ -62.5854924, -8.27192429999997 ], [ -62.5854846, -8.27192589999993 ], [ -62.5854323, -8.27192589999993 ], [ -62.585399, -8.271916499999969 ], [ -62.585377999999899, -8.27189779999998 ], [ -62.585351499999902, -8.27187419999996 ], [ -62.585322899999902, -8.271813 ], [ -62.5852944, -8.271733 ], [ -62.5852659, -8.271606 ], [ -62.5852611, -8.27150719999997 ], [ -62.5852374, -8.271361399999931 ], [ -62.585204099999899, -8.271192099999951 ], [ -62.5851898, -8.27103209999996 ], [ -62.585151799999899, -8.270778099999969 ], [ -62.585109, -8.270665199999939 ], [ -62.5850758, -8.270585199999971 ], [ -62.585033, -8.270547599999929 ], [ -62.584990199999901, -8.27051469999998 ], [ -62.5849284, -8.270500499999971 ], [ -62.5848571, -8.27051469999998 ], [ -62.5847596999999, -8.270535699999931 ], [ -62.5846855, -8.270556699999929 ], [ -62.5845796, -8.27058819999996 ], [ -62.584524299999899, -8.27058819999996 ], [ -62.5844453999999, -8.27057 ], [ -62.5843943, -8.270546199999959 ], [ -62.584336, -8.270472899999961 ], [ -62.584299, -8.27036279999993 ], [ -62.584270199999899, -8.27029159999995 ], [ -62.5842198, -8.27021339999993 ], [ -62.584161299999899, -8.270142699999949 ], [ -62.5841005, -8.270062499999939 ], [ -62.5840257999999, -8.26999189999998 ], [ -62.583923, -8.269927899999971 ], [ -62.583748199999903, -8.26985969999993 ], [ -62.5835734999999, -8.26981779999994 ], [ -62.5834093, -8.26980729999997 ], [ -62.583271599999897, -8.26981779999994 ], [ -62.5831550999999, -8.269854499999949 ], [ -62.583086299999898, -8.26993829999998 ], [ -62.5830386, -8.270032699999939 ], [ -62.5830122, -8.270168899999931 ], [ -62.5829115, -8.27039949999994 ], [ -62.5828056, -8.270535699999931 ], [ -62.5826997, -8.27067719999997 ], [ -62.582556699999898, -8.270850199999931 ], [ -62.5824244, -8.27096549999993 ], [ -62.582286699999898, -8.271065 ], [ -62.5821013, -8.271201299999969 ], [ -62.5819584, -8.271300799999951 ], [ -62.5818366, -8.271400399999949 ], [ -62.5817201, -8.27151049999998 ], [ -62.581641299999902, -8.27159229999995 ], [ -62.5816141, -8.27162049999993 ], [ -62.5814976, -8.27169909999998 ], [ -62.5814874, -8.271703 ], [ -62.58136, -8.27175149999994 ], [ -62.5812329, -8.27180389999995 ], [ -62.5810211, -8.271856299999969 ], [ -62.5807986, -8.271945399999939 ], [ -62.5807434, -8.27196879999997 ], [ -62.5806451999999, -8.27203229999998 ], [ -62.580474299999899, -8.272184599999949 ], [ -62.5803887, -8.272255199999959 ], [ -62.5803079, -8.27231629999994 ], [ -62.5802604, -8.27239159999993 ], [ -62.580222299999903, -8.27246689999993 ], [ -62.5801653, -8.27257039999995 ], [ -62.5801273, -8.272655 ], [ -62.5800892, -8.272725599999941 ], [ -62.580056, -8.27282439999993 ], [ -62.5800179, -8.272956099999931 ], [ -62.580003, -8.272989 ], [ -62.5799751, -8.27305019999994 ], [ -62.5799466, -8.273116 ], [ -62.5799276, -8.273186599999971 ], [ -62.5799038, -8.27332769999998 ], [ -62.5799086, -8.273421799999941 ], [ -62.5799324, -8.27353 ], [ -62.579960899999897, -8.273614699999939 ], [ -62.5800055, -8.273694199999969 ], [ -62.580032199999899, -8.27374169999996 ], [ -62.580075, -8.27387339999996 ], [ -62.580091799999899, -8.27391879999993 ], [ -62.5801273, -8.274014499999961 ], [ -62.5801891, -8.27422619999993 ], [ -62.5803031, -8.274386199999981 ], [ -62.580345899999898, -8.27447079999996 ], [ -62.580379, -8.274510899999941 ], [ -62.5803887, -8.274522599999949 ], [ -62.580479, -8.274630799999951 ], [ -62.580493299999901, -8.274653699999931 ], [ -62.5805789, -8.274790699999929 ], [ -62.5806406, -8.27488009999996 ], [ -62.5807642, -8.275007099999931 ], [ -62.580906899999903, -8.27519059999997 ], [ -62.581059, -8.27535519999998 ], [ -62.581154, -8.27548219999994 ], [ -62.5812824, -8.27563269999996 ], [ -62.581387, -8.27578329999994 ], [ -62.581486799999901, -8.27597609999998 ], [ -62.581552, -8.276063099999931 ], [ -62.5815961, -8.276122 ], [ -62.581624599999898, -8.27624429999997 ], [ -62.5816627, -8.27636659999996 ], [ -62.581700699999899, -8.276460699999969 ], [ -62.5817292, -8.276573599999949 ], [ -62.5817435, -8.27670529999995 ], [ -62.581772, -8.276837 ], [ -62.581772, -8.276978099999949 ], [ -62.581772, -8.27710509999997 ], [ -62.581772, -8.277218 ], [ -62.5817481999999, -8.277340299999929 ], [ -62.581734, -8.27741089999995 ], [ -62.5816864, -8.27749559999995 ], [ -62.5816267, -8.277618399999939 ], [ -62.581624599999898, -8.277622599999971 ], [ -62.581581899999897, -8.27774959999994 ], [ -62.5815296, -8.277853099999961 ], [ -62.5814488, -8.27798479999996 ], [ -62.581406, -8.278107099999939 ], [ -62.5813679, -8.27824349999997 ], [ -62.581310899999899, -8.27835639999995 ], [ -62.581268099999903, -8.278455199999939 ], [ -62.5812301, -8.27854929999995 ], [ -62.5811873, -8.278671599999941 ], [ -62.5811629, -8.27872 ], [ -62.5811398, -8.278765699999949 ], [ -62.581073199999899, -8.27882679999993 ], [ -62.5809829, -8.27886909999995 ], [ -62.5809149, -8.278893899999961 ], [ -62.5808926, -8.278902099999931 ], [ -62.5807785, -8.278902099999931 ], [ -62.5806549, -8.278902099999931 ], [ -62.5806128, -8.278902099999931 ], [ -62.5805313, -8.278902099999931 ], [ -62.5805063, -8.278902099999931 ], [ -62.5804057, -8.278902099999931 ], [ -62.580398199999898, -8.278902099999931 ], [ -62.580227099999902, -8.278902099999931 ], [ -62.5800987, -8.278902099999931 ], [ -62.5800852, -8.27890179999997 ], [ -62.5799805, -8.27889969999995 ], [ -62.5798914, -8.27889969999995 ], [ -62.5797808, -8.27888909999996 ], [ -62.5796917, -8.27887149999998 ], [ -62.5795883, -8.278868 ], [ -62.5794992, -8.278882099999979 ], [ -62.5794101, -8.27891029999995 ], [ -62.5793637, -8.27894209999994 ], [ -62.5793067, -8.278991499999959 ], [ -62.5792807, -8.27902639999996 ], [ -62.579256799999897, -8.279058499999961 ], [ -62.5791962, -8.27913609999996 ], [ -62.5791141999999, -8.279185499999929 ], [ -62.579025, -8.279210199999969 ], [ -62.5789181, -8.27921719999995 ], [ -62.5788289, -8.27923139999996 ], [ -62.5787649, -8.279240199999951 ], [ -62.578700599999898, -8.279249 ], [ -62.5786222, -8.27925959999993 ], [ -62.5785794, -8.279277199999971 ], [ -62.5785437, -8.27929489999997 ], [ -62.5785081, -8.279344299999931 ], [ -62.578451, -8.27942539999998 ], [ -62.578430399999903, -8.27945529999994 ], [ -62.578411199999898, -8.279483199999961 ], [ -62.578397499999902, -8.279503 ], [ -62.578358299999898, -8.27957709999993 ], [ -62.5783049, -8.279637099999951 ], [ -62.5782229, -8.27969 ], [ -62.5781444, -8.279746499999931 ], [ -62.5780161, -8.27981 ], [ -62.5778806, -8.27985939999996 ], [ -62.577773599999901, -8.279915799999969 ], [ -62.5776988, -8.279940499999951 ], [ -62.5776264, -8.279985499999951 ], [ -62.577574, -8.28001809999995 ], [ -62.577492, -8.280092199999959 ], [ -62.577420699999898, -8.28019449999994 ], [ -62.5773601, -8.280289799999929 ], [ -62.57732, -8.280352099999959 ], [ -62.5773101999999, -8.28036739999993 ], [ -62.5772602, -8.280448499999981 ], [ -62.577210299999898, -8.280536699999971 ], [ -62.5771711, -8.280607299999931 ], [ -62.5771319, -8.280632 ], [ -62.577082, -8.280632 ], [ -62.5769786, -8.28059319999994 ], [ -62.576871599999897, -8.280565 ], [ -62.5767576, -8.280536699999971 ], [ -62.5766255999999, -8.280508499999939 ], [ -62.5765187, -8.280469699999969 ], [ -62.576385699999904, -8.28039409999997 ], [ -62.5763511, -8.280374399999969 ], [ -62.5762655999999, -8.28032859999996 ], [ -62.5761871, -8.28027919999994 ], [ -62.576130099999901, -8.280247399999951 ], [ -62.5760303, -8.28021919999998 ], [ -62.5759275, -8.28020169999996 ], [ -62.5759269, -8.280201599999939 ], [ -62.5758393999999, -8.28019649999993 ], [ -62.5758056, -8.28019449999994 ], [ -62.5756987, -8.280162799999969 ], [ -62.5756238, -8.28014509999997 ], [ -62.5755204, -8.280099299999961 ], [ -62.5753921, -8.280053399999931 ], [ -62.575263699999901, -8.280035799999951 ], [ -62.575085499999901, -8.28001459999996 ], [ -62.574975, -8.28000749999995 ], [ -62.574839499999896, -8.27999689999996 ], [ -62.574703999999898, -8.27999339999997 ], [ -62.5745757, -8.28001459999996 ], [ -62.5745044, -8.280042799999929 ], [ -62.5743796, -8.280071 ], [ -62.574322499999901, -8.280092199999959 ], [ -62.5742441, -8.28008159999996 ], [ -62.574179899999898, -8.280046299999981 ], [ -62.5741336, -8.27999339999997 ], [ -62.57413, -8.279933399999949 ], [ -62.574155, -8.279873499999949 ], [ -62.5741906, -8.27981349999993 ], [ -62.574212, -8.27976759999996 ], [ -62.5742441, -8.27971819999993 ], [ -62.5742441, -8.27967239999998 ], [ -62.5742441, -8.27962789999998 ], [ -62.5742441, -8.279626499999949 ], [ -62.574219099999901, -8.27959469999996 ], [ -62.574144299999901, -8.27956649999993 ], [ -62.5740587, -8.279545399999961 ], [ -62.573976699999903, -8.279531199999949 ], [ -62.5738992, -8.279523 ], [ -62.5738769, -8.27952069999998 ], [ -62.573816, -8.27949449999994 ], [ -62.573794899999903, -8.27948539999994 ], [ -62.5737485, -8.279450099999959 ], [ -62.573730699999899, -8.27939009999994 ], [ -62.573730699999899, -8.279344299999931 ], [ -62.5737521, -8.279280799999979 ], [ -62.573769899999903, -8.27924549999994 ], [ -62.5737984, -8.279196099999981 ], [ -62.5738626, -8.279129 ], [ -62.573905399999902, -8.279079699999951 ], [ -62.5739874, -8.27895259999997 ], [ -62.5740658, -8.278857399999939 ], [ -62.5741169, -8.278757399999961 ], [ -62.5741977, -8.27865859999997 ], [ -62.5742643, -8.27853629999993 ], [ -62.5743166, -8.27845169999995 ], [ -62.5743118, -8.278348199999931 ], [ -62.5742786, -8.27826819999996 ], [ -62.5742168, -8.278207099999969 ], [ -62.5741455, -8.27816 ], [ -62.5740314, -8.278113 ], [ -62.573966299999903, -8.27810679999993 ], [ -62.5739315, -8.27810359999995 ], [ -62.5738745, -8.27810359999995 ], [ -62.5738127, -8.27810829999993 ], [ -62.573750899999901, -8.27810829999993 ], [ -62.5737081, -8.27809419999994 ], [ -62.5736939, -8.278042399999951 ], [ -62.573698599999901, -8.277938899999979 ], [ -62.5737038, -8.27792959999994 ], [ -62.5737556999999, -8.27783539999996 ], [ -62.5738127, -8.277755499999961 ], [ -62.5738888, -8.27766609999998 ], [ -62.5739315, -8.277572 ], [ -62.573950599999897, -8.277473199999971 ], [ -62.5739886, -8.27736969999995 ], [ -62.574036099999901, -8.277299199999961 ], [ -62.5740599, -8.27721919999993 ], [ -62.5740599, -8.27710159999998 ], [ -62.5740599, -8.27697459999996 ], [ -62.5740504, -8.27686639999996 ], [ -62.574036099999901, -8.276762899999939 ], [ -62.5740076, -8.276682899999971 ], [ -62.5739791, -8.276603 ], [ -62.5739078, -8.276532399999949 ], [ -62.573808, -8.27646649999997 ], [ -62.5736606, -8.27640069999995 ], [ -62.5735513, -8.276348899999959 ], [ -62.5734181999999, -8.276287799999981 ], [ -62.5733087999999, -8.276254899999969 ], [ -62.5731995, -8.276231299999949 ], [ -62.5730710999999, -8.276189 ], [ -62.5729428, -8.27616079999996 ], [ -62.572828699999903, -8.27616079999996 ], [ -62.5727335999999, -8.276193699999959 ], [ -62.5726812999999, -8.27624069999996 ], [ -62.572614799999897, -8.27628309999994 ], [ -62.572543499999902, -8.276301899999959 ], [ -62.5724437, -8.276316 ], [ -62.5723866, -8.276287799999981 ], [ -62.5723153, -8.276250199999939 ], [ -62.572206, -8.27615609999998 ], [ -62.5721442, -8.27609959999995 ], [ -62.5720729, -8.276062 ], [ -62.571987299999897, -8.27605729999993 ], [ -62.5718732, -8.276052599999961 ], [ -62.5717877, -8.276076099999949 ], [ -62.5716783, -8.276142 ], [ -62.5715928, -8.276193699999959 ], [ -62.5715215, -8.276221899999941 ], [ -62.571407399999899, -8.276226599999969 ], [ -62.5712458, -8.276226599999969 ], [ -62.571136399999901, -8.276226599999969 ], [ -62.571012799999899, -8.276250199999939 ], [ -62.570946299999903, -8.27626389999995 ], [ -62.5708988, -8.27627369999993 ], [ -62.5707942, -8.276301899999959 ], [ -62.570727599999898, -8.276339499999949 ], [ -62.5707039, -8.276405399999931 ], [ -62.5706754, -8.276507299999929 ], [ -62.570589799999901, -8.276726 ], [ -62.570518499999899, -8.27690239999993 ], [ -62.5704090999999, -8.277162699999961 ], [ -62.5703568, -8.27727089999996 ], [ -62.5702998, -8.277393199999951 ], [ -62.570238, -8.27750139999995 ], [ -62.5701715, -8.277586099999951 ], [ -62.5700954, -8.277670799999949 ], [ -62.570069299999901, -8.27768839999993 ], [ -62.5699908, -8.277741299999949 ], [ -62.56991, -8.277821299999969 ], [ -62.5698007, -8.27799539999995 ], [ -62.5697008, -8.27816469999993 ], [ -62.5696105, -8.278301099999959 ], [ -62.5695059, -8.278479899999979 ], [ -62.5694061, -8.278649199999959 ], [ -62.5693322, -8.278766299999971 ], [ -62.569311099999901, -8.278799799999939 ], [ -62.5692445, -8.278879699999949 ], [ -62.569202, -8.27891479999994 ], [ -62.5691176, -8.278963899999949 ], [ -62.5690662, -8.27898089999997 ], [ -62.568987799999903, -8.27900669999997 ], [ -62.5688403999999, -8.27908669999994 ], [ -62.5687169, -8.279147899999939 ], [ -62.5686123, -8.279227799999941 ], [ -62.5685172, -8.27931249999995 ], [ -62.568360299999902, -8.27943009999996 ], [ -62.568311799999897, -8.27947819999997 ], [ -62.5682605, -8.279528899999949 ], [ -62.568146399999897, -8.279660599999939 ], [ -62.568022799999902, -8.279797 ], [ -62.5679373, -8.279938099999979 ], [ -62.567827899999898, -8.28006989999994 ], [ -62.567685299999901, -8.280201599999939 ], [ -62.5676045, -8.280267399999961 ], [ -62.567509399999899, -8.280422699999971 ], [ -62.5674619, -8.28053089999997 ], [ -62.5674524, -8.280653199999961 ], [ -62.567423899999902, -8.28080369999998 ], [ -62.5673525999999, -8.280935399999979 ], [ -62.5673072, -8.280998299999959 ], [ -62.567281299999898, -8.28103419999997 ], [ -62.5672337, -8.28107649999993 ], [ -62.5671387, -8.28118939999996 ], [ -62.5671149, -8.28126 ], [ -62.567105399999903, -8.28132109999996 ], [ -62.567105399999903, -8.28147169999994 ], [ -62.567105399999903, -8.28158459999997 ], [ -62.567105399999903, -8.281702199999931 ], [ -62.5671196, -8.28178209999993 ], [ -62.5671292, -8.28190909999995 ], [ -62.567176699999898, -8.282022 ], [ -62.5672337, -8.28212549999995 ], [ -62.5673383, -8.28224779999994 ], [ -62.5674286, -8.282356 ], [ -62.5675332, -8.282436 ], [ -62.5675998, -8.282468899999969 ], [ -62.567685299999901, -8.282483 ], [ -62.5677899, -8.282483 ], [ -62.5678897, -8.28247359999995 ], [ -62.567956299999899, -8.28244069999994 ], [ -62.5680561, -8.28237949999993 ], [ -62.568117899999898, -8.282341899999951 ], [ -62.568193999999899, -8.282309 ], [ -62.56827, -8.28225249999997 ], [ -62.5683354, -8.28218789999994 ], [ -62.5683508, -8.282172599999971 ], [ -62.5684269, -8.28214429999997 ], [ -62.5684697, -8.28213959999994 ], [ -62.568486499999899, -8.282146299999971 ], [ -62.5685172, -8.282158399999959 ], [ -62.568579, -8.28221019999995 ], [ -62.568592099999897, -8.282246399999959 ], [ -62.5686028, -8.282276 ], [ -62.5686028, -8.28233249999994 ], [ -62.568600499999903, -8.282350799999961 ], [ -62.5685933, -8.28240779999993 ], [ -62.568598, -8.28247359999995 ], [ -62.568600499999903, -8.282482699999949 ], [ -62.568617, -8.282544199999959 ], [ -62.5686646, -8.28260059999997 ], [ -62.5686984, -8.282634099999941 ], [ -62.568702599999902, -8.28263829999997 ], [ -62.568773899999897, -8.282661799999969 ], [ -62.568849999999898, -8.282661799999969 ], [ -62.5688947, -8.282660199999951 ], [ -62.5689439, -8.28265849999997 ], [ -62.5689831, -8.282657099999939 ], [ -62.5690686, -8.28263829999997 ], [ -62.569105099999902, -8.28262489999997 ], [ -62.569197, -8.28259119999996 ], [ -62.569306299999901, -8.282544199999959 ], [ -62.569382399999903, -8.282516 ], [ -62.569472699999899, -8.28250649999995 ], [ -62.5695018, -8.282509599999971 ], [ -62.569563, -8.282516 ], [ -62.569648599999901, -8.282563 ], [ -62.569738899999898, -8.28261469999995 ], [ -62.5698007, -8.28267119999998 ], [ -62.5698055, -8.28267939999995 ], [ -62.5698338999999, -8.28272759999993 ], [ -62.5698338999999, -8.28279349999997 ], [ -62.5698197, -8.28284989999997 ], [ -62.5698054, -8.282882899999951 ], [ -62.569762599999898, -8.28294869999996 ], [ -62.5697246, -8.283005199999931 ], [ -62.569667599999903, -8.283099199999979 ], [ -62.5696295, -8.283174499999969 ], [ -62.569601, -8.28326389999995 ], [ -62.569601, -8.28337209999995 ], [ -62.569601, -8.283480299999949 ], [ -62.5695535, -8.283588499999951 ], [ -62.5694917, -8.283687199999971 ], [ -62.569385, -8.28380909999993 ], [ -62.5693681, -8.283828399999949 ], [ -62.5692873, -8.283946 ], [ -62.5692301999999, -8.284035299999969 ], [ -62.5692065, -8.284105899999931 ], [ -62.5691922, -8.284176499999941 ], [ -62.5691922, -8.28425169999997 ], [ -62.569216, -8.284331699999941 ], [ -62.569292, -8.28443049999993 ], [ -62.5693348, -8.284529299999971 ], [ -62.5693396, -8.28458569999998 ], [ -62.5693348, -8.28467509999996 ], [ -62.569325299999903, -8.28475039999995 ], [ -62.569325299999903, -8.28483029999995 ], [ -62.569325299999903, -8.284863199999959 ], [ -62.5693538, -8.284924399999969 ], [ -62.5694156, -8.28498559999997 ], [ -62.5694917, -8.285098399999979 ], [ -62.5695535, -8.285164299999961 ], [ -62.569643799999902, -8.28526779999993 ], [ -62.5697294, -8.285333599999939 ], [ -62.5698007, -8.28538069999996 ], [ -62.569855699999898, -8.28544329999994 ], [ -62.5698957, -8.28548889999996 ], [ -62.5699405, -8.28555729999994 ], [ -62.569948, -8.285568799999959 ], [ -62.5699518, -8.28557039999993 ], [ -62.570028799999903, -8.28560179999994 ], [ -62.5701572, -8.285672299999931 ], [ -62.570257, -8.28571469999997 ], [ -62.570342599999897, -8.28576169999997 ], [ -62.5703574, -8.28576929999997 ], [ -62.570397199999903, -8.28578979999998 ], [ -62.5704613999999, -8.285822899999969 ], [ -62.5705422, -8.285855799999981 ], [ -62.570608799999903, -8.285867199999929 ], [ -62.5706516, -8.285874599999939 ], [ -62.570751399999899, -8.285884 ], [ -62.5708511999999, -8.285907499999951 ], [ -62.5709605, -8.285949899999929 ], [ -62.571050899999904, -8.286011 ], [ -62.5710531, -8.28601279999998 ], [ -62.5711269, -8.28607219999998 ], [ -62.5711934999999, -8.28613329999996 ], [ -62.571241, -8.286222699999939 ], [ -62.5712743, -8.286298 ], [ -62.5712743, -8.28635769999994 ], [ -62.5712743, -8.28636849999998 ], [ -62.5712505, -8.286453199999929 ], [ -62.571201, -8.286542299999949 ], [ -62.5711982, -8.28654729999994 ], [ -62.571145999999899, -8.28663139999998 ], [ -62.5710736999999, -8.286682799999941 ], [ -62.5709178, -8.28671029999998 ], [ -62.5706683, -8.286766799999951 ], [ -62.5705669, -8.286780799999971 ], [ -62.5703617, -8.286809099999971 ], [ -62.570105, -8.28690789999996 ], [ -62.5700027, -8.28696309999998 ], [ -62.5699117999999, -8.287029799999971 ], [ -62.5697484, -8.28719719999998 ], [ -62.5695488, -8.28736649999996 ], [ -62.5692921, -8.287571199999951 ], [ -62.5691138, -8.287719299999941 ], [ -62.5689356, -8.287796899999931 ], [ -62.5686789, -8.28783929999997 ], [ -62.5683865, -8.28789569999998 ], [ -62.5678232, -8.28795919999993 ], [ -62.567523799999897, -8.28794509999994 ], [ -62.5670817, -8.287987499999931 ], [ -62.566718, -8.28794509999994 ], [ -62.5666606999999, -8.28793249999995 ], [ -62.5665485, -8.28789159999997 ], [ -62.5664399, -8.287825199999929 ], [ -62.5664087, -8.287790199999961 ], [ -62.5663129, -8.287683 ], [ -62.566221599999899, -8.28761039999995 ], [ -62.566104799999898, -8.28754289999995 ], [ -62.5659479, -8.28750059999993 ], [ -62.5657055, -8.28743709999998 ], [ -62.5654744, -8.28740069999998 ], [ -62.5653918, -8.28738769999995 ], [ -62.565013899999897, -8.28731009999996 ], [ -62.5647714, -8.287267699999971 ], [ -62.5646773, -8.28723319999995 ], [ -62.564521899999903, -8.287176 ], [ -62.5642295, -8.28702079999994 ], [ -62.5639586, -8.28683729999995 ], [ -62.5637019, -8.28659739999995 ], [ -62.5634951, -8.286421 ], [ -62.5632954, -8.286124699999959 ], [ -62.5631945, -8.285888199999929 ], [ -62.5631446, -8.28571339999996 ], [ -62.5631172, -8.28554609999998 ], [ -62.563090299999899, -8.28535569999997 ], [ -62.563074399999898, -8.285242699999969 ], [ -62.5630102, -8.284882799999931 ], [ -62.562938899999899, -8.28455829999996 ], [ -62.5628948, -8.28444369999994 ], [ -62.562871, -8.28438169999993 ], [ -62.5627267, -8.284134199999929 ], [ -62.5626894, -8.28408549999995 ], [ -62.562511099999902, -8.28385969999994 ], [ -62.562399, -8.283748799999961 ], [ -62.562213, -8.283619299999939 ], [ -62.5619763, -8.283499899999979 ], [ -62.5617621, -8.28341869999997 ], [ -62.5615253, -8.28335559999994 ], [ -62.561120699999897, -8.283295199999939 ], [ -62.5608846, -8.28326389999995 ], [ -62.5608008, -8.283252699999929 ], [ -62.5605562, -8.283229 ], [ -62.5601937, -8.28321759999994 ], [ -62.559870299999901, -8.28326329999993 ], [ -62.5597109, -8.283313499999959 ], [ -62.559480699999902, -8.28342219999996 ], [ -62.559102799999899, -8.28366209999996 ], [ -62.5587462, -8.283873799999981 ], [ -62.5584539, -8.284113699999979 ], [ -62.5580974, -8.284508899999929 ], [ -62.5580744, -8.284531299999969 ], [ -62.557584, -8.285009799999949 ], [ -62.5572916, -8.285355599999949 ], [ -62.557091899999897, -8.28554859999997 ], [ -62.5570218, -8.285636499999949 ], [ -62.556956, -8.28573879999993 ], [ -62.556878099999899, -8.28594119999997 ], [ -62.5568423, -8.28617379999997 ], [ -62.5568402, -8.286339199999929 ], [ -62.556871, -8.286526899999959 ], [ -62.556963799999899, -8.28670579999994 ], [ -62.5570602, -8.286833599999969 ], [ -62.5571467, -8.286907 ], [ -62.5572693, -8.28697809999994 ], [ -62.557367, -8.28701039999993 ], [ -62.5574447, -8.287036 ], [ -62.5577149, -8.28716819999994 ], [ -62.557819299999899, -8.28724659999995 ], [ -62.5579296, -8.28734079999998 ], [ -62.5580047999999, -8.287437399999931 ], [ -62.558073299999897, -8.28757289999993 ], [ -62.558109, -8.287699299999931 ], [ -62.5581473, -8.28795919999993 ], [ -62.5581687, -8.28824149999997 ], [ -62.5581733, -8.288267299999969 ], [ -62.5582361, -8.288617399999961 ], [ -62.5582446, -8.288727199999929 ], [ -62.5582329, -8.288947099999969 ], [ -62.5582828, -8.28933509999996 ], [ -62.5583683, -8.28958909999994 ], [ -62.5585038, -8.289822 ], [ -62.5586963, -8.29004779999997 ], [ -62.5588817, -8.290245299999979 ], [ -62.5589088, -8.29028969999996 ], [ -62.5590457, -8.290513499999969 ], [ -62.559138399999902, -8.29068279999996 ], [ -62.559224, -8.29092979999996 ], [ -62.5592637, -8.29106729999995 ], [ -62.5592953, -8.291176699999941 ], [ -62.559352299999901, -8.291480099999941 ], [ -62.559383399999902, -8.29165989999996 ], [ -62.5594436, -8.29184469999996 ], [ -62.5595377, -8.292016399999969 ], [ -62.5596375, -8.292228 ], [ -62.5598198, -8.29258869999995 ], [ -62.559897099999901, -8.29269809999994 ], [ -62.5600582, -8.29286309999998 ], [ -62.5602476, -8.29299939999993 ], [ -62.5603482, -8.29305079999995 ], [ -62.5604933, -8.29309939999996 ], [ -62.5607141999999, -8.29317349999997 ], [ -62.561120699999897, -8.293286399999941 ], [ -62.561569899999903, -8.29341339999996 ], [ -62.5618066, -8.293480399999959 ], [ -62.561927599999898, -8.293537 ], [ -62.562133199999899, -8.29367449999995 ], [ -62.5623542, -8.293928499999939 ], [ -62.562582399999897, -8.29425309999993 ], [ -62.562789199999898, -8.29457759999997 ], [ -62.562896099999897, -8.294859899999951 ], [ -62.5630815, -8.29529029999998 ], [ -62.5631956, -8.295509 ], [ -62.563381, -8.295763 ], [ -62.563525399999897, -8.295921199999951 ], [ -62.5635900999999, -8.29602669999997 ], [ -62.5636163, -8.296151099999969 ], [ -62.5636052, -8.296310699999941 ], [ -62.5635794, -8.29640569999998 ], [ -62.563537499999903, -8.296498099999949 ], [ -62.5634807, -8.29659629999998 ], [ -62.5633624, -8.296744899999959 ], [ -62.5632672999999, -8.296809199999929 ], [ -62.5631819, -8.29683329999995 ], [ -62.563067299999901, -8.29683269999992 ], [ -62.5629701, -8.29680379999996 ], [ -62.5628629, -8.296744 ], [ -62.5627749, -8.29666609999998 ], [ -62.5625942, -8.29648659999998 ], [ -62.5625467, -8.296463099999929 ], [ -62.562418299999898, -8.296453699999971 ], [ -62.562299499999902, -8.296463099999929 ], [ -62.5622044, -8.29647719999997 ], [ -62.562109399999898, -8.29649129999996 ], [ -62.5620476, -8.296538399999969 ], [ -62.5619667, -8.29659949999996 ], [ -62.5618717, -8.296688899999941 ], [ -62.5617956, -8.29673119999995 ], [ -62.561643499999903, -8.29679239999996 ], [ -62.5615579, -8.29683939999995 ], [ -62.5615199, -8.296858199999971 ], [ -62.561472799999898, -8.296893199999939 ], [ -62.561399799999897, -8.29692629999994 ], [ -62.561372499999898, -8.29693349999997 ], [ -62.561287, -8.296971099999951 ], [ -62.5612537, -8.297004 ], [ -62.5611967, -8.297088699999961 ], [ -62.561158599999899, -8.297159299999979 ], [ -62.5611488, -8.297193399999969 ], [ -62.5611114, -8.297255799999959 ], [ -62.561092099999897, -8.297276899999931 ], [ -62.5610445, -8.29734739999998 ], [ -62.5610018, -8.29741329999996 ], [ -62.560978, -8.29746969999997 ], [ -62.560969499999899, -8.297520399999939 ], [ -62.560968499999902, -8.29752619999994 ], [ -62.560968499999902, -8.297573199999929 ], [ -62.560997, -8.297672 ], [ -62.5610113, -8.29773779999994 ], [ -62.5610113, -8.297780199999981 ], [ -62.5609875, -8.297850699999969 ], [ -62.560959, -8.29793069999994 ], [ -62.5609352, -8.297991899999939 ], [ -62.5609067, -8.29808119999996 ], [ -62.5608592, -8.29816589999996 ], [ -62.5607783, -8.29823649999997 ], [ -62.5606643, -8.29833049999996 ], [ -62.5606462, -8.29834009999996 ], [ -62.5605312, -8.29840109999998 ], [ -62.5603886, -8.298499899999969 ], [ -62.560284, -8.29864569999995 ], [ -62.5602269, -8.298749199999969 ], [ -62.5601841, -8.298843199999959 ], [ -62.5601556, -8.29892319999993 ], [ -62.5601556, -8.299007899999941 ], [ -62.560167299999897, -8.299061599999961 ], [ -62.560169899999899, -8.299073699999949 ], [ -62.5601937, -8.29916309999993 ], [ -62.560198399999898, -8.299243099999959 ], [ -62.560198399999898, -8.299294799999929 ], [ -62.5601794, -8.299356 ], [ -62.5601414, -8.29938889999994 ], [ -62.5600843, -8.299407699999961 ], [ -62.5599702, -8.299417099999969 ], [ -62.559963, -8.29941759999997 ], [ -62.5599036999999, -8.29942179999995 ], [ -62.5598371, -8.29946409999997 ], [ -62.559808599999897, -8.299492399999959 ], [ -62.559756299999897, -8.29950649999995 ], [ -62.559685, -8.29950649999995 ], [ -62.5595852, -8.29951589999996 ], [ -62.559475899999903, -8.299534699999979 ], [ -62.5593951, -8.299562899999961 ], [ -62.5593095, -8.29959119999995 ], [ -62.559185899999903, -8.29962409999996 ], [ -62.5589788, -8.29963349999997 ], [ -62.558853999999897, -8.299619 ], [ -62.5586866, -8.299599499999941 ], [ -62.5585646, -8.299563199999969 ], [ -62.5584871, -8.299520599999941 ], [ -62.5583635, -8.29944059999997 ], [ -62.5582542, -8.299351299999961 ], [ -62.5581734, -8.29928539999997 ], [ -62.5580118, -8.299224299999929 ], [ -62.5578977, -8.299196 ], [ -62.5577741, -8.29916309999993 ], [ -62.557679, -8.299134899999959 ], [ -62.557640999999897, -8.29908309999996 ], [ -62.557612499999898, -8.299003199999961 ], [ -62.5575602, -8.298862099999949 ], [ -62.5574889, -8.29870679999993 ], [ -62.5574033, -8.298593899999959 ], [ -62.557317699999899, -8.298499899999969 ], [ -62.5572274, -8.29844809999997 ], [ -62.5571133, -8.29841989999994 ], [ -62.5570291, -8.298417499999969 ], [ -62.556947, -8.298415199999971 ], [ -62.5568234, -8.29841989999994 ], [ -62.5567425, -8.298434 ], [ -62.556642699999898, -8.29844339999994 ], [ -62.5565476, -8.298471599999971 ], [ -62.5564763, -8.29849519999993 ], [ -62.5564145, -8.298499899999969 ], [ -62.5563385, -8.298499899999969 ], [ -62.5562719, -8.29849519999993 ], [ -62.5561959, -8.29848109999995 ], [ -62.5561246, -8.29846219999996 ], [ -62.5560533, -8.29844339999994 ], [ -62.5559155, -8.29843009999996 ], [ -62.555711, -8.29843009999996 ], [ -62.555569299999902, -8.298447799999961 ], [ -62.5553379, -8.29849359999997 ], [ -62.5550171, -8.29853589999993 ], [ -62.554739, -8.29853589999993 ], [ -62.554475099999898, -8.29853589999993 ], [ -62.554304, -8.29855 ], [ -62.5540616, -8.298557099999931 ], [ -62.5539332, -8.29851469999994 ], [ -62.55389, -8.298472 ], [ -62.553854999999899, -8.298407699999929 ], [ -62.5538405, -8.298331299999971 ], [ -62.5538405, -8.29820819999998 ], [ -62.5538266, -8.29812219999997 ], [ -62.5537835, -8.297999699999931 ], [ -62.553727099999897, -8.297883 ], [ -62.553669, -8.297806799999931 ], [ -62.5536365, -8.29777929999995 ], [ -62.553554899999902, -8.29773829999993 ], [ -62.5533842, -8.297689199999979 ], [ -62.5531845, -8.29768219999994 ], [ -62.5529992, -8.297668099999949 ], [ -62.5528209, -8.297668099999949 ], [ -62.5526498, -8.29770329999997 ], [ -62.5525714, -8.297745299999971 ], [ -62.552498, -8.29779909999996 ], [ -62.552464299999897, -8.297831899999951 ], [ -62.552427, -8.29786879999995 ], [ -62.5524073, -8.29788839999998 ], [ -62.5523787, -8.297954199999941 ], [ -62.552368499999901, -8.297994799999969 ], [ -62.5523645, -8.29801069999996 ], [ -62.5523645, -8.298071799999949 ], [ -62.5523692, -8.29815649999995 ], [ -62.5524025, -8.29823169999997 ], [ -62.5524453, -8.298297599999961 ], [ -62.552457699999898, -8.29832209999995 ], [ -62.5524738, -8.29839169999997 ], [ -62.5524738, -8.29844339999994 ], [ -62.5524596, -8.29850929999998 ], [ -62.5524263, -8.298598599999931 ], [ -62.5523835, -8.29864569999995 ], [ -62.5523663, -8.29865769999998 ], [ -62.5523027, -8.298702099999961 ], [ -62.552250399999899, -8.298725599999949 ], [ -62.5521601, -8.298735099999931 ], [ -62.552103, -8.29875389999995 ], [ -62.5520741, -8.298772299999939 ], [ -62.5520365, -8.29879619999997 ], [ -62.551912899999898, -8.298829099999979 ], [ -62.551794099999903, -8.298862099999949 ], [ -62.551722799999901, -8.298890299999931 ], [ -62.5516466999999, -8.29892319999993 ], [ -62.551570599999899, -8.29896549999995 ], [ -62.551510999999898, -8.299024599999941 ], [ -62.551504099999903, -8.299031399999929 ], [ -62.5514213, -8.299126499999939 ], [ -62.5513592, -8.299192099999971 ], [ -62.551321099999903, -8.299271699999959 ], [ -62.5512974, -8.29938749999997 ], [ -62.5513021, -8.29950959999996 ], [ -62.5513093, -8.29972829999997 ], [ -62.551344899999897, -8.300074099999961 ], [ -62.551459, -8.30042679999997 ], [ -62.551615899999902, -8.30073729999998 ], [ -62.5517086, -8.300991299999961 ], [ -62.551786999999898, -8.301252399999949 ], [ -62.5518369, -8.30147809999994 ], [ -62.5518941, -8.30173559999997 ], [ -62.5519153, -8.30195249999997 ], [ -62.5519153, -8.30212019999993 ], [ -62.5519581, -8.302444799999931 ], [ -62.5520152, -8.30276229999993 ], [ -62.552136399999902, -8.30309389999996 ], [ -62.552271899999901, -8.303319699999969 ], [ -62.5524602, -8.303512299999969 ], [ -62.5524857999999, -8.303538399999979 ], [ -62.5526212, -8.30372889999995 ], [ -62.5527776, -8.303899399999979 ], [ -62.5530419, -8.30418749999995 ], [ -62.553227299999897, -8.30440619999996 ], [ -62.553804899999903, -8.304984799999939 ], [ -62.554225599999903, -8.30529519999993 ], [ -62.5546891, -8.305619799999929 ], [ -62.5551454, -8.305845599999939 ], [ -62.5555447, -8.30599379999995 ], [ -62.556001, -8.306163099999941 ], [ -62.556450299999902, -8.306325399999929 ], [ -62.5567783, -8.306522899999949 ], [ -62.5570064, -8.30667109999996 ], [ -62.557405699999897, -8.30695329999998 ], [ -62.557847799999898, -8.307249599999979 ], [ -62.5582115, -8.30753889999994 ], [ -62.558568, -8.307912899999961 ], [ -62.5587247, -8.308067899999971 ], [ -62.5588888999999, -8.30823039999996 ], [ -62.560372, -8.310467 ], [ -62.5608854, -8.31154649999996 ], [ -62.5613544, -8.312955799999941 ], [ -62.561658099999903, -8.31365379999994 ], [ -62.5617228, -8.31379449999997 ], [ -62.5617813, -8.313937799999961 ], [ -62.561833299999897, -8.314083699999969 ], [ -62.5618788, -8.31423169999994 ], [ -62.5619177, -8.31438159999993 ], [ -62.561949899999902, -8.314533 ], [ -62.5619753, -8.31468579999995 ], [ -62.561994, -8.31483949999995 ], [ -62.5620057, -8.31499389999993 ], [ -62.5620106, -8.31514869999995 ], [ -62.5620087, -8.31530349999997 ], [ -62.5619998, -8.31545809999994 ], [ -62.5619841, -8.315612099999949 ], [ -62.5619616, -8.315765299999949 ], [ -62.5619323, -8.315917399999931 ], [ -62.561896299999901, -8.316068 ], [ -62.5618535999999, -8.31621679999995 ], [ -62.561804299999899, -8.31636359999993 ], [ -62.5617486, -8.316508099999959 ], [ -62.5616865, -8.316649899999961 ], [ -62.561618199999899, -8.316788899999951 ], [ -62.5615438, -8.31692469999996 ], [ -62.5614634, -8.317057 ], [ -62.5613772, -8.31718569999992 ], [ -62.5612854, -8.31731039999994 ], [ -62.561188199999897, -8.31743089999998 ], [ -62.5610856, -8.31754689999997 ], [ -62.560971299999899, -8.317646399999941 ], [ -62.5608525, -8.31774029999997 ], [ -62.560729299999899, -8.31782849999996 ], [ -62.5606021, -8.31791079999994 ], [ -62.5604711, -8.317987 ], [ -62.560336699999901, -8.318056899999929 ], [ -62.5601991, -8.318120399999939 ], [ -62.5600587, -8.318177299999951 ], [ -62.559915799999899, -8.31822759999994 ], [ -62.5597706, -8.318271 ], [ -62.5596236, -8.31830749999995 ], [ -62.559475, -8.318337 ], [ -62.559325199999897, -8.31835949999993 ], [ -62.5591744, -8.318374899999981 ], [ -62.559023099999898, -8.31838309999995 ], [ -62.5588716, -8.31838409999995 ], [ -62.5587202, -8.318378099999959 ], [ -62.5585693, -8.31836479999993 ], [ -62.558419199999904, -8.31834449999997 ], [ -62.5582702, -8.318317 ], [ -62.558122599999898, -8.31828259999997 ], [ -62.5579769, -8.31824119999993 ], [ -62.557833199999898, -8.318193 ], [ -62.557692, -8.31813809999994 ], [ -62.557199, -8.318030399999939 ], [ -62.556806799999897, -8.31795279999994 ], [ -62.5567961, -8.31795009999996 ], [ -62.5565572, -8.31788929999993 ], [ -62.5563556, -8.317877599999971 ], [ -62.5561936, -8.31786809999994 ], [ -62.555965399999899, -8.31786809999994 ], [ -62.55578, -8.317903399999979 ], [ -62.5556374, -8.317974 ], [ -62.5554903, -8.31818569999996 ], [ -62.5554805, -8.31819969999998 ], [ -62.555380699999901, -8.31844669999998 ], [ -62.5552666, -8.318820599999979 ], [ -62.5551738999999, -8.319378 ], [ -62.555159699999898, -8.319829499999971 ], [ -62.555124, -8.32049979999994 ], [ -62.5550938, -8.320706 ], [ -62.5550804, -8.32119959999994 ], [ -62.5551169, -8.32148049999995 ], [ -62.555288, -8.32214369999997 ], [ -62.5554769, -8.32260419999994 ], [ -62.5554877, -8.322630499999949 ], [ -62.555644099999903, -8.32299319999993 ], [ -62.5558826, -8.323372399999929 ], [ -62.5559868, -8.323505399999931 ], [ -62.5563362, -8.32394979999998 ], [ -62.5566285, -8.32441549999993 ], [ -62.5566656, -8.32449389999994 ], [ -62.5567854, -8.32474709999997 ], [ -62.5567895, -8.324770299999949 ], [ -62.556842399999901, -8.325071599999941 ], [ -62.5568574, -8.32519619999994 ], [ -62.556834799999898, -8.325535899999981 ], [ -62.5567925, -8.32569949999993 ], [ -62.556707, -8.32606639999995 ], [ -62.556492999999897, -8.326581499999969 ], [ -62.556257699999897, -8.32716 ], [ -62.5559084, -8.327844299999979 ], [ -62.55578, -8.32801369999993 ], [ -62.5554948, -8.32829589999994 ], [ -62.5553284, -8.328440299999951 ], [ -62.555088399999903, -8.32864859999995 ], [ -62.5546605, -8.32895909999996 ], [ -62.5541471, -8.32928359999994 ], [ -62.553633799999901, -8.329537599999981 ], [ -62.5531917, -8.329749199999981 ], [ -62.5528993, -8.329946799999959 ], [ -62.5527068, -8.330109 ], [ -62.5525428, -8.330356 ], [ -62.5524501, -8.33063109999995 ], [ -62.552357399999899, -8.33128729999993 ], [ -62.552357399999899, -8.331767 ], [ -62.552414499999898, -8.332275 ], [ -62.5526212, -8.332980499999961 ], [ -62.552863699999897, -8.333537799999929 ], [ -62.5529405999999, -8.33370579999996 ], [ -62.5531061, -8.334067 ], [ -62.553355699999898, -8.334716 ], [ -62.5535411, -8.335343899999939 ], [ -62.5536195, -8.335950699999961 ], [ -62.5536266, -8.336381 ], [ -62.5535767, -8.33679729999994 ], [ -62.553505399999899, -8.33717829999995 ], [ -62.5534484, -8.337488699999939 ], [ -62.553362799999903, -8.337707399999941 ], [ -62.5532772, -8.337820299999979 ], [ -62.553099, -8.337982499999949 ], [ -62.552835199999897, -8.33810949999997 ], [ -62.5525072, -8.338215299999939 ], [ -62.5520579, -8.33832819999998 ], [ -62.5516087, -8.33839169999993 ], [ -62.5511524, -8.338504599999959 ], [ -62.550817299999899, -8.33857519999998 ], [ -62.5507129, -8.33861819999993 ], [ -62.5505606, -8.338681 ], [ -62.5502753, -8.33885739999994 ], [ -62.55009, -8.33909019999993 ], [ -62.5498916, -8.33935339999994 ], [ -62.549701, -8.33967309999997 ], [ -62.5496265, -8.339838 ], [ -62.549498099999902, -8.34019069999994 ], [ -62.549319899999901, -8.34070579999997 ], [ -62.5487423, -8.342406 ], [ -62.547782, -8.345608 ], [ -62.5476947, -8.34607039999997 ], [ -62.5476136999999, -8.34653389999994 ], [ -62.5476097, -8.34714679999996 ], [ -62.547666299999896, -8.347790399999949 ], [ -62.5478132, -8.348300799999951 ], [ -62.547935, -8.34857329999994 ], [ -62.5480631, -8.348843 ], [ -62.5481975, -8.349109599999959 ], [ -62.548338, -8.349372899999929 ], [ -62.5484847, -8.349633 ], [ -62.548637299999903, -8.349889499999961 ], [ -62.5487959, -8.350142499999951 ], [ -62.548932299999898, -8.35034909999996 ], [ -62.548960399999899, -8.35039159999997 ], [ -62.5491306, -8.35063689999993 ], [ -62.5493064, -8.35087809999993 ], [ -62.5494879, -8.351115199999979 ], [ -62.549674799999899, -8.351348 ], [ -62.549867, -8.35157639999994 ], [ -62.5500646, -8.35180019999996 ], [ -62.5502673, -8.352019399999961 ], [ -62.550474999999899, -8.35223379999996 ], [ -62.5506877, -8.352443299999949 ], [ -62.550905199999903, -8.352647799999939 ], [ -62.5511274, -8.352847099999959 ], [ -62.551354199999899, -8.353041299999971 ], [ -62.5515854, -8.35323009999996 ], [ -62.551821, -8.353413399999971 ], [ -62.5520607999999, -8.35359129999995 ], [ -62.5523962, -8.353889199999969 ], [ -62.5524751, -8.353988699999951 ], [ -62.5525481, -8.35409239999996 ], [ -62.5526153, -8.354200099999961 ], [ -62.5526762, -8.35431139999997 ], [ -62.5527307999999, -8.354426 ], [ -62.552778799999899, -8.354543499999981 ], [ -62.5528201, -8.354663399999939 ], [ -62.552854599999897, -8.354785499999929 ], [ -62.5528821999999, -8.35490939999994 ], [ -62.552902699999898, -8.35503459999995 ], [ -62.5529162, -8.355160799999959 ], [ -62.5529225, -8.35528759999994 ], [ -62.5529217, -8.355414399999971 ], [ -62.5529137, -8.355541099999931 ], [ -62.552898599999899, -8.35566709999995 ], [ -62.552876399999903, -8.355792 ], [ -62.5528472, -8.355915499999981 ], [ -62.5528111, -8.35603719999995 ], [ -62.551924, -8.35892379999996 ], [ -62.5518643, -8.359251299999929 ], [ -62.5517983, -8.35957759999997 ], [ -62.5517258, -8.359902499999979 ], [ -62.5516469, -8.360226 ], [ -62.5515616, -8.360547799999949 ], [ -62.5514701, -8.36086789999996 ], [ -62.551372199999904, -8.361186099999941 ], [ -62.5512681, -8.36150229999993 ], [ -62.551157799999899, -8.361816399999951 ], [ -62.5510413, -8.362128199999971 ], [ -62.5509187, -8.362437799999951 ], [ -62.55079, -8.36274479999997 ], [ -62.5506553, -8.363049199999979 ], [ -62.5505146, -8.36335089999994 ], [ -62.550367999999899, -8.36364979999996 ], [ -62.5502155, -8.36394579999995 ], [ -62.5500572, -8.36423869999993 ], [ -62.5498932, -8.36452839999993 ], [ -62.5496112, -8.364870899999969 ], [ -62.549510499999897, -8.364938499999941 ], [ -62.549406, -8.365000299999959 ], [ -62.5492983, -8.365056099999951 ], [ -62.5491875, -8.36510569999996 ], [ -62.5490741, -8.365149 ], [ -62.5489585, -8.36518569999993 ], [ -62.548841, -8.365215899999949 ], [ -62.5487219, -8.36523939999995 ], [ -62.548601699999899, -8.36525609999995 ], [ -62.548480799999901, -8.365266 ], [ -62.548359499999897, -8.365269 ], [ -62.5482382, -8.365265099999929 ], [ -62.548117299999902, -8.365254399999969 ], [ -62.547997199999898, -8.36523689999996 ], [ -62.5478783, -8.36521259999995 ], [ -62.547761, -8.365181599999969 ], [ -62.5476456, -8.36514409999995 ], [ -62.5475326, -8.3651 ], [ -62.5474222, -8.365049699999931 ], [ -62.5473148, -8.364993099999939 ], [ -62.5472108, -8.36493059999998 ], [ -62.5471105, -8.36486229999997 ], [ -62.5470142, -8.364788499999969 ], [ -62.5469222, -8.36470929999996 ], [ -62.5468349, -8.364625 ], [ -62.5467525, -8.364536 ], [ -62.546675299999897, -8.36444239999997 ], [ -62.5466034, -8.364344599999979 ], [ -62.5465373, -8.364242899999971 ], [ -62.5464769, -8.364137599999941 ], [ -62.546422699999901, -8.364029 ], [ -62.5463746, -8.363917599999979 ], [ -62.546332999999898, -8.36380359999993 ], [ -62.5462848, -8.36358919999998 ], [ -62.546230299999898, -8.36337629999997 ], [ -62.546169399999897, -8.36316509999995 ], [ -62.5461021, -8.36295579999995 ], [ -62.5460287, -8.362748699999941 ], [ -62.545949, -8.362543799999971 ], [ -62.5458633, -8.362341399999931 ], [ -62.545771499999901, -8.36214169999994 ], [ -62.5456738, -8.36194479999995 ], [ -62.5455702, -8.361751 ], [ -62.545460799999901, -8.361560299999949 ], [ -62.5453458, -8.361373 ], [ -62.545225199999898, -8.36118929999998 ], [ -62.5449204, -8.36090359999997 ], [ -62.544585299999902, -8.36071319999996 ], [ -62.5442502, -8.36058619999994 ], [ -62.5439008, -8.36048739999995 ], [ -62.5436156, -8.360445099999939 ], [ -62.5430309, -8.360445099999939 ], [ -62.5426729, -8.360406799999961 ], [ -62.5423383, -8.36040619999994 ], [ -62.542236199999898, -8.36040469999995 ], [ -62.5421345, -8.360396 ], [ -62.5420336, -8.36038039999994 ], [ -62.541934, -8.360357799999971 ], [ -62.5418362, -8.360328399999959 ], [ -62.541740699999899, -8.360292299999969 ], [ -62.5416479, -8.36024969999994 ], [ -62.5415583, -8.36020069999995 ], [ -62.5414723, -8.360145699999981 ], [ -62.541390299999897, -8.360084899999951 ], [ -62.541312699999899, -8.36001849999997 ], [ -62.541239899999901, -8.359946899999951 ], [ -62.541172199999899, -8.359870499999939 ], [ -62.541109999999897, -8.359789599999941 ], [ -62.5410535, -8.35970449999996 ], [ -62.541002999999897, -8.35961579999997 ], [ -62.5409013, -8.35948889999997 ], [ -62.540794199999901, -8.35936659999993 ], [ -62.5406819, -8.359249099999939 ], [ -62.5405645, -8.35913669999997 ], [ -62.540442299999903, -8.35902939999994 ], [ -62.5403155, -8.358927699999979 ], [ -62.5401844, -8.358831499999949 ], [ -62.540049199999899, -8.35874119999994 ], [ -62.5399102, -8.35865689999997 ], [ -62.5397677, -8.358578799999981 ], [ -62.5396219, -8.35850689999995 ], [ -62.539473, -8.358441499999969 ], [ -62.5393832, -8.35840669999993 ], [ -62.5393215, -8.35838269999994 ], [ -62.5391675, -8.358330499999971 ], [ -62.5390113999999, -8.358285199999949 ], [ -62.538853399999901, -8.35824669999994 ], [ -62.538694, -8.358215199999959 ], [ -62.5385333, -8.35819059999994 ], [ -62.538371599999898, -8.358173099999931 ], [ -62.5382094, -8.35816269999998 ], [ -62.5380469, -8.35815939999998 ], [ -62.5378843, -8.358163299999941 ], [ -62.537722099999897, -8.358174199999951 ], [ -62.5375605999999, -8.35819219999996 ], [ -62.537399999999899, -8.358217199999959 ], [ -62.5372406, -8.358249299999949 ], [ -62.5369767, -8.358281799999929 ], [ -62.5368854, -8.358287799999969 ], [ -62.5367947, -8.358300499999929 ], [ -62.5367052, -8.358319799999951 ], [ -62.5366174, -8.358345699999971 ], [ -62.5365317, -8.35837789999994 ], [ -62.536448699999902, -8.358416299999931 ], [ -62.536368599999903, -8.35846079999993 ], [ -62.5362921, -8.358511 ], [ -62.536219399999901, -8.358566599999961 ], [ -62.536151, -8.358627499999949 ], [ -62.5360873, -8.35869319999995 ], [ -62.5360286, -8.35876349999995 ], [ -62.535975199999903, -8.35883779999995 ], [ -62.535927399999899, -8.358915899999939 ], [ -62.5358854999999, -8.35899729999994 ], [ -62.5358497, -8.359081499999951 ], [ -62.5358201, -8.359168199999941 ], [ -62.535797, -8.35925669999995 ], [ -62.5357805, -8.359346799999971 ], [ -62.5357706, -8.35943779999997 ], [ -62.5357675, -8.359529299999959 ], [ -62.535771, -8.359620799999959 ], [ -62.535781299999897, -8.359711699999931 ], [ -62.5357983, -8.359801699999929 ], [ -62.5358218, -8.35989019999994 ], [ -62.5358517, -8.359976699999949 ], [ -62.536083699999899, -8.360785199999951 ], [ -62.5361185, -8.36101249999996 ], [ -62.5361465, -8.36124079999996 ], [ -62.5361677, -8.36146979999995 ], [ -62.536181999999897, -8.361699299999939 ], [ -62.536189599999901, -8.361929099999941 ], [ -62.5361903, -8.362159 ], [ -62.5361842, -8.36238889999993 ], [ -62.5361712, -8.36261849999994 ], [ -62.5361515, -8.362847599999951 ], [ -62.536124899999898, -8.363076 ], [ -62.536091499999898, -8.36330349999997 ], [ -62.5360514, -8.36352989999995 ], [ -62.5360046, -8.363755099999929 ], [ -62.5359511, -8.36397869999996 ], [ -62.535891, -8.364200699999969 ], [ -62.535824299999902, -8.364420699999931 ], [ -62.535766899999899, -8.36459159999993 ], [ -62.5357511, -8.36463869999994 ], [ -62.5355612, -8.36501839999994 ], [ -62.5352053, -8.36555219999997 ], [ -62.532627299999902, -8.36941919999998 ], [ -62.5325511, -8.36957509999996 ], [ -62.5324811999999, -8.369734 ], [ -62.5324178, -8.369895499999931 ], [ -62.5323609, -8.37005949999997 ], [ -62.5323106, -8.370225599999969 ], [ -62.532266999999898, -8.370393599999939 ], [ -62.5322303, -8.37056329999996 ], [ -62.532211, -8.37067319999994 ], [ -62.5322002999999, -8.37073419999996 ], [ -62.532177299999901, -8.370906299999939 ], [ -62.5321612, -8.371079099999969 ], [ -62.532151999999897, -8.37125239999995 ], [ -62.5321499, -8.371426 ], [ -62.5321546, -8.371599499999951 ], [ -62.532166399999902, -8.371772599999931 ], [ -62.5321850999999, -8.371945199999971 ], [ -62.5322107, -8.37211679999996 ], [ -62.5322432, -8.372287299999931 ], [ -62.5322825, -8.372456399999979 ], [ -62.5323286, -8.372623699999959 ], [ -62.5323814, -8.372789099999981 ], [ -62.532611, -8.373253499999979 ], [ -62.5332066, -8.373986799999949 ], [ -62.5332888, -8.374067 ], [ -62.5333664999999, -8.37415169999997 ], [ -62.5334394, -8.374240599999951 ], [ -62.5335072, -8.37433339999995 ], [ -62.5335698, -8.374429699999951 ], [ -62.533627, -8.37452939999997 ], [ -62.5336785, -8.374632199999949 ], [ -62.5337243, -8.37473759999995 ], [ -62.5337641, -8.37484539999997 ], [ -62.533797999999898, -8.374955199999929 ], [ -62.533825599999901, -8.37506669999993 ], [ -62.533847099999903, -8.375179599999971 ], [ -62.5338623, -8.375293499999939 ], [ -62.533871099999899, -8.37540809999996 ], [ -62.5338735999999, -8.375523 ], [ -62.5337981, -8.37583329999995 ], [ -62.533738899999904, -8.37593169999997 ], [ -62.5336737, -8.37602639999994 ], [ -62.533602899999899, -8.376116799999981 ], [ -62.5335266, -8.376202699999959 ], [ -62.5334452, -8.37628379999995 ], [ -62.533359, -8.37635969999997 ], [ -62.5332683, -8.37643029999998 ], [ -62.5331735, -8.376495099999939 ], [ -62.5330748, -8.376554 ], [ -62.5329727, -8.37660669999997 ], [ -62.5328676, -8.376653 ], [ -62.5327599, -8.37669289999997 ], [ -62.5326499, -8.376726 ], [ -62.532538, -8.37675239999993 ], [ -62.532424799999902, -8.37677179999997 ], [ -62.5323106, -8.376784199999969 ], [ -62.5321958, -8.376789699999961 ], [ -62.532080999999899, -8.37678809999994 ], [ -62.5319664, -8.376779399999981 ], [ -62.5318526, -8.37676369999997 ], [ -62.53174, -8.376741099999951 ], [ -62.5316289, -8.376711599999959 ], [ -62.5315199, -8.37667539999995 ], [ -62.531413299999898, -8.376632499999969 ], [ -62.5313095, -8.37658319999997 ], [ -62.531208999999897, -8.376527599999971 ], [ -62.5311121, -8.376466 ], [ -62.5310191, -8.37639849999994 ], [ -62.530930399999903, -8.37632549999995 ], [ -62.5308464, -8.37624709999994 ], [ -62.5304791, -8.37567059999998 ], [ -62.5303908, -8.37550759999993 ], [ -62.5302968, -8.37534789999995 ], [ -62.530197, -8.37519159999994 ], [ -62.530091599999899, -8.375039099999981 ], [ -62.529980899999899, -8.374890499999941 ], [ -62.5298648, -8.37474589999994 ], [ -62.5297436, -8.374605699999959 ], [ -62.5296173999999, -8.37446989999995 ], [ -62.529486399999897, -8.374338699999949 ], [ -62.5293507, -8.37421239999998 ], [ -62.5292105999999, -8.374091 ], [ -62.529066199999903, -8.37397479999993 ], [ -62.5289177, -8.37386389999995 ], [ -62.5287653, -8.37375829999996 ], [ -62.528609199999899, -8.37365839999995 ], [ -62.5284495, -8.373564199999979 ], [ -62.5282941, -8.373479799999931 ], [ -62.528286599999902, -8.37347569999997 ], [ -62.5281206, -8.373393199999949 ], [ -62.5279517, -8.373316799999939 ], [ -62.527780199999903, -8.37324649999994 ], [ -62.5276062, -8.37318239999996 ], [ -62.527430099999897, -8.37312469999995 ], [ -62.5271043, -8.373077799999979 ], [ -62.5267147, -8.373062199999939 ], [ -62.5265724, -8.37308369999994 ], [ -62.5264313, -8.37311219999998 ], [ -62.526291899999897, -8.37314759999998 ], [ -62.5261543, -8.37318969999995 ], [ -62.526018899999897, -8.373238599999979 ], [ -62.5258861, -8.373294 ], [ -62.525756199999897, -8.37335589999998 ], [ -62.5256295, -8.373424099999969 ], [ -62.525506199999903, -8.37349839999996 ], [ -62.5253868, -8.37357859999997 ], [ -62.5252714, -8.37366459999993 ], [ -62.525160399999898, -8.373756199999949 ], [ -62.525054, -8.373853099999961 ], [ -62.5249525, -8.373955099999931 ], [ -62.5248561, -8.374062 ], [ -62.5247651, -8.374173399999959 ], [ -62.5246797, -8.374289199999961 ], [ -62.5246, -8.37440909999998 ], [ -62.524526299999899, -8.374532699999969 ], [ -62.5244587, -8.37465969999994 ], [ -62.5243975, -8.37479 ], [ -62.5243427, -8.374923 ], [ -62.524294499999897, -8.37505859999993 ], [ -62.5242531, -8.37519639999994 ], [ -62.524218399999903, -8.37533609999997 ], [ -62.524190599999898, -8.37547729999994 ], [ -62.5241698, -8.375619699999961 ], [ -62.5241559, -8.375762899999931 ], [ -62.5241492, -8.37590669999997 ], [ -62.524149399999899, -8.37605059999993 ], [ -62.5241568, -8.37619429999995 ], [ -62.524171099999897, -8.37633749999998 ], [ -62.5241925, -8.37647979999997 ], [ -62.5242208, -8.376620899999979 ], [ -62.524256099999903, -8.37676039999997 ], [ -62.5242981, -8.376898 ], [ -62.524346799999897, -8.377033399999959 ], [ -62.5244099, -8.377249399999929 ], [ -62.524479, -8.37746359999994 ], [ -62.524554, -8.37767579999996 ], [ -62.5246349, -8.377885799999939 ], [ -62.5247216, -8.378093399999949 ], [ -62.5248139, -8.37829859999994 ], [ -62.524912, -8.37850119999996 ], [ -62.5250156, -8.378700899999959 ], [ -62.5251246999999, -8.378897799999949 ], [ -62.5252393, -8.37909149999996 ], [ -62.5257791, -8.379775599999959 ], [ -62.5258593, -8.37986049999995 ], [ -62.526161499999901, -8.380180499999939 ], [ -62.5264589, -8.38052139999996 ], [ -62.526519999999898, -8.38061359999995 ], [ -62.5265754, -8.38070929999998 ], [ -62.526625, -8.38080819999993 ], [ -62.526668599999901, -8.380909899999949 ], [ -62.5267059, -8.381014099999961 ], [ -62.526736899999896, -8.38112029999996 ], [ -62.5267615, -8.38122809999993 ], [ -62.526779599999898, -8.381337299999929 ], [ -62.5267911, -8.38144729999993 ], [ -62.5267959, -8.381557799999941 ], [ -62.5267941, -8.38166839999997 ], [ -62.526785699999898, -8.381778699999931 ], [ -62.5267706, -8.381888299999961 ], [ -62.526749, -8.381996799999969 ], [ -62.5267209, -8.38210379999998 ], [ -62.5266864, -8.38220889999997 ], [ -62.526645599999902, -8.38231179999997 ], [ -62.5265988, -8.382412 ], [ -62.526545999999897, -8.38250919999996 ], [ -62.5264875, -8.38260309999993 ], [ -62.526423399999899, -8.382693299999969 ], [ -62.526354, -8.38277949999997 ], [ -62.5262796, -8.38286129999995 ], [ -62.526200399999901, -8.38293849999997 ], [ -62.5261311, -8.382998399999961 ], [ -62.526116699999903, -8.383010899999929 ], [ -62.526028799999899, -8.383078 ], [ -62.525936199999897, -8.383140399999951 ], [ -62.5258401, -8.38319689999997 ], [ -62.525740599999899, -8.383247599999949 ], [ -62.5256383, -8.383292099999951 ], [ -62.525533499999902, -8.383330399999981 ], [ -62.525426599999903, -8.38336219999997 ], [ -62.525317899999898, -8.38338739999995 ], [ -62.525207899999899, -8.38340609999995 ], [ -62.5184725, -8.38473819999996 ], [ -62.508253399999901, -8.37260189999995 ], [ -62.5008286, -8.366127699999939 ], [ -62.4926887, -8.36436009999994 ], [ -62.486948, -8.35921219999994 ], [ -62.484975206999898, -8.356178520999951 ], [ -62.4827463, -8.352751 ], [ -62.47909562, -8.346006004999939 ], [ -62.478915599999901, -8.345673399999949 ], [ -62.4729699, -8.34075279999996 ], [ -62.465474599999901, -8.33974 ], [ -62.465006252, -8.340015723999951 ], [ -62.458949899999901, -8.34358119999996 ], [ -62.456498713, -8.346226642999969 ], [ -62.454981956, -8.34786360099997 ], [ -62.4537688, -8.34917289999993 ], [ -62.453584779, -8.349463164999969 ], [ -62.451463269, -8.35280952599993 ], [ -62.4499567189999, -8.355185880999951 ], [ -62.445330399999897, -8.362483199999931 ], [ -62.439723899999898, -8.367898 ], [ -62.4322478, -8.372028099999969 ], [ -62.4245582, -8.374985 ], [ -62.416220699999897, -8.376627599999949 ], [ -62.4082458, -8.377448099999979 ], [ -62.405995423, -8.37672413299993 ], [ -62.401258108, -8.37520009499997 ], [ -62.4000243999999, -8.37480319999997 ], [ -62.398650991999901, -8.374896090999931 ], [ -62.3923627, -8.37532139999996 ], [ -62.3840279, -8.37755579999993 ], [ -62.373820095, -8.38293567899996 ], [ -62.372670029999902, -8.38354180499994 ], [ -62.3705495, -8.384659399999981 ], [ -62.3650823, -8.39102209999993 ], [ -62.3647189, -8.39166138799993 ], [ -62.3608035, -8.39854929999996 ], [ -62.3599712, -8.406997599999951 ], [ -62.360177423, -8.40975411799997 ], [ -62.360454681, -8.41346012899993 ], [ -62.361209849, -8.42355421299993 ], [ -62.36122, -8.423689899999941 ], [ -62.362900081, -8.42788322799993 ], [ -62.367133599999903, -8.43844969999998 ], [ -62.3692809, -8.446119099999979 ], [ -62.3695562, -8.454196699999949 ], [ -62.3676697, -8.46272909999993 ], [ -62.3651082, -8.47062619999997 ], [ -62.3637203, -8.478227199999941 ], [ -62.363922815, -8.48334854999996 ], [ -62.363980692, -8.484812182999971 ], [ -62.3640237, -8.48589979999997 ], [ -62.364985595999897, -8.48953479299996 ], [ -62.3660512, -8.49356169999993 ], [ -62.3600833, -8.50636439999994 ], [ -62.353977799999903, -8.511701399999939 ], [ -62.3503749, -8.512292726999929 ], [ -62.344888399999903, -8.513193199999931 ], [ -62.3373587, -8.516638899999981 ], [ -62.3332224, -8.52776279999995 ], [ -62.335137, -8.53718379999998 ], [ -62.334880569999903, -8.54006339399996 ], [ -62.3343346, -8.54619439999993 ], [ -62.330508391, -8.553097651999961 ], [ -62.3294127, -8.555074499999931 ], [ -62.3258046999999, -8.56370739999994 ], [ -62.3277245, -8.57253659999998 ], [ -62.3341394999999, -8.57954309999997 ], [ -62.334900435999899, -8.580675430999969 ], [ -62.336635730999902, -8.583257682999941 ], [ -62.3390795, -8.586894199999961 ], [ -62.341998499999903, -8.594843199999961 ], [ -62.341084, -8.602828799999941 ], [ -62.340973592999902, -8.60296728299994 ], [ -62.339089924999897, -8.60532996199993 ], [ -62.338070741, -8.60660832099995 ], [ -62.3357776, -8.60948459999997 ], [ -62.325815717, -8.61606874799998 ], [ -62.3205897, -8.61952279999997 ], [ -62.3201398859999, -8.619675401999929 ], [ -62.314266943, -8.62166782699995 ], [ -62.312027999999898, -8.622427399999941 ], [ -62.304136, -8.62884529999997 ], [ -62.289502399999897, -8.639096599999959 ], [ -62.287589278, -8.63897835899996 ], [ -62.2813040999999, -8.638589899999941 ], [ -62.2793343, -8.629169899999971 ], [ -62.282660111, -8.621800696999969 ], [ -62.2833035, -8.620375099999929 ], [ -62.289586299999897, -8.613453799999951 ], [ -62.294307699999898, -8.60544079999994 ], [ -62.2932829, -8.595991 ], [ -62.2893569, -8.588904499999961 ], [ -62.2811975, -8.586419399999951 ], [ -62.2760746599999, -8.58383698699993 ], [ -62.2742794, -8.582932 ], [ -62.273696151, -8.582155899999981 ], [ -62.268888499999903, -8.57575859999997 ], [ -62.266510185, -8.576391558999941 ], [ -62.26559255, -8.57663576799996 ], [ -62.2657127639999, -8.57745239099995 ], [ -62.265588612, -8.579244351999931 ], [ -62.265068449, -8.581213380999939 ], [ -62.265070583, -8.58121688599994 ], [ -62.2651145, -8.58121579999994 ], [ -62.263274599999903, -8.58454329999995 ], [ -62.261334, -8.58551629999994 ], [ -62.2602199, -8.587804899999981 ], [ -62.2577735, -8.589334799999961 ], [ -62.2560937, -8.591015899999951 ], [ -62.2548012, -8.59195729999993 ], [ -62.2519957, -8.592810899999961 ], [ -62.2508319, -8.591943 ], [ -62.2469419, -8.592608199999971 ], [ -62.245611799999899, -8.593747399999931 ], [ -62.244335099999901, -8.598545299999961 ], [ -62.243027599999898, -8.60026419999997 ], [ -62.2411951, -8.604574299999969 ], [ -62.241034699999901, -8.60814439999996 ], [ -62.242583599999897, -8.612378399999949 ], [ -62.238557699999902, -8.619950099999929 ], [ -62.2385029, -8.621979 ], [ -62.2409981, -8.62472189999994 ], [ -62.2436451, -8.628543 ], [ -62.243777, -8.63087769999993 ], [ -62.242527799999898, -8.634888199999979 ], [ -62.2406932, -8.63780819999994 ], [ -62.2408066, -8.640124599999981 ], [ -62.2413599, -8.644068899999979 ], [ -62.242696099999897, -8.64752569999996 ], [ -62.2447794999999, -8.65053689999996 ], [ -62.2449941, -8.65162179999993 ], [ -62.2428341, -8.65465889999996 ], [ -62.2394465, -8.65799889999994 ], [ -62.2370556, -8.663485099999949 ], [ -62.2374473, -8.66559849999993 ], [ -62.2385009, -8.666773899999949 ], [ -62.2386089, -8.66879849999998 ], [ -62.241219999999899, -8.67016439999998 ], [ -62.240831699999902, -8.671936399999939 ], [ -62.2418322, -8.67321319999996 ], [ -62.2429468999999, -8.673440899999949 ], [ -62.2436393, -8.676827199999931 ], [ -62.2446361, -8.677146099999961 ], [ -62.245254799999898, -8.677920699999961 ], [ -62.2455874, -8.680321799999939 ], [ -62.244110299999903, -8.68378319999994 ], [ -62.243939699999899, -8.686443099999959 ], [ -62.2445865, -8.68894669999997 ], [ -62.245861799999901, -8.689905099999979 ], [ -62.2517996, -8.68928539999996 ], [ -62.2538838, -8.690608699999929 ], [ -62.2581134, -8.690716699999941 ], [ -62.259784599999897, -8.69161309999993 ], [ -62.265607799999898, -8.69473649999998 ], [ -62.267169899999899, -8.696287499999929 ], [ -62.269217899999902, -8.696834299999979 ], [ -62.2721424, -8.700845499999961 ], [ -62.2725392, -8.701038599999951 ], [ -62.274466, -8.701976299999959 ], [ -62.2774416, -8.70253879999996 ], [ -62.289639399999899, -8.700039 ], [ -62.292389399999898, -8.700346699999949 ], [ -62.300252199999903, -8.70357059999998 ], [ -62.3027474, -8.70419519999996 ], [ -62.312168, -8.70437739999994 ], [ -62.3188311, -8.705262699999929 ], [ -62.3269342, -8.708324699999929 ], [ -62.330784499999901, -8.709301 ], [ -62.333111599999903, -8.708946199999961 ], [ -62.337747599999901, -8.70733029999997 ], [ -62.343281299999902, -8.70285219999994 ], [ -62.3450305, -8.700139 ], [ -62.345749199999901, -8.695234699999959 ], [ -62.3437464, -8.686973 ], [ -62.345223, -8.678949099999951 ], [ -62.3479720999999, -8.67661349999997 ], [ -62.3558871, -8.674598399999979 ], [ -62.3583633, -8.674740699999971 ], [ -62.363416, -8.673533 ], [ -62.3659724, -8.67233919999995 ], [ -62.3667692, -8.672677599999931 ], [ -62.3672193, -8.67286879999995 ], [ -62.3676775, -8.674707 ], [ -62.364511, -8.67813379999996 ], [ -62.364249, -8.679913299999949 ], [ -62.3619433, -8.684197599999949 ], [ -62.3630079, -8.685355 ], [ -62.3648365, -8.684252099999981 ], [ -62.3654129, -8.687273599999971 ], [ -62.3671092, -8.68834479999998 ], [ -62.3671985, -8.69063489999996 ], [ -62.366807, -8.691904499999961 ], [ -62.3647508, -8.69266789999995 ], [ -62.365557099999897, -8.698162599999931 ], [ -62.3634665, -8.701493699999959 ], [ -62.3629142, -8.703503299999969 ], [ -62.3657034, -8.70373349999994 ], [ -62.366775, -8.70551989999996 ], [ -62.3668928, -8.70871249999993 ], [ -62.3676128, -8.709690199999949 ], [ -62.3719755, -8.71170909999995 ], [ -62.3733275, -8.71322709999993 ], [ -62.373834799999898, -8.714774199999971 ], [ -62.373112999999897, -8.71663359999997 ], [ -62.369107299999897, -8.71886809999995 ], [ -62.3699506, -8.71991289999994 ], [ -62.372418, -8.720460499999939 ], [ -62.372889299999898, -8.722464899999981 ], [ -62.3744993, -8.72328709999994 ], [ -62.3778268, -8.72829079999997 ], [ -62.375689899999898, -8.72862379999998 ], [ -62.3721222, -8.72782019999994 ], [ -62.3708895, -8.72805649999998 ], [ -62.3722258, -8.73008579999993 ], [ -62.375193099999898, -8.732043699999959 ], [ -62.3738165, -8.73202359999993 ], [ -62.3698335, -8.735275299999961 ], [ -62.366891199999898, -8.73710359999995 ], [ -62.3666104, -8.73795909999996 ], [ -62.3675526, -8.739396499999939 ], [ -62.3694986, -8.739830099999949 ], [ -62.3709176, -8.74072179999996 ], [ -62.3691269, -8.74355689999993 ], [ -62.3729772, -8.745723599999961 ], [ -62.3758841, -8.74611639999995 ], [ -62.3799758, -8.74495379999996 ], [ -62.3866917, -8.742086 ], [ -62.394551099999902, -8.740304699999969 ], [ -62.4016109, -8.74213479999997 ], [ -62.4057501, -8.745533199999951 ], [ -62.408661299999899, -8.74724389999994 ], [ -62.4100022, -8.74297969999998 ], [ -62.411143799999898, -8.74076209999993 ], [ -62.4166428, -8.735986099999931 ], [ -62.420667, -8.73461889999993 ], [ -62.431169699999899, -8.736783499999939 ], [ -62.4352211, -8.736941299999961 ], [ -62.4368309, -8.738585499999941 ], [ -62.439456699999901, -8.74033339999994 ], [ -62.4416274, -8.743056899999941 ], [ -62.4440068, -8.74764319999997 ], [ -62.444430699999899, -8.74986019999994 ], [ -62.445661899999898, -8.752319799999951 ], [ -62.447999799999899, -8.75298939999993 ], [ -62.4488903, -8.754490899999951 ], [ -62.4485768, -8.756939799999939 ], [ -62.4467362, -8.763149399999969 ], [ -62.446773999999898, -8.76668939999996 ], [ -62.4481417, -8.768305599999961 ], [ -62.449409, -8.768827899999961 ], [ -62.4511906, -8.769253799999939 ], [ -62.463231699999902, -8.771528199999979 ], [ -62.468207699999901, -8.771948499999951 ], [ -62.4719423, -8.77174659999997 ], [ -62.4799345, -8.764317099999969 ], [ -62.4818049, -8.761428499999971 ], [ -62.4856450999999, -8.758333299999951 ], [ -62.4862716, -8.75523619999996 ], [ -62.4841056, -8.74676089999997 ], [ -62.4841112, -8.742419499999929 ], [ -62.4849492, -8.73746369999998 ], [ -62.488506099999903, -8.73007669999993 ], [ -62.4912614, -8.72880249999997 ], [ -62.4932582, -8.729744199999971 ], [ -62.4942495, -8.730211699999931 ], [ -62.4983766, -8.73018019999995 ], [ -62.502831199999903, -8.73187269999994 ], [ -62.508179299999902, -8.73531669999994 ], [ -62.5090254, -8.735862499999939 ], [ -62.516028199999901, -8.739271299999929 ], [ -62.521308599999898, -8.74279779999995 ], [ -62.5276128, -8.74775879999993 ], [ -62.5323387, -8.750444699999949 ], [ -62.536361499999899, -8.751521599999929 ], [ -62.5426108999999, -8.750951799999941 ], [ -62.5525603, -8.75101669999998 ], [ -62.5536693, -8.749396 ], [ -62.5548067, -8.74632 ], [ -62.559531799999903, -8.74074049999996 ], [ -62.5623588999999, -8.74113269999998 ], [ -62.5701331, -8.74572309999996 ], [ -62.5702982, -8.74582059999994 ], [ -62.573305499999897, -8.746774799999971 ], [ -62.576349299999897, -8.745568799999941 ], [ -62.5805907, -8.745005 ], [ -62.581947899999903, -8.74504439999993 ], [ -62.585275599999903, -8.74837969999993 ], [ -62.586481299999903, -8.751579199999981 ], [ -62.5888078, -8.755131899999981 ], [ -62.588195599999899, -8.763214099999971 ], [ -62.5893608, -8.763323 ], [ -62.590527699999903, -8.760317199999969 ], [ -62.593257999999899, -8.757030199999971 ], [ -62.5968814, -8.75513829999994 ], [ -62.5983368999999, -8.753647599999971 ], [ -62.599532199999899, -8.751440899999981 ], [ -62.6038589, -8.75032209999995 ], [ -62.6066575, -8.750498 ], [ -62.6096365, -8.752069699999939 ], [ -62.6128074, -8.75517369999994 ], [ -62.6185846, -8.757761799999971 ], [ -62.6219435, -8.758305 ], [ -62.6258682, -8.757763899999929 ], [ -62.6278325, -8.77504019999998 ], [ -62.6292562, -8.776448 ], [ -62.631228399999898, -8.77735859999996 ], [ -62.632978799999897, -8.777165299999981 ], [ -62.645252, -8.775809599999951 ], [ -62.651159699999901, -8.77605319999998 ], [ -62.6550318, -8.776214099999949 ], [ -62.6565312, -8.778441 ], [ -62.6568903, -8.78136009999997 ], [ -62.6576401, -8.78314159999996 ], [ -62.6607799, -8.78479649999997 ], [ -62.662553699999897, -8.786393699999961 ], [ -62.663193099999901, -8.790055 ], [ -62.663280799999903, -8.79648159999994 ], [ -62.6646962, -8.797906299999971 ], [ -62.6678795, -8.799161899999939 ], [ -62.6722541, -8.79956849999996 ], [ -62.6744964, -8.799114 ], [ -62.6773951, -8.80013189999994 ], [ -62.6852684, -8.80422 ], [ -62.6923616999999, -8.80869039999993 ], [ -62.700862, -8.811741299999939 ], [ -62.7037503, -8.813195499999949 ], [ -62.70714, -8.813509499999951 ], [ -62.7111093, -8.81287489999994 ], [ -62.7154720999999, -8.81127349999997 ], [ -62.7186447, -8.809359499999969 ], [ -62.7216708, -8.80467329999993 ], [ -62.7246397, -8.801414699999951 ], [ -62.726560199999902, -8.80000249999995 ], [ -62.730421099999901, -8.799134299999929 ], [ -62.734116599999901, -8.80004209999993 ], [ -62.735948, -8.801404 ], [ -62.7384771, -8.80215959999998 ], [ -62.7431132, -8.801356599999959 ], [ -62.7540867, -8.79784079999996 ], [ -62.7641358, -8.798063 ], [ -62.762318, -8.796592899999951 ], [ -62.760975599999902, -8.794808699999979 ], [ -62.7591368, -8.790489399999959 ], [ -62.755950799999901, -8.78028889999996 ], [ -62.7561964, -8.77833229999993 ], [ -62.7581661, -8.777815 ], [ -62.761525499999898, -8.779012899999939 ], [ -62.7597345, -8.77528169999994 ], [ -62.761366, -8.773573099999959 ], [ -62.7631737, -8.77308719999996 ], [ -62.764442899999899, -8.772206 ], [ -62.7638879, -8.76718579999994 ], [ -62.7653655, -8.763886499999961 ], [ -62.7675867, -8.76054709999994 ], [ -62.766551799999903, -8.75895329999997 ], [ -62.760597, -8.757170099999939 ], [ -62.7576792, -8.75572219999998 ], [ -62.7531197, -8.752767699999939 ], [ -62.7520023, -8.750869899999939 ], [ -62.7563886, -8.74878729999995 ], [ -62.756560299999897, -8.747275 ], [ -62.7596561, -8.73941809999997 ], [ -62.759336899999902, -8.734545299999979 ], [ -62.7679769, -8.733524399999959 ], [ -62.7692835, -8.730679 ], [ -62.7694183, -8.724469899999971 ], [ -62.7704722, -8.72212829999995 ], [ -62.777977399999898, -8.719713599999981 ], [ -62.780113099999902, -8.71664189999996 ], [ -62.780448299999897, -8.71424079999997 ], [ -62.777675, -8.708784 ], [ -62.774498799999897, -8.70703339999994 ], [ -62.7682659, -8.707105799999971 ], [ -62.7646414, -8.70805479999996 ], [ -62.7616154, -8.71045649999996 ], [ -62.7607273, -8.71324229999993 ], [ -62.7630323, -8.71579069999996 ], [ -62.7655872999999, -8.716251 ], [ -62.7696126, -8.714987 ], [ -62.772416399999898, -8.714853299999961 ], [ -62.773750699999901, -8.717360299999941 ], [ -62.772836299999902, -8.71867759999998 ], [ -62.7696184, -8.719102499999959 ], [ -62.765168399999901, -8.718461 ], [ -62.763998399999899, -8.71977249999998 ], [ -62.7640537999999, -8.721818799999941 ], [ -62.761833099999897, -8.726270399999979 ], [ -62.7599531, -8.726339199999931 ], [ -62.7577237, -8.724307599999969 ], [ -62.7568937, -8.717372 ], [ -62.753281899999898, -8.70890269999995 ], [ -62.752589, -8.70380659999995 ], [ -62.753191199999897, -8.70157369999993 ], [ -62.7555272, -8.699285199999959 ], [ -62.756721, -8.698988899999961 ], [ -62.759251699999901, -8.697171699999959 ], [ -62.7621695, -8.69372379999993 ], [ -62.762862799999901, -8.689944699999961 ], [ -62.7623884, -8.689132899999951 ], [ -62.755647, -8.68454719999994 ], [ -62.7546364, -8.68525049999994 ], [ -62.752003699999896, -8.68888689999994 ], [ -62.750751599999901, -8.68968159999997 ], [ -62.7492523, -8.690128699999949 ], [ -62.7470802, -8.68982749999998 ], [ -62.745341499999903, -8.688776099999931 ], [ -62.7451147, -8.68700359999997 ], [ -62.7476427, -8.680748899999969 ], [ -62.7475044, -8.67918549999996 ], [ -62.74564, -8.67796789999994 ], [ -62.741314, -8.678916299999971 ], [ -62.739280199999897, -8.67803329999998 ], [ -62.735693599999898, -8.675063499999959 ], [ -62.7360002, -8.67035229999993 ], [ -62.735504299999903, -8.667673 ], [ -62.733586, -8.662252 ], [ -62.7331952, -8.65936009999996 ], [ -62.7329601, -8.657612799999979 ], [ -62.7317733, -8.65601389999995 ], [ -62.7283191, -8.65500989999992 ], [ -62.7264663999999, -8.65862939999994 ], [ -62.7221943, -8.659308799999961 ], [ -62.7195824, -8.658376 ], [ -62.717137299999898, -8.65675709999994 ], [ -62.7165911, -8.654521399999959 ], [ -62.7207273, -8.652722 ], [ -62.7257853, -8.64948809999993 ], [ -62.7287904, -8.649198599999981 ], [ -62.7369742, -8.651150199999959 ], [ -62.7381144, -8.64898029999995 ], [ -62.739835099999901, -8.641948199999939 ], [ -62.739859399999901, -8.64005909999997 ], [ -62.737781799999901, -8.639782299999981 ], [ -62.7358626, -8.64053369999993 ], [ -62.7327509, -8.640692399999979 ], [ -62.7264775, -8.64257739999994 ], [ -62.7256424999999, -8.64179939999997 ], [ -62.727123499999898, -8.639744299999959 ], [ -62.733107699999898, -8.633852799999939 ], [ -62.7370443, -8.632394199999959 ], [ -62.7455047999999, -8.62799389999998 ], [ -62.749202099999899, -8.629073 ], [ -62.752587199999901, -8.62883479999994 ], [ -62.7536112, -8.629492199999961 ], [ -62.755248499999901, -8.62803 ], [ -62.7565258, -8.62401779999993 ], [ -62.7569161, -8.619259399999979 ], [ -62.7543102, -8.61547159999998 ], [ -62.7497238, -8.61394039999993 ], [ -62.7469763, -8.613805499999961 ], [ -62.744837699999898, -8.612887899999979 ], [ -62.7421103, -8.609696299999939 ], [ -62.7418061, -8.60710829999994 ], [ -62.744693299999902, -8.606295 ], [ -62.749615199999901, -8.60650259999994 ], [ -62.7500906, -8.604702799999931 ], [ -62.754167, -8.602263099999959 ], [ -62.7580065, -8.598464299999931 ], [ -62.7635336, -8.596952299999939 ], [ -62.766758099999898, -8.59532579999996 ], [ -62.767389799999897, -8.59431019999994 ], [ -62.7678375, -8.592099699999951 ], [ -62.7694787, -8.591124 ], [ -62.770311299999896, -8.592197 ], [ -62.7706398, -8.59382309999995 ], [ -62.769667599999899, -8.59696709999997 ], [ -62.7703531, -8.59866749999998 ], [ -62.774284099999903, -8.60403289999994 ], [ -62.777115599999902, -8.604266699999931 ], [ -62.778474199999899, -8.60317659999993 ], [ -62.7834205, -8.596764499999949 ], [ -62.784392399999902, -8.59404259999997 ], [ -62.7826362, -8.592722299999931 ], [ -62.779167899999898, -8.591281399999961 ], [ -62.7769157, -8.590983399999971 ], [ -62.7749711, -8.589767399999969 ], [ -62.7737271, -8.588195 ], [ -62.7732536, -8.585012 ], [ -62.773422799999899, -8.58254859999994 ], [ -62.7725894, -8.58073529999996 ], [ -62.7711456, -8.57959559999995 ], [ -62.765794899999896, -8.577054099999939 ], [ -62.7649187, -8.575077199999949 ], [ -62.7668093999999, -8.57278969999993 ], [ -62.7703359, -8.57279279999995 ], [ -62.773027, -8.57325089999995 ], [ -62.777635599999897, -8.572190699999959 ], [ -62.7810004, -8.569171799999941 ], [ -62.781562699999903, -8.565941399999931 ], [ -62.7796921, -8.564891699999979 ], [ -62.777974, -8.565681299999939 ], [ -62.776474999999898, -8.567619399999961 ], [ -62.7741366, -8.568659 ], [ -62.772471, -8.568497899999951 ], [ -62.7702515, -8.567564199999939 ], [ -62.7693593, -8.566742 ], [ -62.7688358999999, -8.56409919999993 ], [ -62.769893099999898, -8.5631 ], [ -62.7742257, -8.56110729999995 ], [ -62.7763113, -8.55852129999994 ], [ -62.778776, -8.557090099999931 ], [ -62.7814754, -8.557127799999931 ], [ -62.783504299999898, -8.558307199999939 ], [ -62.786076799999897, -8.56343049999998 ], [ -62.7864188, -8.568552899999929 ], [ -62.7871549, -8.57111029999993 ], [ -62.791772599999902, -8.57432959999994 ], [ -62.793945, -8.57447909999996 ], [ -62.7944778, -8.57633659999993 ], [ -62.794004399999899, -8.57704369999993 ], [ -62.793892899999904, -8.57850349999995 ], [ -62.7950609, -8.578636299999969 ], [ -62.7997776999999, -8.57612869999997 ], [ -62.804476899999898, -8.57263259999996 ], [ -62.804285999999898, -8.567493599999979 ], [ -62.8034780999999, -8.565528 ], [ -62.8031983, -8.56211919999993 ], [ -62.804252, -8.559754 ], [ -62.805472199999897, -8.559082 ], [ -62.8090016, -8.560040399999931 ], [ -62.811718599999899, -8.564439399999969 ], [ -62.8122749, -8.56417739999995 ], [ -62.8134173, -8.563640299999969 ], [ -62.814277499999903, -8.56182489999998 ], [ -62.8152775, -8.55640359999995 ], [ -62.815999, -8.55467979999997 ], [ -62.816479, -8.554576 ], [ -62.818785299999902, -8.55407789999998 ], [ -62.8184249, -8.55264049999994 ], [ -62.8170306, -8.55167869999997 ], [ -62.816496899999898, -8.55067959999997 ], [ -62.81972, -8.54697029999994 ], [ -62.8205598, -8.545180399999939 ], [ -62.8205467, -8.543865699999969 ], [ -62.8144882, -8.543466499999971 ], [ -62.8129784, -8.54261539999993 ], [ -62.813803699999902, -8.53948569999994 ], [ -62.8150825, -8.53864349999998 ], [ -62.8204643, -8.539405699999969 ], [ -62.8235594, -8.537232499999959 ], [ -62.8261676, -8.53313849999995 ], [ -62.829055599999897, -8.530300499999949 ], [ -62.829392599999899, -8.52488179999995 ], [ -62.8306109, -8.522838499999979 ], [ -62.832081199999898, -8.521713 ], [ -62.8334227, -8.521028499999939 ], [ -62.837532699999898, -8.52176839999993 ], [ -62.8421413, -8.51994919999993 ], [ -62.843562, -8.507849299999981 ], [ -62.840873299999899, -8.50664659999995 ], [ -62.834944199999903, -8.50293039999997 ], [ -62.831866499999897, -8.504081099999951 ], [ -62.826805599999901, -8.503539399999971 ], [ -62.822860999999897, -8.501568099999931 ], [ -62.822333399999899, -8.500356899999931 ], [ -62.9828951, -8.500442 ], [ -63.0016088, -8.500443099999931 ], [ -63.132803399999901, -8.50045079999995 ], [ -63.1948758999999, -8.50045439999997 ], [ -63.2042804, -8.500452899999971 ], [ -63.369480699999897, -8.500453099999961 ], [ -63.3740751, -8.500453099999961 ], [ -63.3772122, -8.50045529999994 ], [ -63.4489373, -8.500432499999929 ], [ -63.4505326, -8.500431799999941 ], [ -63.450975899999897, -8.50292909999996 ], [ -63.4511092, -8.50986229999995 ], [ -63.4520547, -8.51480449999997 ], [ -63.459756399999897, -8.520674 ], [ -63.4627831, -8.52409079999995 ], [ -63.4656217, -8.528566 ], [ -63.467418, -8.53442179999996 ], [ -63.4674769, -8.53854439999998 ], [ -63.466367499999897, -8.545845499999929 ], [ -63.469108999999897, -8.54790069999996 ], [ -63.4753933, -8.55104659999995 ], [ -63.4821703, -8.55852989999994 ], [ -63.4832003, -8.56196929999993 ], [ -63.4820650999999, -8.565340699999981 ], [ -63.4786685, -8.568323299999969 ], [ -63.4727331, -8.57006619999993 ], [ -63.4662523, -8.56998909999993 ], [ -63.4602302, -8.570518499999929 ], [ -63.452283, -8.570264299999961 ], [ -63.4469508, -8.57171569999997 ], [ -63.445203299999903, -8.578895299999941 ], [ -63.445394899999897, -8.58512209999998 ], [ -63.4472537, -8.587943899999971 ], [ -63.4541699, -8.59227289999995 ], [ -63.4591611, -8.59596189999996 ], [ -63.4711555, -8.599593299999979 ], [ -63.483812999999898, -8.60142579999996 ], [ -63.4969971, -8.604066 ], [ -63.504564699999897, -8.607042399999949 ], [ -63.5120358, -8.60885179999997 ], [ -63.5139814999999, -8.61101739999998 ], [ -63.5153182, -8.613535899999929 ], [ -63.515952399999897, -8.61745649999995 ], [ -63.5168709, -8.620037899999939 ], [ -63.517713199999903, -8.62077649999998 ], [ -63.5200586999999, -8.622833199999951 ], [ -63.5229816, -8.62295089999998 ], [ -63.5242261, -8.624116099999981 ], [ -63.5247314, -8.62652189999994 ], [ -63.5240329, -8.629090199999951 ], [ -63.5232614, -8.63061849999997 ], [ -63.5214564999999, -8.634194 ], [ -63.5219254, -8.63699509999998 ], [ -63.5230879, -8.639118 ], [ -63.526762399999903, -8.642848799999969 ], [ -63.5307612, -8.645676499999979 ], [ -63.5335355, -8.645479899999939 ], [ -63.5430074, -8.63300869999995 ], [ -63.5442841, -8.632030699999969 ], [ -63.545752299999897, -8.633376799999949 ], [ -63.546533, -8.635132299999951 ], [ -63.5486485, -8.636444599999949 ], [ -63.5526176, -8.63215709999997 ], [ -63.5554318, -8.62977879999994 ], [ -63.5570038, -8.628692699999929 ], [ -63.561841, -8.627352299999931 ], [ -63.5646174, -8.62717339999995 ], [ -63.5658653, -8.62875139999994 ], [ -63.5669194, -8.63164119999993 ], [ -63.5676763, -8.635925699999969 ], [ -63.5645087, -8.64366789999997 ], [ -63.5643947, -8.645938699999929 ], [ -63.565259599999898, -8.652064699999929 ], [ -63.5632576, -8.655217299999951 ], [ -63.5617022, -8.65655829999997 ], [ -63.5606192, -8.65860939999993 ], [ -63.5626229, -8.66483229999994 ], [ -63.561434, -8.672345699999941 ], [ -63.5622028, -8.678676699999929 ], [ -63.5630393, -8.67904589999995 ], [ -63.5642878, -8.678069299999949 ], [ -63.572426199999903, -8.669383099999949 ], [ -63.574728799999903, -8.66839829999998 ], [ -63.5793072, -8.67028979999998 ], [ -63.5817031999999, -8.66958279999994 ], [ -63.5826203, -8.668480599999951 ], [ -63.5794212, -8.666712 ], [ -63.5775642, -8.66517879999998 ], [ -63.5760898, -8.66257339999993 ], [ -63.5764258, -8.660818199999939 ], [ -63.5785102, -8.659159 ], [ -63.581202699999899, -8.658211 ], [ -63.583201599999903, -8.656725199999929 ], [ -63.585258699999898, -8.65719979999994 ], [ -63.5894223, -8.66050489999998 ], [ -63.590064799999901, -8.662388399999941 ], [ -63.5896182, -8.66450579999997 ], [ -63.5864865, -8.668929099999961 ], [ -63.586669399999899, -8.67188569999996 ], [ -63.5875073999999, -8.67582609999994 ], [ -63.5915901, -8.684719599999941 ], [ -63.5961715, -8.68862769999993 ], [ -63.5994003, -8.69018809999994 ], [ -63.6050407, -8.696315099999939 ], [ -63.6084794, -8.698297399999939 ], [ -63.611296599999903, -8.70183589999994 ], [ -63.6127589, -8.70274149999995 ], [ -63.6133035, -8.70119619999997 ], [ -63.6125592, -8.69710659999993 ], [ -63.6148654, -8.694213199999981 ], [ -63.6161504, -8.69434259999997 ], [ -63.617418, -8.695278099999941 ], [ -63.6204033, -8.69906379999998 ], [ -63.6250496, -8.703381499999979 ], [ -63.6299769, -8.704916 ], [ -63.6360859, -8.709402099999981 ], [ -63.628231399999898, -8.71722909999994 ], [ -63.6271488, -8.719974299999929 ], [ -63.6280126, -8.72560749999997 ], [ -63.630536699999901, -8.72696359999998 ], [ -63.632536199999898, -8.72659509999994 ], [ -63.642595, -8.72213989999995 ], [ -63.6450386, -8.722141099999931 ], [ -63.6472046, -8.72578249999998 ], [ -63.6477611, -8.729047599999941 ], [ -63.651644, -8.73280729999993 ], [ -63.653927, -8.733237899999949 ], [ -63.655094899999902, -8.73204 ], [ -63.6563095, -8.728433499999939 ], [ -63.655952699999901, -8.725122399999981 ], [ -63.654276599999903, -8.72081949999995 ], [ -63.6502346, -8.71743489999994 ], [ -63.6423156, -8.717000799999941 ], [ -63.640341299999903, -8.715845 ], [ -63.642981399999897, -8.71357389999997 ], [ -63.6473968, -8.70852249999996 ], [ -63.650557999999897, -8.706365 ], [ -63.657426799999897, -8.70595219999996 ], [ -63.660831599999902, -8.706749099999969 ], [ -63.6620141, -8.707549 ], [ -63.6639536, -8.70802759999998 ], [ -63.665594499999898, -8.709262 ], [ -63.6664818, -8.712629199999981 ], [ -63.6679233999999, -8.71528769999998 ], [ -63.6701757, -8.715523699999951 ], [ -63.6717268, -8.71469269999994 ], [ -63.672366, -8.71308809999994 ], [ -63.6706483, -8.71103329999994 ], [ -63.6685613, -8.70973969999994 ], [ -63.6676212, -8.707664499999961 ], [ -63.6683399, -8.702952899999961 ], [ -63.6682822, -8.70040869999997 ], [ -63.6689287, -8.69764529999998 ], [ -63.671033, -8.697468599999979 ], [ -63.674382299999898, -8.69801619999993 ], [ -63.6801151, -8.701021 ], [ -63.682783399999899, -8.703977699999941 ], [ -63.6831759, -8.70863079999998 ], [ -63.6820632, -8.712617199999951 ], [ -63.6836140999999, -8.71367079999993 ], [ -63.685590299999902, -8.71300569999994 ], [ -63.6875603, -8.711574599999951 ], [ -63.6953933, -8.70933529999996 ], [ -63.6955393, -8.70617249999998 ], [ -63.6945898, -8.703147 ], [ -63.6944352, -8.700905 ], [ -63.695814299999903, -8.698951 ], [ -63.6970047, -8.699251099999969 ], [ -63.6974008, -8.704697799999961 ], [ -63.6983190999999, -8.706070499999949 ], [ -63.7034763999999, -8.709720599999971 ], [ -63.7056049, -8.71080369999993 ], [ -63.707733399999903, -8.711886799999951 ], [ -63.712034699999897, -8.71616909999995 ], [ -63.7117592, -8.71711069999998 ], [ -63.710900799999898, -8.71765849999997 ], [ -63.7085919, -8.71801009999996 ], [ -63.706099299999899, -8.717135599999949 ], [ -63.7027917999999, -8.71654509999996 ], [ -63.699484299999902, -8.71595459999998 ], [ -63.696207, -8.71608519999995 ], [ -63.694896, -8.720968399999951 ], [ -63.693569399999902, -8.72375059999996 ], [ -63.690989499999901, -8.72741709999997 ], [ -63.6883657, -8.72918849999996 ], [ -63.6869468, -8.73160479999996 ], [ -63.6879499, -8.73381729999994 ], [ -63.6930126, -8.736320899999949 ], [ -63.7006491, -8.74009719999998 ], [ -63.702008299999903, -8.73888109999996 ], [ -63.7036165, -8.736373599999981 ], [ -63.7067306, -8.73628869999993 ], [ -63.7072823, -8.737292399999941 ], [ -63.7073968999999, -8.73750179999996 ], [ -63.707273299999898, -8.74018409999996 ], [ -63.704920899999898, -8.746947699999961 ], [ -63.705142, -8.748938199999939 ], [ -63.7070065, -8.755118099999949 ], [ -63.7060827, -8.758588599999941 ], [ -63.704371099999904, -8.762421499999959 ], [ -63.705671, -8.764156699999941 ], [ -63.7074509, -8.766532699999971 ], [ -63.708704, -8.768901799999981 ], [ -63.7122598, -8.77275189999995 ], [ -63.7136212999999, -8.77269779999995 ], [ -63.714065199999901, -8.771877599999931 ], [ -63.714381499999902, -8.76754369999998 ], [ -63.714815, -8.761603099999951 ], [ -63.715791099999898, -8.758990199999969 ], [ -63.7173726, -8.758121099999929 ], [ -63.718401, -8.757556 ], [ -63.7228238, -8.76188169999995 ], [ -63.7230918, -8.762595899999949 ], [ -63.724033899999903, -8.765106199999931 ], [ -63.724333, -8.767803099999981 ], [ -63.7243662, -8.768103199999929 ], [ -63.723430699999902, -8.77229089999997 ], [ -63.7218435999999, -8.775491 ], [ -63.7206538, -8.77664409999994 ], [ -63.7187608, -8.77674139999993 ], [ -63.712975099999902, -8.777038799999961 ], [ -63.7073909, -8.776277 ], [ -63.704565699999897, -8.77681959999995 ], [ -63.7034906, -8.77546119999994 ], [ -63.7034418, -8.775434 ], [ -63.702993799999902, -8.77578509999995 ], [ -63.7025919, -8.776356699999949 ], [ -63.7022317999999, -8.77703969999993 ], [ -63.7020785, -8.777476499999979 ], [ -63.7020506, -8.77831049999998 ], [ -63.7020367, -8.780204 ], [ -63.702208599999899, -8.78163979999994 ], [ -63.7024815, -8.78338059999993 ], [ -63.7041144, -8.78336609999997 ], [ -63.7040428, -8.784404 ], [ -63.7040671, -8.784565399999959 ], [ -63.7042999, -8.786113899999981 ], [ -63.704398599999898, -8.786770099999959 ], [ -63.7058102, -8.789971799999931 ], [ -63.7069035, -8.79140669999992 ], [ -63.7099962, -8.793880199999929 ], [ -63.7105349, -8.794311099999961 ], [ -63.7106811, -8.79418029999994 ], [ -63.7107798, -8.794092 ], [ -63.7113609, -8.793572 ], [ -63.712178299999898, -8.792840499999951 ], [ -63.7123811, -8.79204789999994 ], [ -63.712889899999901, -8.790059499999931 ], [ -63.713782, -8.790099899999969 ], [ -63.7181469, -8.79029769999994 ], [ -63.719782199999898, -8.79156 ], [ -63.720530499999903, -8.79345929999994 ], [ -63.720893299999901, -8.796811499999929 ], [ -63.7200419, -8.799972399999939 ], [ -63.7190065, -8.80050179999995 ], [ -63.7099842, -8.800336299999969 ], [ -63.7030285, -8.80300059999996 ], [ -63.7002158, -8.804081 ], [ -63.699542199999897, -8.804339699999961 ], [ -63.6994017, -8.80591209999994 ], [ -63.701791899999897, -8.810290299999959 ], [ -63.7030733, -8.813893 ], [ -63.7038707, -8.816135499999969 ], [ -63.7066715999999, -8.820594 ], [ -63.709645, -8.823008299999969 ], [ -63.7118682999999, -8.82352509999993 ], [ -63.716149, -8.82278889999998 ], [ -63.7193414, -8.821647 ], [ -63.723511599999902, -8.826088099999939 ], [ -63.7283436, -8.82835289999997 ], [ -63.727781499999899, -8.83484459999994 ], [ -63.7287113, -8.835239099999971 ], [ -63.731049799999901, -8.833612399999939 ], [ -63.7350058, -8.82988679999994 ], [ -63.737873299999897, -8.824507199999969 ], [ -63.7399538, -8.823099399999929 ], [ -63.742956799999902, -8.823148299999961 ], [ -63.7443388, -8.83416039999997 ], [ -63.7449803, -8.835340699999961 ], [ -63.747365499999901, -8.83712289999994 ], [ -63.7492837, -8.839228299999951 ], [ -63.7489899, -8.842102899999929 ], [ -63.747756299999899, -8.84365939999998 ], [ -63.7450947, -8.845101099999971 ], [ -63.743654299999903, -8.845309199999971 ], [ -63.7419259, -8.843916 ], [ -63.7395951, -8.839045 ], [ -63.7373782, -8.83945759999995 ], [ -63.7312501, -8.84165589999998 ], [ -63.7290616, -8.843042599999929 ], [ -63.7293746, -8.84448819999994 ], [ -63.7335925, -8.844532699999951 ], [ -63.7381794, -8.846011499999969 ], [ -63.7438235, -8.85034709999996 ], [ -63.7492061, -8.851337 ], [ -63.7501493, -8.85329249999995 ], [ -63.7467277, -8.857619 ], [ -63.7443982, -8.858626 ], [ -63.742318699999899, -8.857712699999979 ], [ -63.739902399999899, -8.858498 ], [ -63.73962, -8.860226399999929 ], [ -63.740624099999899, -8.86136079999994 ], [ -63.7433396, -8.86259219999994 ], [ -63.747639, -8.863127399999939 ], [ -63.7478907, -8.86469039999997 ], [ -63.7511756, -8.87237769999996 ], [ -63.7502277, -8.873663099999931 ], [ -63.7449262, -8.87583549999994 ], [ -63.7416471, -8.88032 ], [ -63.7405656, -8.881063099999951 ], [ -63.7400646, -8.87997729999995 ], [ -63.740062099999903, -8.87814109999994 ], [ -63.7410088, -8.875478 ], [ -63.7407022, -8.874209699999939 ], [ -63.738847, -8.874211899999979 ], [ -63.7312987, -8.880159099999959 ], [ -63.7263095, -8.883239399999979 ], [ -63.7228972, -8.88730559999993 ], [ -63.724780199999898, -8.889131799999969 ], [ -63.726926999999897, -8.889759799999981 ], [ -63.734364, -8.88768569999996 ], [ -63.7367121999999, -8.88754849999998 ], [ -63.7361504, -8.89001459999997 ], [ -63.7379825, -8.89159849999993 ], [ -63.739178599999903, -8.89139919999997 ], [ -63.7431467, -8.88748 ], [ -63.7450386, -8.888474699999961 ], [ -63.7449867, -8.892596099999929 ], [ -63.7442586, -8.895404399999959 ], [ -63.7377628, -8.898126 ], [ -63.7368129, -8.89916629999993 ], [ -63.7362173, -8.90138619999993 ], [ -63.7384170999999, -8.905801 ], [ -63.7429825, -8.910856499999969 ], [ -63.7431998, -8.91289479999995 ], [ -63.7394279, -8.919486399999929 ], [ -63.7323653, -8.919355 ], [ -63.7307018, -8.91864169999997 ], [ -63.7285886, -8.918904 ], [ -63.726174699999902, -8.92016589999997 ], [ -63.7241539, -8.92204809999993 ], [ -63.7236129, -8.92405979999995 ], [ -63.7251219, -8.92562789999994 ], [ -63.7273129, -8.926302699999949 ], [ -63.7299518, -8.926038299999959 ], [ -63.731873999999898, -8.925268 ], [ -63.7370379, -8.926398199999941 ], [ -63.741346399999898, -8.92622259999996 ], [ -63.7444799, -8.925410199999931 ], [ -63.7448418, -8.92635689999997 ], [ -63.744095199999897, -8.929042599999949 ], [ -63.742482299999899, -8.93161439999994 ], [ -63.7402575, -8.933752599999931 ], [ -63.7418977, -8.93457519999993 ], [ -63.7482898, -8.93448989999996 ], [ -63.7507621, -8.93397989999994 ], [ -63.7542639, -8.93445189999994 ], [ -63.7547304, -8.935901399999979 ], [ -63.7546229, -8.937625299999979 ], [ -63.753898499999899, -8.939472199999949 ], [ -63.752757, -8.940357899999981 ], [ -63.7509805, -8.93988049999996 ], [ -63.746733, -8.936878299999931 ], [ -63.744929699999901, -8.94638069999996 ], [ -63.740816299999899, -8.95328829999994 ], [ -63.7372874, -8.95696409999994 ], [ -63.735482299999902, -8.956849499999979 ], [ -63.7335313, -8.955062 ], [ -63.7322603, -8.95271649999995 ], [ -63.7305582, -8.95341969999993 ], [ -63.729650999999897, -8.95588589999994 ], [ -63.730569499999902, -8.957568199999971 ], [ -63.734952899999897, -8.96287589999997 ], [ -63.7357928, -8.963023499999959 ], [ -63.7417447, -8.95703389999994 ], [ -63.748809299999898, -8.95694139999995 ], [ -63.7495898, -8.958159799999979 ], [ -63.749124, -8.959474799999949 ], [ -63.7460339, -8.96397039999994 ], [ -63.743038399999897, -8.967285499999949 ], [ -63.7444035, -8.968624299999931 ], [ -63.746278699999898, -8.96914709999993 ], [ -63.751087599999899, -8.969260199999949 ], [ -63.751866199999903, -8.97043579999996 ], [ -63.7532293, -8.97477089999995 ], [ -63.753428799999902, -8.97845769999998 ], [ -63.754258, -8.98053 ], [ -63.7557042, -8.98224109999995 ], [ -63.75734, -8.982851199999971 ], [ -63.759901, -8.98306 ], [ -63.761125299999897, -8.98274709999993 ], [ -63.7625366, -8.97905679999997 ], [ -63.7631219, -8.97391569999996 ], [ -63.7622329, -8.971612299999951 ], [ -63.7642844, -8.97010179999995 ], [ -63.767060899999898, -8.969906299999931 ], [ -63.7681167, -8.971544599999961 ], [ -63.768038299999901, -8.972480299999971 ], [ -63.7670653, -8.976808299999959 ], [ -63.7646089, -8.982489499999931 ], [ -63.763476899999901, -8.98641689999994 ], [ -63.7665699, -8.98937609999996 ], [ -63.7706239, -8.991633299999931 ], [ -63.7745116, -8.996081299999959 ], [ -63.776116499999901, -8.996556599999961 ], [ -63.781061899999898, -8.99558179999997 ], [ -63.7829538, -8.995733799999931 ], [ -63.7836725, -8.99654069999997 ], [ -63.7833995, -8.99817969999998 ], [ -63.7820642, -9.001241099999961 ], [ -63.7804831, -9.001277199999951 ], [ -63.780036499999902, -9.003192699999939 ], [ -63.7770689, -9.004538399999941 ], [ -63.7755304, -9.004065 ], [ -63.772455099999902, -9.001539 ], [ -63.7708195, -9.001207299999979 ], [ -63.7692891, -9.003147599999981 ], [ -63.768728699999897, -9.00496359999994 ], [ -63.7711302, -9.01538039999997 ], [ -63.771834399999896, -9.016220699999961 ], [ -63.7731247, -9.016294799999971 ], [ -63.779628, -9.01026579999996 ], [ -63.7811528, -9.00946249999993 ], [ -63.7840917, -9.009537 ], [ -63.7863935, -9.011215499999929 ], [ -63.7872027, -9.01256839999996 ], [ -63.7834791, -9.019772099999949 ], [ -63.7838752, -9.020654299999929 ], [ -63.7884003, -9.020777099999981 ], [ -63.7903784, -9.02121559999995 ], [ -63.791205799999901, -9.02256619999997 ], [ -63.792982499999901, -9.028039 ], [ -63.7927893, -9.02963219999998 ], [ -63.791308899999898, -9.031096899999969 ], [ -63.7855387, -9.03427059999996 ], [ -63.7849509, -9.03520629999997 ], [ -63.784650499999898, -9.040409199999941 ], [ -63.785254699999903, -9.04234619999994 ], [ -63.787567, -9.044259599999981 ], [ -63.7883944, -9.04427249999998 ], [ -63.7890346, -9.043389899999969 ], [ -63.7891481999999, -9.04088479999996 ], [ -63.790902699999897, -9.041293399999971 ], [ -63.7944835, -9.04474619999996 ], [ -63.796205299999897, -9.045754799999941 ], [ -63.7968688999999, -9.047065 ], [ -63.796927799999899, -9.04962259999996 ], [ -63.795328599999898, -9.051902 ], [ -63.7948425, -9.05522469999994 ], [ -63.793061, -9.05689269999993 ], [ -63.7904907, -9.057498199999941 ], [ -63.7857559, -9.05734389999998 ], [ -63.7810623, -9.05936869999994 ], [ -63.7769061, -9.062344199999931 ], [ -63.7754111, -9.06437929999993 ], [ -63.7752225999999, -9.064940699999971 ], [ -63.7747322, -9.069405199999951 ], [ -63.7756764, -9.071326899999971 ], [ -63.7772901, -9.071738299999939 ], [ -63.7807893, -9.070289699999931 ], [ -63.7820963, -9.069203 ], [ -63.783068699999902, -9.06916119999994 ], [ -63.7828987, -9.070564799999939 ], [ -63.7814526, -9.07262 ], [ -63.7841539, -9.077862499999981 ], [ -63.787274399999902, -9.08271919999993 ], [ -63.7871359, -9.084406399999979 ], [ -63.7841771, -9.08804519999995 ], [ -63.785485999999899, -9.090613499999961 ], [ -63.7899815, -9.093305199999969 ], [ -63.7921843, -9.09956 ], [ -63.7927882, -9.104118399999949 ], [ -63.7925403, -9.10629089999998 ], [ -63.7885946, -9.10977679999996 ], [ -63.7861743, -9.111348 ], [ -63.7824304, -9.11194569999998 ], [ -63.7793172, -9.11022689999993 ], [ -63.7762312999999, -9.11185219999993 ], [ -63.7759561, -9.113463699999951 ], [ -63.7762891, -9.115915199999961 ], [ -63.778708299999899, -9.11857349999997 ], [ -63.7806194, -9.119897 ], [ -63.789158799999903, -9.121788199999971 ], [ -63.7910457999999, -9.12256119999995 ], [ -63.792501699999903, -9.12341419999996 ], [ -63.7946247, -9.125488099999931 ], [ -63.7947644, -9.128874599999961 ], [ -63.7879282, -9.13543189999996 ], [ -63.786708099999899, -9.135739899999979 ], [ -63.7835916, -9.135334 ], [ -63.7820157, -9.13815719999997 ], [ -63.7807332, -9.138584499999981 ], [ -63.7788178, -9.138465 ], [ -63.7770444, -9.13910959999993 ], [ -63.7758744, -9.140809099999959 ], [ -63.7738517, -9.14707289999996 ], [ -63.7701498, -9.15287489999997 ], [ -63.7711217, -9.15435709999997 ], [ -63.7733215, -9.15560679999993 ], [ -63.7754234, -9.15532169999994 ], [ -63.7767626, -9.15625709999995 ], [ -63.7784578, -9.159012099999931 ], [ -63.779564999999899, -9.159589899999959 ], [ -63.7811475, -9.15819409999995 ], [ -63.7827033, -9.157580199999931 ], [ -63.7842368, -9.15833209999994 ], [ -63.7853428, -9.160183199999951 ], [ -63.7845879, -9.16349559999998 ], [ -63.7827353, -9.16496369999993 ], [ -63.7819047999999, -9.16649729999995 ], [ -63.781511099999904, -9.16806109999993 ], [ -63.7832923, -9.17233579999993 ], [ -63.7850735, -9.176610499999979 ], [ -63.7859577, -9.17948409999997 ], [ -63.7857061, -9.18220159999993 ], [ -63.783757, -9.185081299999981 ], [ -63.781491399999901, -9.190963899999931 ], [ -63.781064899999897, -9.19140509999994 ], [ -63.7782639, -9.19186249999996 ], [ -63.7765998, -9.18998429999994 ], [ -63.773688999999898, -9.188019 ], [ -63.770478, -9.186780499999941 ], [ -63.7667987, -9.186727899999941 ], [ -63.763119399999901, -9.18667529999993 ], [ -63.762956099999897, -9.187748 ], [ -63.7648124, -9.189142299999959 ], [ -63.7732715, -9.19332359999993 ], [ -63.775069899999899, -9.19472469999994 ], [ -63.7780988, -9.200685199999951 ], [ -63.777814, -9.20288739999995 ], [ -63.7769625, -9.203104599999961 ], [ -63.7718156, -9.202871199999951 ], [ -63.7715645, -9.203203 ], [ -63.7713133, -9.203534699999979 ], [ -63.7739854, -9.207618 ], [ -63.774514199999899, -9.210601 ], [ -63.7762559, -9.21562659999995 ], [ -63.7760402, -9.217399799999949 ], [ -63.7718806, -9.22178 ], [ -63.7711214999999, -9.223454499999949 ], [ -63.770839899999899, -9.229439499999961 ], [ -63.7719863, -9.23102019999993 ], [ -63.7732893, -9.231029 ], [ -63.775790399999899, -9.229766099999949 ], [ -63.776119799999897, -9.228713899999949 ], [ -63.776950999999897, -9.22815749999995 ], [ -63.7787312, -9.229189199999951 ], [ -63.7805114, -9.230220899999949 ], [ -63.7818454, -9.232976199999939 ], [ -63.7823463, -9.23651449999994 ], [ -63.77879, -9.240620099999941 ], [ -63.7786325, -9.242516599999931 ], [ -63.7796822, -9.246829399999969 ], [ -63.7806485999999, -9.248185599999941 ], [ -63.788589, -9.251244699999971 ], [ -63.7884015, -9.252615 ], [ -63.7870827, -9.255726 ], [ -63.7853393, -9.25772049999995 ], [ -63.7837165, -9.257477899999969 ], [ -63.780085299999897, -9.25491729999993 ], [ -63.778816499999898, -9.25463759999997 ], [ -63.778618799999897, -9.256685899999979 ], [ -63.779784699999901, -9.260621799999971 ], [ -63.778925, -9.262079799999981 ], [ -63.775006, -9.264543 ], [ -63.7735967, -9.26493589999995 ], [ -63.7727311, -9.26396749999998 ], [ -63.770955899999898, -9.257346699999969 ], [ -63.769236099999901, -9.256173 ], [ -63.7651484, -9.256798199999929 ], [ -63.7640962, -9.25729819999998 ], [ -63.7638454, -9.258392899999929 ], [ -63.764872599999897, -9.261603399999959 ], [ -63.766284799999902, -9.26203089999996 ], [ -63.7691244, -9.26196169999997 ], [ -63.7702313, -9.26319379999995 ], [ -63.7676802, -9.268316099999939 ], [ -63.766510599999897, -9.27361609999997 ], [ -63.7636987, -9.27519889999996 ], [ -63.7613449, -9.27812659999995 ], [ -63.761371499999903, -9.27973289999994 ], [ -63.7664851, -9.27935 ], [ -63.7675401, -9.27960469999994 ], [ -63.768595199999901, -9.27985939999996 ], [ -63.7710685, -9.280717599999949 ], [ -63.7762551, -9.28450949999996 ], [ -63.779124399999901, -9.28579029999997 ], [ -63.780034, -9.29238689999994 ], [ -63.783292199999899, -9.293665899999951 ], [ -63.7824833, -9.29495489999994 ], [ -63.7800048, -9.294530499999951 ], [ -63.7776512, -9.293363499999939 ], [ -63.7755955, -9.293018599999931 ], [ -63.7737341, -9.294665 ], [ -63.7780432, -9.306017499999941 ], [ -63.7816276, -9.306259399999931 ], [ -63.7812652, -9.30943929999995 ], [ -63.7827624, -9.317519899999979 ], [ -63.7835393, -9.32507059999995 ], [ -63.7842067999999, -9.32649619999995 ], [ -63.7860727999999, -9.32643579999996 ], [ -63.7859546, -9.32802719999995 ], [ -63.7849588, -9.32923839999995 ], [ -63.7866233, -9.33104709999998 ], [ -63.789871199999901, -9.330032499999961 ], [ -63.790812699999897, -9.330159499999979 ], [ -63.790901899999902, -9.33300339999994 ], [ -63.7900615, -9.33455909999998 ], [ -63.788895899999901, -9.335206 ], [ -63.7872345, -9.33506379999994 ], [ -63.784820599999897, -9.33406729999996 ], [ -63.781708599999902, -9.33544649999993 ], [ -63.778571499999899, -9.337876 ], [ -63.7760655, -9.33871889999995 ], [ -63.7746018, -9.339649 ], [ -63.773138199999899, -9.34057909999996 ], [ -63.7763835, -9.344322099999941 ], [ -63.7781681, -9.347121 ], [ -63.7801992, -9.349249699999969 ], [ -63.782230399999897, -9.35137839999993 ], [ -63.7820715, -9.352460899999929 ], [ -63.7797816, -9.35683559999995 ], [ -63.777760199999904, -9.35846269999996 ], [ -63.7777313, -9.36005079999995 ], [ -63.779959, -9.364119 ], [ -63.779537499999897, -9.36593269999997 ], [ -63.7788427999999, -9.36648659999997 ], [ -63.7780896, -9.36603359999998 ], [ -63.7767557, -9.36381909999994 ], [ -63.772125199999898, -9.359899899999959 ], [ -63.7710355, -9.359653099999949 ], [ -63.7689013, -9.36051359999993 ], [ -63.768093, -9.36126859999996 ], [ -63.7677652, -9.36285329999993 ], [ -63.7686768, -9.36769759999993 ], [ -63.7696253, -9.368743799999949 ], [ -63.7730647, -9.370889499999979 ], [ -63.7744003, -9.371423399999969 ], [ -63.775736, -9.37195739999993 ], [ -63.7780104, -9.372033699999969 ], [ -63.7824593, -9.370356499999961 ], [ -63.784374899999897, -9.370206199999931 ], [ -63.7856528, -9.371919199999979 ], [ -63.7866738, -9.374880499999961 ], [ -63.7827591, -9.37554809999995 ], [ -63.7790896, -9.37689739999996 ], [ -63.7757649, -9.377493499999961 ], [ -63.7737063, -9.37687179999995 ], [ -63.7724511, -9.375994599999959 ], [ -63.7682634, -9.370798 ], [ -63.7667107, -9.37034789999996 ], [ -63.7660837, -9.37051209999993 ], [ -63.7654567, -9.37067629999996 ], [ -63.7708231, -9.378781099999969 ], [ -63.7711224, -9.381153099999951 ], [ -63.770175, -9.38243629999994 ], [ -63.7693111, -9.38280669999995 ], [ -63.765344899999903, -9.38252319999998 ], [ -63.7636472, -9.382811899999981 ], [ -63.759765699999903, -9.38465469999994 ], [ -63.7599307999999, -9.385987 ], [ -63.763039499999898, -9.393243699999971 ], [ -63.7617638, -9.39448149999993 ], [ -63.7575778, -9.395061 ], [ -63.7568275, -9.395165199999949 ], [ -63.750447699999903, -9.39649909999997 ], [ -63.7475107, -9.398704299999959 ], [ -63.7478993, -9.400209799999971 ], [ -63.7507869, -9.40179889999996 ], [ -63.751263499999901, -9.402580599999959 ], [ -63.7537111, -9.40825719999998 ], [ -63.753375199999901, -9.410324699999929 ], [ -63.7479036, -9.40745049999998 ], [ -63.746257899999897, -9.407810099999949 ], [ -63.7435943999999, -9.41099429999997 ], [ -63.7363144, -9.41436029999994 ], [ -63.734455899999901, -9.41698839999998 ], [ -63.7400095, -9.417570299999969 ], [ -63.7424574, -9.41938979999998 ], [ -63.745565, -9.423338 ], [ -63.7445918, -9.424032599999981 ], [ -63.742260799999897, -9.42464189999993 ], [ -63.7408948, -9.42629249999993 ], [ -63.740876399999898, -9.42754069999995 ], [ -63.7391739, -9.42985429999993 ], [ -63.7378469, -9.430889299999929 ], [ -63.7358087, -9.431515699999981 ], [ -63.7358758, -9.433047899999959 ], [ -63.7373689, -9.437877599999981 ], [ -63.7372589, -9.44042329999996 ], [ -63.7368984, -9.44342 ], [ -63.7359777, -9.44532609999993 ], [ -63.733941, -9.44774069999994 ], [ -63.7321223, -9.447724299999949 ], [ -63.729014199999902, -9.446793299999969 ], [ -63.7242406, -9.443082199999941 ], [ -63.7221443, -9.443555 ], [ -63.7200644, -9.44567019999994 ], [ -63.7136892, -9.44774639999997 ], [ -63.711441299999898, -9.448722799999929 ], [ -63.7104595, -9.449889399999959 ], [ -63.711612199999898, -9.45054479999993 ], [ -63.7122012, -9.452075399999959 ], [ -63.711088, -9.455582399999971 ], [ -63.7093164, -9.457649199999929 ], [ -63.7069805, -9.45716079999994 ], [ -63.7055127, -9.45580219999994 ], [ -63.704366999999898, -9.45365529999998 ], [ -63.706932799999898, -9.44349579999994 ], [ -63.7057887, -9.440173299999969 ], [ -63.7033368, -9.436895199999981 ], [ -63.7020896, -9.43430589999997 ], [ -63.6996849, -9.432953899999969 ], [ -63.6964247, -9.43369269999994 ], [ -63.6947876999999, -9.435755699999961 ], [ -63.6918985, -9.437250699999939 ], [ -63.690707, -9.43699139999995 ], [ -63.6881524, -9.433615 ], [ -63.687649, -9.43197759999993 ], [ -63.687479499999903, -9.42721809999995 ], [ -63.6865384, -9.425433799999951 ], [ -63.6863716, -9.42342249999996 ], [ -63.686925, -9.42072349999995 ], [ -63.6861233, -9.41880779999997 ], [ -63.682125799999902, -9.418524499999929 ], [ -63.6805605, -9.417926499999959 ], [ -63.678679299999899, -9.41519169999998 ], [ -63.677088, -9.41395829999993 ], [ -63.6763261, -9.41478619999998 ], [ -63.679091399999898, -9.420424599999929 ], [ -63.678646, -9.42275679999995 ], [ -63.6740066, -9.42394569999993 ], [ -63.6711504, -9.42628879999995 ], [ -63.667011499999902, -9.428595199999959 ], [ -63.6658563, -9.428620299999981 ], [ -63.663949199999898, -9.426814699999969 ], [ -63.6632944999999, -9.427632499999961 ], [ -63.665010799999898, -9.430265799999971 ], [ -63.666565999999897, -9.43073029999994 ], [ -63.6685952999999, -9.430370299999939 ], [ -63.6693112, -9.43072469999993 ], [ -63.6697159, -9.432223 ], [ -63.6717315, -9.433188 ], [ -63.6740369, -9.43829739999995 ], [ -63.673066499999898, -9.441007799999969 ], [ -63.672066899999898, -9.44209739999997 ], [ -63.6709471, -9.442507699999959 ], [ -63.664794599999901, -9.44162819999997 ], [ -63.660040299999899, -9.44162049999994 ], [ -63.658868299999902, -9.440529199999959 ], [ -63.6588757, -9.438785899999971 ], [ -63.659653499999898, -9.436608799999931 ], [ -63.659708099999897, -9.43404709999993 ], [ -63.6583201, -9.43489639999996 ], [ -63.656154399999899, -9.43756879999995 ], [ -63.6545952, -9.437547599999959 ], [ -63.6500698, -9.435958199999961 ], [ -63.649093, -9.43393279999998 ], [ -63.646369799999903, -9.43173969999998 ], [ -63.641239799999902, -9.435543899999971 ], [ -63.640344399999897, -9.43541729999993 ], [ -63.640070099999903, -9.43209719999993 ], [ -63.6439306, -9.422287 ], [ -63.642873699999903, -9.42107549999997 ], [ -63.6416725, -9.421374699999941 ], [ -63.6397842, -9.42322679999995 ], [ -63.6377449, -9.42703839999996 ], [ -63.6339288, -9.43274569999994 ], [ -63.630874499999898, -9.435539299999959 ], [ -63.6282624, -9.437243299999979 ], [ -63.62607, -9.437345299999951 ], [ -63.623928, -9.436288799999939 ], [ -63.621022599999897, -9.437504599999951 ], [ -63.6203472, -9.43693849999994 ], [ -63.620063, -9.43518059999997 ], [ -63.6205394, -9.43274019999996 ], [ -63.6216271, -9.430918599999931 ], [ -63.623281399999897, -9.430661599999951 ], [ -63.6247316, -9.43173949999994 ], [ -63.6248606, -9.429545799999969 ], [ -63.624416499999903, -9.427248 ], [ -63.6234554, -9.42434679999997 ], [ -63.6208506, -9.422235699999931 ], [ -63.618436, -9.421033 ], [ -63.6139873, -9.41861629999994 ], [ -63.6116256, -9.41849069999995 ], [ -63.6107031, -9.421371299999979 ], [ -63.607203899999902, -9.42396259999998 ], [ -63.602480399999898, -9.424037 ], [ -63.599636, -9.42283409999993 ], [ -63.5976497, -9.42555779999998 ], [ -63.5963973, -9.42510339999995 ], [ -63.596229299999898, -9.42365189999998 ], [ -63.5970937, -9.41933709999995 ], [ -63.5956571, -9.414978899999941 ], [ -63.5890926, -9.41104819999993 ], [ -63.582676, -9.41059739999997 ], [ -63.581883199999901, -9.412814399999951 ], [ -63.5824562, -9.41897249999994 ], [ -63.5817079, -9.42062529999993 ], [ -63.5799117, -9.42222779999997 ], [ -63.5759507, -9.42453429999995 ], [ -63.5752841, -9.42791149999994 ], [ -63.576859399999897, -9.43410879999993 ], [ -63.5777014, -9.435562 ], [ -63.5788744, -9.43695809999997 ], [ -63.5815386, -9.43812679999996 ], [ -63.583451099999898, -9.440039199999941 ], [ -63.5823468, -9.44408219999997 ], [ -63.581560099999898, -9.44477879999994 ], [ -63.5813955, -9.444821599999949 ], [ -63.5797448, -9.44432519999998 ], [ -63.5775103, -9.44092869999997 ], [ -63.5770625, -9.43897959999993 ], [ -63.576394299999897, -9.43817749999994 ], [ -63.5727362, -9.437362899999931 ], [ -63.565348, -9.43271789999994 ], [ -63.5632325, -9.43260229999993 ], [ -63.560259899999899, -9.433180799999951 ], [ -63.558152499999899, -9.434667599999949 ], [ -63.5550648, -9.43824909999995 ], [ -63.5548724, -9.442500699999931 ], [ -63.5561532, -9.44394319999998 ], [ -63.5585713, -9.44445389999993 ], [ -63.560009799999897, -9.443183 ], [ -63.5630131, -9.44469069999997 ], [ -63.566315599999903, -9.445522899999959 ], [ -63.5654805, -9.44860319999998 ], [ -63.5612306, -9.44904739999993 ], [ -63.5604572, -9.451335499999971 ], [ -63.5615139, -9.45428029999994 ], [ -63.56159, -9.45655089999997 ], [ -63.5550934, -9.465160399999951 ], [ -63.554091399999898, -9.467060299999959 ], [ -63.5573967999999, -9.46968409999994 ], [ -63.559680899999897, -9.472533299999951 ], [ -63.5589818, -9.47493639999993 ], [ -63.5558379, -9.473920699999949 ], [ -63.5533157, -9.474588199999969 ], [ -63.5532626, -9.482801599999959 ], [ -63.5547156, -9.485083399999951 ], [ -63.5550961, -9.489407099999941 ], [ -63.5578783999999, -9.490483299999941 ], [ -63.5607573, -9.48953929999993 ], [ -63.565430799999902, -9.48982639999997 ], [ -63.5678991999999, -9.49214939999996 ], [ -63.5681557999999, -9.495068199999929 ], [ -63.5656863, -9.49537309999994 ], [ -63.5637125, -9.496821899999929 ], [ -63.5614548, -9.500104 ], [ -63.5600934, -9.499998 ], [ -63.5571475, -9.50183709999993 ], [ -63.5551211, -9.501409 ], [ -63.5533445, -9.50202709999996 ], [ -63.5517248, -9.504149899999961 ], [ -63.5478135, -9.50594089999993 ], [ -63.5475597, -9.507288099999929 ], [ -63.548729099999903, -9.50838 ], [ -63.550263599999901, -9.50845369999996 ], [ -63.5506186, -9.510460799999979 ], [ -63.5513687, -9.511834399999939 ], [ -63.5533498, -9.512758 ], [ -63.5577595, -9.512626399999929 ], [ -63.5585656, -9.514406199999939 ], [ -63.561678399999899, -9.51724979999995 ], [ -63.5619295, -9.52031959999994 ], [ -63.5603968, -9.52313789999994 ], [ -63.5604666, -9.52426209999993 ], [ -63.562957599999898, -9.52805569999998 ], [ -63.5628695, -9.529459 ], [ -63.5591257, -9.53241659999998 ], [ -63.5577021, -9.53301909999993 ], [ -63.5571519, -9.533152599999941 ], [ -63.550845599999903, -9.533765799999969 ], [ -63.5498504, -9.53547739999993 ], [ -63.5514821, -9.53761149999997 ], [ -63.551146399999901, -9.53899389999998 ], [ -63.548551, -9.539953699999961 ], [ -63.548153, -9.540770299999959 ], [ -63.550454199999898, -9.545197299999931 ], [ -63.5505009, -9.54689329999997 ], [ -63.5481533, -9.550835799999961 ], [ -63.5492614, -9.55164639999998 ], [ -63.5517258, -9.552052599999969 ], [ -63.556847499999897, -9.554472899999951 ], [ -63.557815199999901, -9.554215499999939 ], [ -63.5571049, -9.548854199999941 ], [ -63.5578212, -9.54630059999994 ], [ -63.558817099999899, -9.545069 ], [ -63.560538, -9.544701099999941 ], [ -63.56123, -9.545362299999971 ], [ -63.5604005, -9.552442 ], [ -63.5605591, -9.55913889999994 ], [ -63.5614237, -9.560651099999969 ], [ -63.5661295, -9.562823699999971 ], [ -63.5665908, -9.564865199999931 ], [ -63.5659818, -9.56747119999994 ], [ -63.5652618, -9.568471399999961 ], [ -63.5625087, -9.57004439999997 ], [ -63.5628975, -9.571810399999951 ], [ -63.563905, -9.57286269999997 ], [ -63.5650088, -9.57209829999994 ], [ -63.565321299999901, -9.57057739999993 ], [ -63.5670439, -9.57004159999997 ], [ -63.5708202, -9.572656799999949 ], [ -63.5711191, -9.57707349999993 ], [ -63.5718983, -9.578203299999929 ], [ -63.5731777, -9.57900809999995 ], [ -63.576382, -9.57988629999994 ], [ -63.585181599999899, -9.58124539999994 ], [ -63.5879212, -9.582219899999931 ], [ -63.5889849, -9.583126 ], [ -63.5880367, -9.58597219999996 ], [ -63.588674599999898, -9.587580499999939 ], [ -63.5919795, -9.590362299999979 ], [ -63.5927315, -9.591813099999969 ], [ -63.5918464, -9.59568989999997 ], [ -63.5918558, -9.59598949999997 ], [ -63.5953181, -9.598820399999971 ], [ -63.5982628, -9.60045919999993 ], [ -63.601431499999897, -9.60356839999997 ], [ -63.6044881, -9.604012 ], [ -63.605810899999902, -9.603515399999941 ], [ -63.6072012, -9.603629 ], [ -63.6081166, -9.605083199999971 ], [ -63.6091732, -9.607529199999931 ], [ -63.6081207, -9.61015969999994 ], [ -63.6101427, -9.612259799999951 ], [ -63.6140698, -9.61529429999996 ], [ -63.614318, -9.61667929999993 ], [ -63.613791999999897, -9.618051599999941 ], [ -63.611534999999897, -9.620048699999931 ], [ -63.611409, -9.621481499999961 ], [ -63.6135093, -9.623794299999931 ], [ -63.616406, -9.62412339999997 ], [ -63.6194022, -9.62365829999993 ], [ -63.621008399999901, -9.624051299999961 ], [ -63.6222355, -9.625019499999951 ], [ -63.6251506, -9.62455479999994 ], [ -63.625731899999899, -9.626366 ], [ -63.6245876, -9.627851699999949 ], [ -63.6215238, -9.62904489999994 ], [ -63.6200382, -9.63108869999996 ], [ -63.6188600999999, -9.634610299999959 ], [ -63.6171795, -9.63706809999996 ], [ -63.6167104, -9.638545099999931 ], [ -63.6168416, -9.639977 ], [ -63.6180682, -9.640800599999981 ], [ -63.6210684, -9.64043879999997 ], [ -63.6248461, -9.638069599999939 ], [ -63.626148, -9.638686799999959 ], [ -63.6258202, -9.640291 ], [ -63.6244824, -9.641319 ], [ -63.6242088, -9.642906499999979 ], [ -63.625538199999902, -9.64349439999995 ], [ -63.6249832, -9.64480329999998 ], [ -63.6255391, -9.646071799999961 ], [ -63.6253988, -9.64753879999995 ], [ -63.6245724, -9.65044689999996 ], [ -63.6237024, -9.65167169999995 ], [ -63.622286099999897, -9.652058699999939 ], [ -63.6196795, -9.65092069999997 ], [ -63.6182315, -9.65090439999994 ], [ -63.618291499999899, -9.652393599999931 ], [ -63.626073899999902, -9.660314599999939 ], [ -63.6276139, -9.66439479999997 ], [ -63.630402199999899, -9.66817269999996 ], [ -63.631901, -9.668656799999949 ], [ -63.634978799999899, -9.668544 ], [ -63.6367944, -9.66945819999995 ], [ -63.641441299999897, -9.670087099999931 ], [ -63.6419837, -9.67148249999997 ], [ -63.6402065999999, -9.673845 ], [ -63.6402077, -9.675402599999931 ], [ -63.641983799999899, -9.677951299999959 ], [ -63.642150699999902, -9.679536399999961 ], [ -63.6401769, -9.683454799999939 ], [ -63.640008899999899, -9.68806819999998 ], [ -63.640507199999902, -9.68935329999994 ], [ -63.6419887, -9.692234799999939 ], [ -63.6433426, -9.69369689999996 ], [ -63.6446766, -9.69664579999994 ], [ -63.6460147, -9.69819039999993 ], [ -63.6487725, -9.69933069999996 ], [ -63.650517299999898, -9.70220469999998 ], [ -63.6534561, -9.703264099999959 ], [ -63.654228799999899, -9.704483499999981 ], [ -63.654482599999902, -9.707839599999939 ], [ -63.653762899999897, -9.711199599999929 ], [ -63.6537139, -9.71404229999996 ], [ -63.654100099999901, -9.715357099999951 ], [ -63.6542054, -9.71571559999995 ], [ -63.655104299999898, -9.71685029999998 ], [ -63.6565702, -9.717542699999971 ], [ -63.6594828, -9.716210899999959 ], [ -63.661035, -9.71604189999994 ], [ -63.662374, -9.71691539999995 ], [ -63.662904399999903, -9.718543899999929 ], [ -63.6622065, -9.73221109999997 ], [ -63.662924099999898, -9.733689799999979 ], [ -63.665183699999901, -9.73561689999997 ], [ -63.666049, -9.73734929999995 ], [ -63.6676715, -9.740034499999981 ], [ -63.670261799999899, -9.74179179999993 ], [ -63.6716789, -9.742241 ], [ -63.6724538, -9.743522599999951 ], [ -63.6725613999999, -9.74659809999997 ], [ -63.6718691, -9.747811 ], [ -63.6660932, -9.751984099999961 ], [ -63.663663799999902, -9.75413419999995 ], [ -63.6625943, -9.75592229999995 ], [ -63.663323499999898, -9.759078599999951 ], [ -63.665487299999903, -9.76162109999996 ], [ -63.667307, -9.762614799999939 ], [ -63.672630599999898, -9.76347549999997 ], [ -63.6746866, -9.764223399999929 ], [ -63.680181499999897, -9.766830299999979 ], [ -63.6809542, -9.767969099999959 ], [ -63.6812113, -9.77090559999994 ], [ -63.6806787, -9.77405689999995 ], [ -63.6805429, -9.774249 ], [ -63.6805807, -9.774636799999939 ], [ -63.680405999999898, -9.77568009999993 ], [ -63.680982, -9.78019809999995 ], [ -63.6805418, -9.781610899999979 ], [ -63.679177799999898, -9.78242439999997 ], [ -63.6777618, -9.78268009999994 ], [ -63.6744873, -9.782271599999939 ], [ -63.6713872999999, -9.782971399999949 ], [ -63.6714572, -9.78439849999995 ], [ -63.6758148, -9.793376 ], [ -63.678095799999902, -9.79557229999995 ], [ -63.6807772, -9.79751819999996 ], [ -63.6869435, -9.79985659999994 ], [ -63.6881764, -9.800790599999971 ], [ -63.689123499999901, -9.802272399999939 ], [ -63.689403, -9.80371759999997 ], [ -63.6866775, -9.809076 ], [ -63.683911099999897, -9.81055269999996 ], [ -63.6806212, -9.81081569999998 ], [ -63.679287299999899, -9.81141619999994 ], [ -63.679378, -9.812954199999981 ], [ -63.6836049, -9.81799279999996 ], [ -63.6850714, -9.82072919999996 ], [ -63.686016499999901, -9.82412609999994 ], [ -63.686151799999898, -9.825940199999931 ], [ -63.685292699999899, -9.83298559999997 ], [ -63.745042199999901, -9.83313049999998 ], [ -63.7458351, -9.833118899999929 ], [ -63.7458864, -9.833118099999981 ], [ -63.7611176, -9.833148 ], [ -63.8383896, -9.833299899999931 ], [ -63.8408865, -9.83330419999993 ], [ -63.944982599999904, -9.83348449999994 ], [ -63.9656941, -9.83350939999997 ], [ -63.9671665, -9.833511199999981 ], [ -63.9700842, -9.83351189999996 ], [ -64.082501599999901, -9.83353809999994 ], [ -64.0854803, -9.83353879999993 ], [ -64.135794599999898, -9.83353879999993 ], [ -64.136554, -9.831130599999939 ], [ -64.139014, -9.829480199999979 ], [ -64.142261699999906, -9.82900479999995 ], [ -64.158860699999906, -9.82252879999993 ], [ -64.1616362, -9.823130099999959 ], [ -64.1676524, -9.82639869999997 ], [ -64.171823399999894, -9.82959879999993 ], [ -64.181522399999906, -9.838935499999931 ], [ -64.184802299999902, -9.841178199999939 ], [ -64.1874215, -9.841936 ], [ -64.1957272, -9.838006099999969 ], [ -64.19895, -9.83493169999997 ], [ -64.2020271, -9.833928199999949 ], [ -64.204494, -9.83468689999995 ], [ -64.208818699999895, -9.837795099999941 ], [ -64.216365799999906, -9.83770239999996 ], [ -64.218988099999905, -9.838762699999959 ], [ -64.2222436, -9.84441239999995 ], [ -64.2250258, -9.84738529999993 ], [ -64.226106199999904, -9.847839399999939 ], [ -64.2299558, -9.84721339999993 ], [ -64.2328729, -9.844525699999959 ], [ -64.2354887, -9.84405759999993 ], [ -64.2376402, -9.84244279999996 ], [ -64.242717099999894, -9.841048 ], [ -64.246407, -9.83942739999998 ], [ -64.248092799999895, -9.836975099999959 ], [ -64.2503991, -9.835589899999951 ], [ -64.2557824, -9.83396239999996 ], [ -64.2574708, -9.83227149999993 ], [ -64.260243199999906, -9.83188239999993 ], [ -64.2613575, -9.83389469999997 ], [ -64.2644126, -9.836753899999961 ], [ -64.2653496, -9.83872249999996 ], [ -64.2665767, -9.840019899999961 ], [ -64.268460699999906, -9.840945799999931 ], [ -64.272223999999895, -9.84132919999996 ], [ -64.2732624, -9.84207379999998 ], [ -64.275237, -9.84215989999996 ], [ -64.277327399999905, -9.839822 ], [ -64.2790841999999, -9.83985659999996 ], [ -64.279739699999894, -9.839292899999981 ], [ -64.279539499999899, -9.836212299999939 ], [ -64.2799132, -9.83518329999993 ], [ -64.2832867, -9.83362989999995 ], [ -64.2853527, -9.831942 ], [ -64.2882307, -9.830498699999961 ], [ -64.291887599999896, -9.82421089999997 ], [ -64.2933927, -9.819985 ], [ -64.2964158999999, -9.81729619999993 ], [ -64.3012459, -9.81817119999994 ], [ -64.302401599999897, -9.817943299999969 ], [ -64.3045883, -9.818955299999971 ], [ -64.305814499999897, -9.818823299999959 ], [ -64.307475199999899, -9.817656899999969 ], [ -64.3083258, -9.816274399999941 ], [ -64.309657199999904, -9.81411259999993 ], [ -64.311324699999901, -9.812637 ], [ -64.3101789, -9.815836 ], [ -64.3099996, -9.819607 ], [ -64.3089212, -9.82309429999998 ], [ -64.3039214, -9.82784329999993 ], [ -64.302006499999905, -9.83190779999995 ], [ -64.3018167, -9.83318689999993 ], [ -64.303424499999906, -9.83286169999997 ], [ -64.303942, -9.833339499999971 ], [ -64.303762499999905, -9.83672509999997 ], [ -64.301204, -9.838584499999969 ], [ -64.3003052, -9.84099 ], [ -64.2984559, -9.842545 ], [ -64.297751499999904, -9.84381639999998 ], [ -64.3001907, -9.845049499999959 ], [ -64.3020754, -9.847155799999941 ], [ -64.305547299999901, -9.848798599999951 ], [ -64.309217299999901, -9.84951909999995 ], [ -64.3121851, -9.85116979999998 ], [ -64.314124499999906, -9.85355929999997 ], [ -64.313941999999898, -9.855417799999939 ], [ -64.315621, -9.85828349999997 ], [ -64.318206099999898, -9.86066769999996 ], [ -64.3182049, -9.861502 ], [ -64.316412, -9.86252839999997 ], [ -64.316739299999895, -9.86342139999994 ], [ -64.3175757, -9.86405779999996 ], [ -64.3170023, -9.865433899999969 ], [ -64.317585699999896, -9.866264 ], [ -64.3232548, -9.868004799999939 ], [ -64.323255199999906, -9.869610199999951 ], [ -64.3199577, -9.876534699999979 ], [ -64.320139, -9.877309299999981 ], [ -64.323232899999894, -9.87857559999998 ], [ -64.3233769, -9.88224949999994 ], [ -64.3251792, -9.882561099999981 ], [ -64.327113499999896, -9.88370379999998 ], [ -64.3265461, -9.88642239999996 ], [ -64.324891, -9.88993789999995 ], [ -64.3247023, -9.892340599999949 ], [ -64.323549399999905, -9.893240099999961 ], [ -64.3234267, -9.894901699999931 ], [ -64.3225929, -9.895480799999969 ], [ -64.321239799999901, -9.895039099999959 ], [ -64.3197605, -9.89539719999993 ], [ -64.319314399999897, -9.896611 ], [ -64.319769699999895, -9.897825099999981 ], [ -64.3219622, -9.90055559999996 ], [ -64.3220305, -9.901561499999961 ], [ -64.320627199999905, -9.903028599999971 ], [ -64.3205043, -9.90398869999996 ], [ -64.3210827, -9.904624699999941 ], [ -64.3210797, -9.905627399999959 ], [ -64.3206464, -9.90629229999996 ], [ -64.3218122, -9.909638 ], [ -64.3226514, -9.91053059999996 ], [ -64.3225305, -9.911869899999941 ], [ -64.3232426, -9.91324449999996 ], [ -64.3223497, -9.915357799999979 ], [ -64.322872199999907, -9.91676129999996 ], [ -64.3225662, -9.920757 ], [ -64.3236687, -9.92330849999996 ], [ -64.3234882, -9.92599229999996 ], [ -64.327388299999896, -9.931376799999949 ], [ -64.3294923, -9.93089089999995 ], [ -64.330588, -9.93094929999995 ], [ -64.3314266, -9.931586299999941 ], [ -64.332144599999907, -9.934203599999931 ], [ -64.3315788, -9.937621299999931 ], [ -64.334751099999906, -9.942309799999981 ], [ -64.3330251, -9.944872299999931 ], [ -64.332454099999893, -9.947174399999939 ], [ -64.3338806, -9.94934279999995 ], [ -64.3340243, -9.953144899999931 ], [ -64.3350579, -9.954002 ], [ -64.3355783, -9.955534599999959 ], [ -64.336804899999905, -9.95623269999993 ], [ -64.340539299999904, -9.956345099999959 ], [ -64.3418917, -9.95675449999993 ], [ -64.3419575, -9.95758759999995 ], [ -64.3442921, -9.96121949999997 ], [ -64.3465712, -9.96788919999995 ], [ -64.3467734, -9.96999589999996 ], [ -64.3450424, -9.97153919999994 ], [ -64.3456283, -9.97323079999995 ], [ -64.343922, -9.97551769999995 ], [ -64.3458969, -9.976358399999979 ], [ -64.345455699999903, -9.978117899999971 ], [ -64.3474047, -9.98251909999993 ], [ -64.346958399999906, -9.983543299999949 ], [ -64.3437407, -9.983907899999959 ], [ -64.3440672, -9.98493069999995 ], [ -64.3458093, -9.986137299999941 ], [ -64.3463932, -9.987190599999961 ], [ -64.344269799999907, -9.990332599999929 ], [ -64.3406808, -9.991271299999941 ], [ -64.3399099, -9.991848699999929 ], [ -64.340085299999899, -9.992912599999951 ], [ -64.340515099999905, -9.993739099999971 ], [ -64.343068699999904, -9.995952 ], [ -64.3428299, -9.997301099999961 ], [ -64.3411699, -10.0003818 ], [ -64.573142199999893, -10.0004048 ], [ -64.5953097, -10.000399 ], [ -64.7051676, -10.000441599999901 ], [ -64.7972134, -10.0004349 ], [ -64.8704612, -10.0004296 ], [ -64.9078703, -10.0004269 ], [ -64.945966499999898, -10.0004109 ] ] ] ] } }
]
}
